Workbook

Sheet 中国_中债国债到期收益率_1年
A1: 日期 | B1: 中债国债到期收益率:1年 | C1: 中债国债到期收益率:5年 | D1: 中国:中债国债到期收益率:10年 | E1: 中债国债到期收益率:30年 | F1: 利率互换:FR007:1年 | G1: 利率互换:FR007:5年 | H1: FR007 | J1: 日期 | K1: Wind基金指数:短期纯债型基金 | L1: Wind基金指数:长期纯债型基金 | M1: Wind基金指数:债券型基金 | N1: 中证基金指数:债券基金 | O1: Wind基金指数:短期纯债型基金 | P1: Wind基金指数:长期纯债型基金 | Q1: Wind基金指数:债券型基金 | R1: 中证基金指数:债券基金 | S1: Short-Term Bond Fund Index | T1: Long-Term Bond Fund Index | U1: Compound Bond Fund Index | V1: Short-Term Bond Fund Index
A2: 44713 | B2: =[1]!WSD("S0059744,S0059747,S0059749,S0059752,M0048486,M0048490,M0017153","EDBclose","2022-06-01","","TradingCalendar=SSE","PriceAdj=F","rptType=1","ShowCodes=N","ShowParams=Y","cols=7;rows=663") -> Fetching... | C2: 2.5594 | D2: 2.7551 | E2: 3.2643 | F2: 2.0815 | G2: 2.5254 | H2: 1.64 | J2: 44713 | K2: =[1]!WSD("C8439326,M0062649,M0062646,M0062637","EDBclose","2022-06-01","","TradingCalendar=SSE","PriceAdj=F","rptType=1","ShowParams=Y","cols=4;rows=642") -> Fetching... | L2: 2292.1735 | M2: 2822.8553 | N2: 2994.1983
A3: 44714 | B3: 1.9564 | C3: 2.563 | D3: 2.7601 | E3: 3.2669 | F3: 2.0917 | G3: 2.5397 | H3: 1.65 | J3: 44714 | K3: 1710.1206 | L3: 2291.3609 | M3: 2822.9784 | N3: 2993.9984 | O3: =K3/$K$2-1 -> #VALUE! | P3: =L3/$L$2-1 -> -0.00035451069 | Q3: =M3/$M$2-1 -> 4.3608328e-05 | R3: =N3/$N$2-1 -> -6.6762445e-05 | S3: =(O3+1) -> #VALUE! | T3: =(P3+1) -> 0.99964549 | U3: =(Q3+1) -> 1.0000436 | V3: =(R3+1) -> 0.99993324
A4: 44718 | B4: 2.0199 | C4: 2.5994 | D4: 2.7776 | E4: 3.2745 | F4: 2.1125 | G4: 2.5583 | H4: 1.68 | J4: 44718 | K4: 1709.9695 | L4: 2290.4125 | M4: 2824.8586 | N4: 2995.3693 | O4: =K4/$K$2-1 -> #VALUE! | P4: =L4/$L$2-1 -> -0.00076826645 | Q4: =M4/$M$2-1 -> 0.00070967152 | R4: =N4/$N$2-1 -> 0.00039108966 | S4: =(O4+1) -> #VALUE! | T4: =(P4+1) -> 0.99923173 | U4: =(Q4+1) -> 1.0007097 | V4: =(R4+1) -> 1.0003911
A5: 44719 | B5: 2.018 | C5: 2.5842 | D5: 2.7576 | E5: 3.2671 | F5: 2.12 | G5: 2.5627 | H5: 1.65 | J5: 44719 | K5: 1709.6981 | L5: 2290.235 | M5: 2824.5791 | N5: 2995.1037 | O5: =K5/$K$2-1 -> #VALUE! | P5: =L5/$L$2-1 -> -0.00084570387 | Q5: =M5/$M$2-1 -> 0.00061065829 | R5: =N5/$N$2-1 -> 0.00030238478 | S5: =(O5+1) -> #VALUE! | T5: =(P5+1) -> 0.9991543 | U5: =(Q5+1) -> 1.0006107 | V5: =(R5+1) -> 1.0003024
A6: 44720 | B6: 2.0282 | C6: 2.585 | D6: 2.7661 | E6: 3.2746 | F6: 2.1052 | G6: 2.55 | H6: 1.65 | J6: 44720 | K6: 1709.7836 | L6: 2290.3662 | M6: 2825.413 | N6: 2996.0029 | O6: =K6/$K$2-1 -> #VALUE! | P6: =L6/$L$2-1 -> -0.00078846562 | Q6: =M6/$M$2-1 -> 0.00090606841 | R6: =N6/$N$2-1 -> 0.00060269889 | S6: =(O6+1) -> #VALUE! | T6: =(P6+1) -> 0.99921153 | U6: =(Q6+1) -> 1.0009061 | V6: =(R6+1) -> 1.0006027
A7: 44721 | B7: 2.0151 | C7: 2.5726 | D7: 2.7576 | E7: 3.2646 | F7: 2.0984 | G7: 2.5421 | H7: 1.65 | J7: 44721 | K7: 1709.9507 | L7: 2290.9022 | M7: 2824.6044 | N7: 2995.4486 | O7: =K7/$K$2-1 -> #VALUE! | P7: =L7/$L$2-1 -> -0.00055462643 | Q7: =M7/$M$2-1 -> 0.00061962085 | R7: =N7/$N$2-1 -> 0.00041757421 | S7: =(O7+1) -> #VALUE! | T7: =(P7+1) -> 0.99944537 | U7: =(Q7+1) -> 1.0006196 | V7: =(R7+1) -> 1.0004176
A8: 44722 | B8: 2.0051 | C8: 2.568 | D8: 2.7526 | E8: 3.2622 | F8: 2.0934 | G8: 2.5368 | H8: 1.62 | J8: 44722 | K8: 1710.1838 | L8: 2291.4577 | M8: 2827.9087 | N8: 2998.1991 | O8: =K8/$K$2-1 -> #VALUE! | P8: =L8/$L$2-1 -> -0.00031228003 | Q8: =M8/$M$2-1 -> 0.0017901732 | R8: =N8/$N$2-1 -> 0.001336184 | S8: =(O8+1) -> #VALUE! | T8: =(P8+1) -> 0.99968772 | U8: =(Q8+1) -> 1.0017902 | V8: =(R8+1) -> 1.0013362
A9: 44725 | B9: 2.0026 | C9: 2.5899 | D9: 2.7652 | E9: 3.2698 | F9: 2.1035 | G9: 2.5507 | H9: 1.65 | J9: 44725 | K9: 1710.4629 | L9: 2291.6915 | M9: 2827.4758 | N9: 2997.6274 | O9: =K9/$K$2-1 -> #VALUE! | P9: =L9/$L$2-1 -> -0.00021028077 | Q9: =M9/$M$2-1 -> 0.0016368179 | R9: =N9/$N$2-1 -> 0.0011452481 | S9: =(O9+1) -> #VALUE! | T9: =(P9+1) -> 0.99978972 | U9: =(Q9+1) -> 1.0016368 | V9: =(R9+1) -> 1.0011452
A10: 44726 | B10: 2.0176 | C10: 2.5952 | D10: 2.7702 | E10: 3.2698 | F10: 2.1193 | G10: 2.5675 | H10: 1.63 | J10: 44726 | K10: 1710.5377 | L10: 2291.7149 | M10: 2827.687 | N10: 2998.1169 | O10: =K10/$K$2-1 -> #VALUE! | P10: =L10/$L$2-1 -> -0.00020007211 | Q10: =M10/$M$2-1 -> 0.0017116357 | R10: =N10/$N$2-1 -> 0.001308731 | S10: =(O10+1) -> #VALUE! | T10: =(P10+1) -> 0.99979993 | U10: =(Q10+1) -> 1.0017116 | V10: =(R10+1) -> 1.0013087
A11: 44727 | B11: 2.036 | C11: 2.6112 | D11: 2.7827 | E11: 3.2722 | F11: 2.127 | G11: 2.5755 | H11: 1.63 | J11: 44727 | K11: 1710.6381 | L11: 2291.7655 | M11: 2828.9152 | N11: 2999.2226 | O11: =K11/$K$2-1 -> #VALUE! | P11: =L11/$L$2-1 -> -0.000177997 | Q11: =M11/$M$2-1 -> 0.0021467271 | R11: =N11/$N$2-1 -> 0.0016780118 | S11: =(O11+1) -> #VALUE! | T11: =(P11+1) -> 0.999822 | U11: =(Q11+1) -> 1.0021467 | V11: =(R11+1) -> 1.001678
A12: 44728 | B12: 2.0352 | C12: 2.5936 | D12: 2.7728 | E12: 3.2623 | F12: 2.1182 | G12: 2.5698 | H12: 1.65 | J12: 44728 | K12: 1710.8593 | L12: 2292.2632 | M12: 2831.3479 | N12: 2999.5546 | O12: =K12/$K$2-1 -> #VALUE! | P12: =L12/$L$2-1 -> 3.9133163e-05 | Q12: =M12/$M$2-1 -> 0.0030085141 | R12: =N12/$N$2-1 -> 0.0017888929 | S12: =(O12+1) -> #VALUE! | T12: =(P12+1) -> 1.0000391 | U12: =(Q12+1) -> 1.0030085 | V12: =(R12+1) -> 1.0017889
A13: 44729 | B13: 2.0102 | C13: 2.5944 | D13: 2.7752 | E13: 3.2598 | F13: 2.1058 | G13: 2.5594 | H13: 1.7 | J13: 44729 | K13: 1711.2067 | L13: 2293.2532 | M13: 2834.2881 | N13: 3002.0181 | O13: =K13/$K$2-1 -> #VALUE! | P13: =L13/$L$2-1 -> 0.00047103764 | Q13: =M13/$M$2-1 -> 0.0040500836 | R13: =N13/$N$2-1 -> 0.0026116507 | S13: =(O13+1) -> #VALUE! | T13: =(P13+1) -> 1.000471 | U13: =(Q13+1) -> 1.0040501 | V13: =(R13+1) -> 1.0026117
A14: 44732 | B14: 2.0056 | C14: 2.6163 | D14: 2.7853 | E14: 3.2674 | F14: 2.1311 | G14: 2.5829 | H14: 1.7 | J14: 44732 | K14: 1711.4367 | L14: 2293.295 | M14: 2834.7104 | N14: 3002.3644 | O14: =K14/$K$2-1 -> #VALUE! | P14: =L14/$L$2-1 -> 0.00048927361 | Q14: =M14/$M$2-1 -> 0.0041996839 | R14: =N14/$N$2-1 -> 0.0027273077 | S14: =(O14+1) -> #VALUE! | T14: =(P14+1) -> 1.0004893 | U14: =(Q14+1) -> 1.0041997 | V14: =(R14+1) -> 1.0027273
... A144: 44918 | B144: 2.2269 | C144: 2.6062 | D144: 2.8251 | E144: 3.2152 | F144: 2.1688 | G144: 2.7376 | H144: 1.8 | J144: 44922 | K144: 1722.841 | L144: 2308.5118 | M144: 2834.6268 | N144: 3007.852 | O144: =K144/$K$2-1 -> #VALUE! | P144: =L144/$L$2-1 -> 0.0071278636 | Q144: =M144/$M$2-1 -> 0.0041700685 | R144: =N144/$N$2-1 -> 0.004560052 | S144: =(O144+1) -> #VALUE! | T144: =(P144+1) -> 1.0071279 | U144: =(Q144+1) -> 1.0041701 | V144: =(R144+1) -> 1.0045601
A145: 44921 | B145: 2.2469 | C145: 2.6276 | D145: 2.8378 | E145: 3.2202 | H145: 2.0558 | J145: 44923 | K145: 1723.1405 | L145: 2309.0169 | M145: 2834.2824 | N145: 3007.7438 | O145: =K145/$K$2-1 -> #VALUE! | P145: =L145/$L$2-1 -> 0.0073482221 | Q145: =M145/$M$2-1 -> 0.0040480644 | R145: =N145/$N$2-1 -> 0.0045239155 | S145: =(O145+1) -> #VALUE! | T145: =(P145+1) -> 1.0073482 | U145: =(Q145+1) -> 1.0040481 | V145: =(R145+1) -> 1.0045239
A146: 44922 | B146: 2.2469 | C146: 2.6703 | D146: 2.8657 | E146: 3.2175 | F146: 2.2315 | G146: 2.7833 | H146: 5 | J146: 44924 | K146: 1723.7989 | L146: 2310.3846 | M146: 2835.0573 | N146: 3008.5997 | O146: =K146/$K$2-1 -> #VALUE! | P146: =L146/$L$2-1 -> 0.0079449047 | Q146: =M146/$M$2-1 -> 0.0043225737 | R146: =N146/$N$2-1 -> 0.0048097683 | S146: =(O146+1) -> #VALUE! | T146: =(P146+1) -> 1.0079449 | U146: =(Q146+1) -> 1.0043226 | V146: =(R146+1) -> 1.0048098
A147: 44923 | B147: 2.2369 | C147: 2.6704 | D147: 2.8503 | E147: 3.2127 | F147: 2.2309 | G147: 2.7813 | H147: 4.8 | J147: 44925 | K147: 1724.4299 | L147: 2311.8141 | M147: 2836.8269 | N147: 3010.5565 | O147: =K147/$K$2-1 -> #VALUE! | P147: =L147/$L$2-1 -> 0.0085685486 | Q147: =M147/$M$2-1 -> 0.0049494567 | R147: =N147/$N$2-1 -> 0.0054632988 | S147: =(O147+1) -> #VALUE! | T147: =(P147+1) -> 1.0085685 | U147: =(Q147+1) -> 1.0049495 | V147: =(R147+1) -> 1.0054633
A148: 44924 | B148: 2.1669 | C148: 2.6382 | D148: 2.8376 | E148: 3.1926 | F148: 2.2007 | G148: 2.7574 | H148: 3.5 | J148: 44929 | K148: 1725.4384 | L148: 2313.2716 | M148: 2840.3219 | N148: 3013.691 | S148: =(O148+1) -> 1 | T148: =(P148+1) -> 1 | U148: =(Q148+1) -> 1 | V148: =(R148+1) -> 1
A149: 44925 | B149: 2.0969 | C149: 2.6446 | D149: 2.8353 | E149: 3.1952 | F149: 2.1801 | G149: 2.759 | H149: 3 | J149: 44930 | K149: 1726.2178 | L149: 2314.6425 | M149: 2842.4883 | N149: 3016.0183 | O149: =K149/$K$148-1 -> 0.00045171129 | P149: =L149/$L$148-1 -> 0.00059262388 | Q149: =M149/$M$148-1 -> 0.00076273045 | R149: =N149/$N$148-1 -> 0.00077224241 | S149: =(O149+1) -> 1.0004517 | T149: =(P149+1) -> 1.0005926 | U149: =(Q149+1) -> 1.0007627 | V149: =(R149+1) -> 1.0007722
A150: 44926 | B150: 2.0969 | C150: 2.6446 | D150: 2.8353 | E150: 3.1952 | J150: 44931 | K150: 1726.6447 | L150: 2315.0324 | M150: 2845.7135 | N150: 3018.7155 | O150: =K150/$K$148-1 -> 0.00069912667 | P150: =L150/$L$148-1 -> 0.00076117305 | Q150: =M150/$M$148-1 -> 0.0018982355 | R150: =N150/$N$148-1 -> 0.0016672247 | S150: =(O150+1) -> 1.0006991 | T150: =(P150+1) -> 1.0007612 | U150: =(Q150+1) -> 1.0018982 | V150: =(R150+1) -> 1.0016672
A151: 44929 | B151: 2.112 | C151: 2.6298 | D151: 2.8228 | E151: 3.193 | F151: 2.1752 | G151: 2.7651 | H151: 1.9243 | J151: 44932 | K151: 1726.5932 | L151: 2314.7103 | M151: 2846.4189 | N151: 3018.751 | O151: =K151/$K$148-1 -> 0.00066927918 | P151: =L151/$L$148-1 -> 0.00062193302 | Q151: =M151/$M$148-1 -> 0.0021465877 | R151: =N151/$N$148-1 -> 0.0016790043 | S151: =(O151+1) -> 1.0006693 | T151: =(P151+1) -> 1.0006219 | U151: =(Q151+1) -> 1.0021466 | V151: =(R151+1) -> 1.001679
A152: 44930 | B152: 2.067 | C152: 2.6071 | D152: 2.8103 | E152: 3.1931 | F152: 2.1469 | G152: 2.7342 | H152: 1.7 | J152: 44935 | K152: 1726.9309 | L152: 2314.6985 | M152: 2847.2474 | N152: 3019.522 | O152: =K152/$K$148-1 -> 0.00086499756 | P152: =L152/$L$148-1 -> 0.00061683202 | Q152: =M152/$M$148-1 -> 0.00243828 | R152: =N152/$N$148-1 -> 0.0019348367 | S152: =(O152+1) -> 1.000865 | T152: =(P152+1) -> 1.0006168 | U152: =(Q152+1) -> 1.0024383 | V152: =(R152+1) -> 1.0019348
A153: 44931 | B153: 2.082 | C153: 2.625 | D153: 2.8304 | E153: 3.2056 | F153: 2.144 | G153: 2.7366 | H153: 1.7 | J153: 44936 | K153: 1726.5686 | L153: 2313.2849 | M153: 2845.4037 | N153: 3017.4835 | O153: =K153/$K$148-1 -> 0.00065502194 | P153: =L153/$L$148-1 -> 5.749433e-06 | Q153: =M153/$M$148-1 -> 0.0017891634 | R153: =N153/$N$148-1 -> 0.0012584236 | S153: =(O153+1) -> 1.000655 | T153: =(P153+1) -> 1.0000057 | U153: =(Q153+1) -> 1.0017892 | V153: =(R153+1) -> 1.0012584
A154: 44932 | B154: 2.097 | C154: 2.6495 | D154: 2.8328 | E154: 3.2106 | F154: 2.1611 | G154: 2.7604 | H154: 1.75 | J154: 44937 | K154: 1726.5282 | L154: 2313.3121 | M154: 2844.8369 | N154: 3017.1255 | O154: =K154/$K$148-1 -> 0.0006316076 | P154: =L154/$L$148-1 -> 1.7507672e-05 | Q154: =M154/$M$148-1 -> 0.0015896086 | R154: =N154/$N$148-1 -> 0.0011396324 | S154: =(O154+1) -> 1.0006316 | T154: =(P154+1) -> 1.0000175 | U154: =(Q154+1) -> 1.0015896 | V154: =(R154+1) -> 1.0011396
A155: 44935 | B155: 2.0996 | C155: 2.6649 | D155: 2.8428 | E155: 3.2156 | F155: 2.1796 | G155: 2.7701 | H155: 1.85 | J155: 44938 | K155: 1726.8308 | L155: 2313.6384 | M155: 2845.4832 | N155: 3017.6158 | O155: =K155/$K$148-1 -> 0.00080698332 | P155: =L155/$L$148-1 -> 0.00015856331 | Q155: =M155/$M$148-1 -> 0.0018171532 | R155: =N155/$N$148-1 -> 0.0013023233 | S155: =(O155+1) -> 1.000807 | T155: =(P155+1) -> 1.0001586 | U155: =(Q155+1) -> 1.0018172 | V155: =(R155+1) -> 1.0013023
A156: 44936 | B156: 2.122 | C156: 2.7104 | D156: 2.8602 | E156: 3.2331 | F156: 2.2331 | G156: 2.8136 | H156: 1.98 | J156: 44939 | K156: 1726.9672 | L156: 2313.4236 | M156: 2846.2115 | N156: 3018.338 | O156: =K156/$K$148-1 -> 0.00088603569 | P156: =L156/$L$148-1 -> 6.5707805e-05 | Q156: =M156/$M$148-1 -> 0.0020735678 | R156: =N156/$N$148-1 -> 0.001541963 | S156: =(O156+1) -> 1.000886 | T156: =(P156+1) -> 1.0000657 | U156: =(Q156+1) -> 1.0020736 | V156: =(R156+1) -> 1.001542
A157: 44937 | B157: 2.127 | C157: 2.6989 | D157: 2.8603 | E157: 3.2331 | F157: 2.2547 | G157: 2.8284 | H157: 2.3 | J157: 44942 | K157: 1726.9743 | L157: 2312.5787 | M157: 2847.5417 | N157: 3018.9765 | O157: =K157/$K$148-1 -> 0.00089015058 | P157: =L157/$L$148-1 -> -0.00029953249 | Q157: =M157/$M$148-1 -> 0.002541895 | R157: =N157/$N$148-1 -> 0.0017538294 | S157: =(O157+1) -> 1.0008902 | T157: =(P157+1) -> 0.99970047 | U157: =(Q157+1) -> 1.0025419 | V157: =(R157+1) -> 1.0017538
A158: 44938 | B158: 2.097 | C158: 2.6974 | D158: 2.8778 | E158: 3.2378 | F158: 2.2357 | G158: 2.8169 | H158: 2.2 | J158: 44943 | K158: 1727.078 | L158: 2312.79 | M158: 2848.5809 | N158: 3019.5953 | O158: =K158/$K$148-1 -> 0.00095025125 | P158: =L158/$L$148-1 -> -0.00020818999 | Q158: =M158/$M$148-1 -> 0.002907769 | R158: =N158/$N$148-1 -> 0.0019591591 | S158: =(O158+1) -> 1.0009503 | T158: =(P158+1) -> 0.99979181 | U158: =(Q158+1) -> 1.0029078 | V158: =(R158+1) -> 1.0019592
A159: 44939 | B159: 2.097 | C159: 2.7096 | D159: 2.901 | E159: 3.2476 | F159: 2.2449 | G159: 2.8414 | H159: 1.95 | J159: 44944 | K159: 1727.3637 | L159: 2312.9364 | M159: 2849.3144 | N159: 3020.1327 | O159: =K159/$K$148-1 -> 0.0011158324 | P159: =L159/$L$148-1 -> -0.000144903 | Q159: =M159/$M$148-1 -> 0.0031660144 | R159: =N159/$N$148-1 -> 0.0021374786 | S159: =(O159+1) -> 1.0011158 | T159: =(P159+1) -> 0.9998551 | U159: =(Q159+1) -> 1.003166 | V159: =(R159+1) -> 1.0021375
A160: 44942 | B160: 2.127 | C160: 2.7571 | D160: 2.9167 | E160: 3.2677 | F160: 2.2877 | G160: 2.8972 | H160: 2.15 | J160: 44945 | K160: 1727.5927 | L160: 2313.2007 | M160: 2850.7141 | N160: 3021.7984 | O160: =K160/$K$148-1 -> 0.0012485523 | P160: =L160/$L$148-1 -> -3.0649233e-05 | Q160: =M160/$M$148-1 -> 0.0036588106 | R160: =N160/$N$148-1 -> 0.0026901895 | S160: =(O160+1) -> 1.0012486 | T160: =(P160+1) -> 0.99996935 | U160: =(Q160+1) -> 1.0036588 | V160: =(R160+1) -> 1.0026902
A161: 44943 | B161: 2.127 | C161: 2.7346 | D161: 2.9017 | E161: 3.2531 | F161: 2.297 | G161: 2.8954 | H161: 2.6 | J161: 44946 | K161: 1727.9404 | L161: 2313.6147 | M161: 2852.8183 | N161: 3023.4842 | O161: =K161/$K$148-1 -> 0.0014500663 | P161: =L161/$L$148-1 -> 0.00014831808 | Q161: =M161/$M$148-1 -> 0.0043996422 | R161: =N161/$N$148-1 -> 0.00324957 | S161: =(O161+1) -> 1.0014501 | T161: =(P161+1) -> 1.0001483 | U161: =(Q161+1) -> 1.0043996 | V161: =(R161+1) -> 1.0032496
A162: 44944 | B162: 2.1615 | C162: 2.7257 | D162: 2.9222 | E162: 3.2754 | F162: 2.2933 | G162: 2.8874 | H162: 2.6 | J162: 44956 | K162: 1729.3595 | L162: 2315.1651 | M162: 2855.2599 | N162: 3025.7128 | O162: =K162/$K$148-1 -> 0.0022725239 | P162: =L162/$L$148-1 -> 0.00081853769 | Q162: =M162/$M$148-1 -> 0.005259263 | R162: =N162/$N$148-1 -> 0.0039890619 | S162: =(O162+1) -> 1.0022725 | T162: =(P162+1) -> 1.0008185 | U162: =(Q162+1) -> 1.0052593 | V162: =(R162+1) -> 1.0039891
... A164: 44946 | B164: 2.1648 | C164: 2.7288 | D164: 2.9331 | E164: 3.2779 | F164: 2.2937 | G164: 2.9066 | H164: 2 | J164: 44958 | K164: 1729.7074 | L164: 2315.6508 | M164: 2856.6913 | N164: 3026.8328 | O164: =K164/$K$148-1 -> 0.0024741538 | P164: =L164/$L$148-1 -> 0.0010285001 | Q164: =M164/$M$148-1 -> 0.00576322 | R164: =N164/$N$148-1 -> 0.0043606992 | S164: =(O164+1) -> 1.0024742 | T164: =(P164+1) -> 1.0010285 | U164: =(Q164+1) -> 1.0057632 | V164: =(R164+1) -> 1.0043607
A165: 44954 | B165: 2.1496 | C165: 2.7283 | D165: 2.9341 | E165: 3.283 | G165: 2.9434 | H165: 1.95 | J165: 44959 | K165: 1730.0096 | L165: 2316.3515 | M165: 2857.7854 | N165: 3027.9637 | O165: =K165/$K$148-1 -> 0.0026492977 | P165: =L165/$L$148-1 -> 0.0013314044 | Q165: =M165/$M$148-1 -> 0.0061484228 | R165: =N165/$N$148-1 -> 0.0047359534 | S165: =(O165+1) -> 1.0026493 | T165: =(P165+1) -> 1.0013314 | U165: =(Q165+1) -> 1.0061484 | V165: =(R165+1) -> 1.004736
A166: 44955 | B166: 2.1519 | C166: 2.7225 | D166: 2.9219 | E166: 3.2805 | H166: 1.854 | J166: 44960 | K166: 1730.4285 | L166: 2317.7603 | M166: 2858.0001 | N166: 3029.016 | O166: =K166/$K$148-1 -> 0.0028920766 | P166: =L166/$L$148-1 -> 0.001940412 | Q166: =M166/$M$148-1 -> 0.0062240128 | R166: =N166/$N$148-1 -> 0.0050851265 | S166: =(O166+1) -> 1.0028921 | T166: =(P166+1) -> 1.0019404 | U166: =(Q166+1) -> 1.006224 | V166: =(R166+1) -> 1.0050851
A167: 44956 | B167: 2.176 | C167: 2.7238 | D167: 2.9133 | E167: 3.2782 | F167: 2.3007 | G167: 2.9292 | H167: 2.14 | J167: 44963 | K167: 1730.8446 | L167: 2318.1894 | M167: 2856.0628 | N167: 3027.9664 | O167: =K167/$K$148-1 -> 0.0031332327 | P167: =L167/$L$148-1 -> 0.0021259069 | Q167: =M167/$M$148-1 -> 0.0055419423 | R167: =N167/$N$148-1 -> 0.0047368493 | S167: =(O167+1) -> 1.0031332 | T167: =(P167+1) -> 1.0021259 | U167: =(Q167+1) -> 1.0055419 | V167: =(R167+1) -> 1.0047368
A168: 44957 | B168: 2.1535 | C168: 2.7039 | D168: 2.8977 | E168: 3.2793 | F168: 2.2868 | G168: 2.9067 | H168: 2.2 | J168: 44964 | K168: 1730.975 | L168: 2318.3311 | M168: 2856.834 | N168: 3028.6115 | O168: =K168/$K$148-1 -> 0.0032088077 | P168: =L168/$L$148-1 -> 0.0021871621 | Q168: =M168/$M$148-1 -> 0.0058134608 | R168: =N168/$N$148-1 -> 0.0049509057 | S168: =(O168+1) -> 1.0032088 | T168: =(P168+1) -> 1.0021872 | U168: =(Q168+1) -> 1.0058135 | V168: =(R168+1) -> 1.0049509
A169: 44958 | B169: 2.1631 | C169: 2.7091 | D169: 2.9101 | E169: 3.2889 | F169: 2.2814 | G169: 2.9032 | H169: 2.05 | J169: 44965 | K169: 1731.1774 | L169: 2318.6648 | M169: 2856.3797 | N169: 3028.513 | O169: =K169/$K$148-1 -> 0.0033261112 | P169: =L169/$L$148-1 -> 0.0023314167 | Q169: =M169/$M$148-1 -> 0.0056535141 | R169: =N169/$N$148-1 -> 0.0049182215 | S169: =(O169+1) -> 1.0033261 | T169: =(P169+1) -> 1.0023314 | U169: =(Q169+1) -> 1.0056535 | V169: =(R169+1) -> 1.0049182
A170: 44959 | B170: 2.1507 | C170: 2.6945 | D170: 2.897 | E170: 3.2853 | F170: 2.266 | G170: 2.8845 | H170: 2.05 | J170: 44966 | K170: 1731.4448 | L170: 2319.2443 | M170: 2859.4268 | N170: 3031.0566 | O170: =K170/$K$148-1 -> 0.0034810863 | P170: =L170/$L$148-1 -> 0.0025819277 | Q170: =M170/$M$148-1 -> 0.0067263151 | R170: =N170/$N$148-1 -> 0.0057622364 | S170: =(O170+1) -> 1.0034811 | T170: =(P170+1) -> 1.0025819 | U170: =(Q170+1) -> 1.0067263 | V170: =(R170+1) -> 1.0057622
A171: 44960 | B171: 2.1504 | C171: 2.6921 | D171: 2.8943 | E171: 3.283 | F171: 2.2525 | G171: 2.8571 | H171: 1.9 | J171: 44967 | K171: 1731.7574 | L171: 2320.1047 | M171: 2859.4325 | N171: 3031.4602 | O171: =K171/$K$148-1 -> 0.0036622577 | P171: =L171/$L$148-1 -> 0.0029538685 | Q171: =M171/$M$148-1 -> 0.0067283219 | R171: =N171/$N$148-1 -> 0.0058961586 | S171: =(O171+1) -> 1.0036623 | T171: =(P171+1) -> 1.0029539 | U171: =(Q171+1) -> 1.0067283 | V171: =(R171+1) -> 1.0058962
A172: 44963 | B172: 2.1581 | C172: 2.7054 | D172: 2.9017 | E172: 3.2879 | F172: 2.2653 | G172: 2.8654 | H172: 2.03 | J172: 44970 | K172: 1732.3102 | L172: 2320.8241 | M172: 2861.3828 | N172: 3033.1201 | O172: =K172/$K$148-1 -> 0.00398264 | P172: =L172/$L$148-1 -> 0.0032648566 | Q172: =M172/$M$148-1 -> 0.0074149694 | R172: =N172/$N$148-1 -> 0.006446945 | S172: =(O172+1) -> 1.0039826 | T172: =(P172+1) -> 1.0032649 | U172: =(Q172+1) -> 1.007415 | V172: =(R172+1) -> 1.0064469
A173: 44964 | B173: 2.163 | C173: 2.6983 | D173: 2.8964 | E173: 3.2827 | F173: 2.2894 | G173: 2.8793 | H173: 2.3 | J173: 44971 | K173: 1732.5755 | L173: 2321.175 | M173: 2861.7295 | N173: 3033.6324 | O173: =K173/$K$148-1 -> 0.004136398 | P173: =L173/$L$148-1 -> 0.0034165465 | Q173: =M173/$M$148-1 -> 0.007537033 | R173: =N173/$N$148-1 -> 0.0066169358 | S173: =(O173+1) -> 1.0041364 | T173: =(P173+1) -> 1.0034165 | U173: =(Q173+1) -> 1.007537 | V173: =(R173+1) -> 1.0066169
A174: 44965 | B174: 2.1617 | C174: 2.703 | D174: 2.8973 | E174: 3.2808 | F174: 2.2994 | G174: 2.8748 | H174: 2.45 | J174: 44972 | K174: 1732.7878 | L174: 2321.4436 | M174: 2861.0812 | N174: 3033.2551 | O174: =K174/$K$148-1 -> 0.0042594392 | P174: =L174/$L$148-1 -> 0.0035326591 | Q174: =M174/$M$148-1 -> 0.0073087843 | R174: =N174/$N$148-1 -> 0.0064917405 | S174: =(O174+1) -> 1.0042594 | T174: =(P174+1) -> 1.0035327 | U174: =(Q174+1) -> 1.0073088 | V174: =(R174+1) -> 1.0064917
A175: 44966 | B175: 2.1673 | C175: 2.6959 | D175: 2.8912 | E175: 3.2784 | F175: 2.2948 | G175: 2.874 | H175: 2.4 | J175: 44973 | K175: 1733.1495 | L175: 2321.9667 | M175: 2859.4711 | N175: 3032.4829 | O175: =K175/$K$148-1 -> 0.0044690671 | P175: =L175/$L$148-1 -> 0.0037587891 | Q175: =M175/$M$148-1 -> 0.0067419119 | R175: =N175/$N$148-1 -> 0.0062355099 | S175: =(O175+1) -> 1.0044691 | T175: =(P175+1) -> 1.0037588 | U175: =(Q175+1) -> 1.0067419 | V175: =(R175+1) -> 1.0062355
A176: 44967 | B176: 2.1682 | C176: 2.6961 | D176: 2.9003 | E176: 3.2857 | F176: 2.2805 | G176: 2.8666 | H176: 2.08 | J176: 44974 | K176: 1733.331 | L176: 2322.5881 | M176: 2857.6412 | N176: 3031.6888 | O176: =K176/$K$148-1 -> 0.0045742578 | P176: =L176/$L$148-1 -> 0.004027413 | Q176: =M176/$M$148-1 -> 0.0060976539 | R176: =N176/$N$148-1 -> 0.0059720124 | S176: =(O176+1) -> 1.0045743 | T176: =(P176+1) -> 1.0040274 | U176: =(Q176+1) -> 1.0060977 | V176: =(R176+1) -> 1.005972
A177: 44970 | B177: 2.1734 | C177: 2.6967 | D177: 2.8943 | E177: 3.2829 | F177: 2.2771 | G177: 2.8551 | H177: 2 | J177: 44977 | K177: 1733.415 | L177: 2321.9064 | M177: 2860.0709 | N177: 3033.2546 | O177: =K177/$K$148-1 -> 0.004622941 | P177: =L177/$L$148-1 -> 0.0037327221 | Q177: =M177/$M$148-1 -> 0.0069530851 | R177: =N177/$N$148-1 -> 0.0064915746 | S177: =(O177+1) -> 1.0046229 | T177: =(P177+1) -> 1.0037327 | U177: =(Q177+1) -> 1.0069531 | V177: =(R177+1) -> 1.0064916
A178: 44971 | B178: 2.1781 | C178: 2.695 | D178: 2.8914 | E178: 3.281 | F178: 2.2895 | G178: 2.8551 | H178: 2.13 | J178: 44978 | K178: 1733.2599 | L178: 2321.3856 | M178: 2860.0391 | N178: 3033.0027 | O178: =K178/$K$148-1 -> 0.0045330508 | P178: =L178/$L$148-1 -> 0.0035075864 | Q178: =M178/$M$148-1 -> 0.0069418892 | R178: =N178/$N$148-1 -> 0.0064079894 | S178: =(O178+1) -> 1.0045331 | T178: =(P178+1) -> 1.0035076 | U178: =(Q178+1) -> 1.0069419 | V178: =(R178+1) -> 1.006408
... A225: 45037 | B225: 2.1894 | C225: 2.669 | D225: 2.8258 | E225: 3.1726 | F225: 2.387 | G225: 2.8434 | H225: 2.5 | J225: 45044 | K225: 1746.1544 | L225: 2342.464 | M225: 2879.5962 | N225: 3054.0714 | O225: =K225/$K$148-1 -> 0.012006224 | P225: =L225/$L$148-1 -> 0.01261953 | Q225: =M225/$M$148-1 -> 0.013827412 | R225: =N225/$N$148-1 -> 0.013398985 | S225: =(O225+1) -> 1.0120062 | T225: =(P225+1) -> 1.0126195 | U225: =(Q225+1) -> 1.0138274 | V225: =(R225+1) -> 1.013399
A226: 45039 | B226: 2.1906 | C226: 2.6682 | D226: 2.822 | E226: 3.1715 | F226: 2.37 | H226: 2.1 | J226: 45050 | K226: 1747.2104 | L226: 2344.0035 | M226: 2881.2518 | N226: 3055.7987 | O226: =K226/$K$148-1 -> 0.012618242 | P226: =L226/$L$148-1 -> 0.013285038 | Q226: =M226/$M$148-1 -> 0.014410303 | R226: =N226/$N$148-1 -> 0.013972136 | S226: =(O226+1) -> 1.0126182 | T226: =(P226+1) -> 1.013285 | U226: =(Q226+1) -> 1.0144103 | V226: =(R226+1) -> 1.0139721
A227: 45040 | B227: 2.1855 | C227: 2.6632 | D227: 2.8176 | E227: 3.1608 | F227: 2.3791 | G227: 2.8272 | H227: 2.55 | J227: 45051 | K227: 1747.846 | L227: 2345.6661 | M227: 2881.3086 | N227: 3056.6908 | O227: =K227/$K$148-1 -> 0.012986613 | P227: =L227/$L$148-1 -> 0.01400376 | Q227: =M227/$M$148-1 -> 0.014430301 | R227: =N227/$N$148-1 -> 0.014268152 | S227: =(O227+1) -> 1.0129866 | T227: =(P227+1) -> 1.0140038 | U227: =(Q227+1) -> 1.0144303 | V227: =(R227+1) -> 1.0142682
A228: 45041 | B228: 2.1754 | C228: 2.6599 | D228: 2.8157 | E228: 3.1584 | F228: 2.3815 | G228: 2.8264 | H228: 2.6 | J228: 45054 | K228: 1748.2448 | L228: 2345.7921 | M228: 2882.9891 | N228: 3058.0136 | O228: =K228/$K$148-1 -> 0.013217742 | P228: =L228/$L$148-1 -> 0.014058228 | Q228: =M228/$M$148-1 -> 0.015021959 | R228: =N228/$N$148-1 -> 0.014707082 | S228: =(O228+1) -> 1.0132177 | T228: =(P228+1) -> 1.0140582 | U228: =(Q228+1) -> 1.015022 | V228: =(R228+1) -> 1.0147071
A229: 45042 | B229: 2.1727 | C229: 2.6375 | D229: 2.8058 | E229: 3.1574 | F229: 2.3632 | G229: 2.8108 | H229: 2.5 | J229: 45055 | K229: 1748.5733 | L229: 2346.3239 | M229: 2881.9313 | N229: 3057.476 | O229: =K229/$K$148-1 -> 0.013408129 | P229: =L229/$L$148-1 -> 0.014288119 | Q229: =M229/$M$148-1 -> 0.014649537 | R229: =N229/$N$148-1 -> 0.014528696 | S229: =(O229+1) -> 1.0134081 | T229: =(P229+1) -> 1.0142881 | U229: =(Q229+1) -> 1.0146495 | V229: =(R229+1) -> 1.0145287
A230: 45043 | B230: 2.156 | C230: 2.6152 | D230: 2.7852 | E230: 3.1379 | F230: 2.3338 | G230: 2.7755 | H230: 2.5 | J230: 45056 | K230: 1749.0486 | L230: 2347.2698 | M230: 2882.0064 | N230: 3058.0395 | O230: =K230/$K$148-1 -> 0.013683595 | P230: =L230/$L$148-1 -> 0.01469702 | Q230: =M230/$M$148-1 -> 0.014675977 | R230: =N230/$N$148-1 -> 0.014715676 | S230: =(O230+1) -> 1.0136836 | T230: =(P230+1) -> 1.014697 | U230: =(Q230+1) -> 1.014676 | V230: =(R230+1) -> 1.0147157
A231: 45044 | B231: 2.1464 | C231: 2.613 | D231: 2.7788 | E231: 3.1355 | F231: 2.3372 | G231: 2.7793 | H231: 2.4 | J231: 45057 | K231: 1749.6668 | L231: 2348.4791 | M231: 2883.5354 | N231: 3059.5047 | O231: =K231/$K$148-1 -> 0.014041881 | P231: =L231/$L$148-1 -> 0.015219787 | Q231: =M231/$M$148-1 -> 0.015214297 | R231: =N231/$N$148-1 -> 0.015201857 | S231: =(O231+1) -> 1.0140419 | T231: =(P231+1) -> 1.0152198 | U231: =(Q231+1) -> 1.0152143 | V231: =(R231+1) -> 1.0152019
A232: 45050 | B232: 2.1362 | C232: 2.5968 | D232: 2.7613 | E232: 3.1182 | F232: 2.3003 | G232: 2.7403 | H232: 2.0145 | J232: 45058 | K232: 1749.9064 | L232: 2349.0321 | M232: 2881.2381 | N232: 3058.1092 | O232: =K232/$K$148-1 -> 0.014180744 | P232: =L232/$L$148-1 -> 0.015458842 | Q232: =M232/$M$148-1 -> 0.01440548 | R232: =N232/$N$148-1 -> 0.014738804 | S232: =(O232+1) -> 1.0141807 | T232: =(P232+1) -> 1.0154588 | U232: =(Q232+1) -> 1.0144055 | V232: =(R232+1) -> 1.0147388
A233: 45051 | B233: 2.1266 | C233: 2.5645 | D233: 2.7338 | E233: 3.0831 | F233: 2.2637 | G233: 2.7107 | H233: 1.95 | J233: 45061 | K233: 1750.2251 | L233: 2349.1008 | M233: 2883.1275 | N233: 3059.4576 | O233: =K233/$K$148-1 -> 0.014365451 | P233: =L233/$L$148-1 -> 0.01548854 | Q233: =M233/$M$148-1 -> 0.015070686 | R233: =N233/$N$148-1 -> 0.015186228 | S233: =(O233+1) -> 1.0143655 | T233: =(P233+1) -> 1.0154885 | U233: =(Q233+1) -> 1.0150707 | V233: =(R233+1) -> 1.0151862
A234: 45052 | B234: 2.1215 | C234: 2.5635 | D234: 2.7311 | E234: 3.0882 | F234: 2.2339 | G234: 2.682 | H234: 1.75 | J234: 45062 | K234: 1750.3145 | L234: 2349.0758 | M234: 2882.759 | N234: 3059.0318 | O234: =K234/$K$148-1 -> 0.014417263 | P234: =L234/$L$148-1 -> 0.015477733 | Q234: =M234/$M$148-1 -> 0.014940947 | R234: =N234/$N$148-1 -> 0.01504494 | S234: =(O234+1) -> 1.0144173 | T234: =(P234+1) -> 1.0154777 | U234: =(Q234+1) -> 1.0149409 | V234: =(R234+1) -> 1.0150449
A235: 45054 | B235: 2.1323 | C235: 2.5854 | D235: 2.7484 | E235: 3.1058 | F235: 2.2538 | G235: 2.7032 | H235: 2 | J235: 45063 | K235: 1750.4222 | L235: 2349.0211 | M235: 2883.0802 | N235: 3059.0386 | O235: =K235/$K$148-1 -> 0.014479682 | P235: =L235/$L$148-1 -> 0.015454087 | Q235: =M235/$M$148-1 -> 0.015054033 | R235: =N235/$N$148-1 -> 0.015047196 | S235: =(O235+1) -> 1.0144797 | T235: =(P235+1) -> 1.0154541 | U235: =(Q235+1) -> 1.015054 | V235: =(R235+1) -> 1.0150472
A236: 45055 | B236: 2.1203 | C236: 2.578 | D236: 2.7383 | E236: 3.0998 | F236: 2.2453 | G236: 2.6888 | H236: 1.93 | J236: 45064 | K236: 1750.4859 | L236: 2348.9694 | M236: 2883.5912 | N236: 3059.1561 | O236: =K236/$K$148-1 -> 0.014516601 | P236: =L236/$L$148-1 -> 0.015431737 | Q236: =M236/$M$148-1 -> 0.015233942 | R236: =N236/$N$148-1 -> 0.015086185 | S236: =(O236+1) -> 1.0145166 | T236: =(P236+1) -> 1.0154317 | U236: =(Q236+1) -> 1.0152339 | V236: =(R236+1) -> 1.0150862
A237: 45056 | B237: 2.0883 | C237: 2.5482 | D237: 2.721 | E237: 3.0849 | F237: 2.2196 | G237: 2.6612 | H237: 1.9 | J237: 45065 | K237: 1750.7851 | L237: 2349.69 | M237: 2884.4132 | N237: 3059.9751 | O237: =K237/$K$148-1 -> 0.014690006 | P237: =L237/$L$148-1 -> 0.015743244 | Q237: =M237/$M$148-1 -> 0.015523346 | R237: =N237/$N$148-1 -> 0.015357945 | S237: =(O237+1) -> 1.01469 | T237: =(P237+1) -> 1.0157432 | U237: =(Q237+1) -> 1.0155233 | V237: =(R237+1) -> 1.0153579
A238: 45057 | B238: 2.0353 | C238: 2.5211 | D238: 2.701 | E238: 3.0672 | F238: 2.1735 | G238: 2.6194 | H238: 1.85 | J238: 45068 | K238: 1751.3917 | L238: 2350.7689 | M238: 2886.0383 | N238: 3061.6629 | O238: =K238/$K$148-1 -> 0.015041569 | P238: =L238/$L$148-1 -> 0.01620964 | Q238: =M238/$M$148-1 -> 0.0160955 | R238: =N238/$N$148-1 -> 0.015917989 | S238: =(O238+1) -> 1.0150416 | T238: =(P238+1) -> 1.0162096 | U238: =(Q238+1) -> 1.0160955 | V238: =(R238+1) -> 1.015918
... A337: 45197 | B337: 2.1677 | C337: 2.5256 | D337: 2.6751 | E337: 3.0022 | F337: 2.018 | G337: 2.4547 | H337: 2.2 | J337: 45217 | K337: 1768.59 | L337: 2373.9138 | M337: 2897.8732 | N337: 3080.198 | O337: =K337/$K$148-1 -> 0.025009064 | P337: =L337/$L$148-1 -> 0.026214907 | Q337: =M337/$M$148-1 -> 0.020262246 | R337: =N337/$N$148-1 -> 0.022068288 | S337: =(O337+1) -> 1.0250091 | T337: =(P337+1) -> 1.0262149 | U337: =(Q337+1) -> 1.0202622 | V337: =(R337+1) -> 1.0220683
A338: 45206 | B338: 2.1477 | C338: 2.5175 | D338: 2.6651 | E338: 2.9926 | H338: 1.85 | J338: 45218 | K338: 1768.0713 | L338: 2372.5154 | M338: 2893.862 | N338: 3076.5703 | O338: =K338/$K$148-1 -> 0.024708445 | P338: =L338/$L$148-1 -> 0.025610395 | Q338: =M338/$M$148-1 -> 0.018850011 | R338: =N338/$N$148-1 -> 0.020864548 | S338: =(O338+1) -> 1.0247084 | T338: =(P338+1) -> 1.0256104 | U338: =(Q338+1) -> 1.01885 | V338: =(R338+1) -> 1.0208645
A339: 45207 | B339: 2.1377 | C339: 2.5178 | D339: 2.6626 | E339: 2.9948 | H339: 1.8 | J339: 45219 | K339: 1768.0081 | L339: 2372.5264 | M339: 2892.4231 | N339: 3075.6026 | O339: =K339/$K$148-1 -> 0.024671817 | P339: =L339/$L$148-1 -> 0.02561515 | Q339: =M339/$M$148-1 -> 0.018343414 | R339: =N339/$N$148-1 -> 0.020543447 | S339: =(O339+1) -> 1.0246718 | T339: =(P339+1) -> 1.0256152 | U339: =(Q339+1) -> 1.0183434 | V339: =(R339+1) -> 1.0205434
A340: 45208 | B340: 2.1577 | C340: 2.5352 | D340: 2.6702 | E340: 2.999 | F340: 2.0345 | G340: 2.4585 | H340: 2.01 | J340: 45222 | K340: 1768.3867 | L340: 2373.2011 | M340: 2890.3319 | N340: 3074.2131 | O340: =K340/$K$148-1 -> 0.024891239 | P340: =L340/$L$148-1 -> 0.025906815 | Q340: =M340/$M$148-1 -> 0.017607159 | R340: =N340/$N$148-1 -> 0.020082384 | S340: =(O340+1) -> 1.0248912 | T340: =(P340+1) -> 1.0259068 | U340: =(Q340+1) -> 1.0176072 | V340: =(R340+1) -> 1.0200824
A341: 45209 | B341: 2.1977 | C341: 2.555 | D341: 2.6811 | E341: 3.0019 | F341: 2.0616 | G341: 2.481 | H341: 2.05 | J341: 45223 | K341: 1768.1678 | L341: 2372.8044 | M341: 2892.4891 | N341: 3075.5298 | O341: =K341/$K$148-1 -> 0.024764373 | P341: =L341/$L$148-1 -> 0.025735327 | Q341: =M341/$M$148-1 -> 0.018366651 | R341: =N341/$N$148-1 -> 0.02051929 | S341: =(O341+1) -> 1.0247644 | T341: =(P341+1) -> 1.0257353 | U341: =(Q341+1) -> 1.0183667 | V341: =(R341+1) -> 1.0205193
A342: 45210 | B342: 2.2377 | C342: 2.5899 | D342: 2.6976 | E342: 3.0153 | F342: 2.0856 | G342: 2.5085 | H342: 2.14 | J342: 45224 | K342: 1768.4821 | L342: 2373.6659 | M342: 2894.3023 | N342: 3077.1955 | O342: =K342/$K$148-1 -> 0.02494653 | P342: =L342/$L$148-1 -> 0.026107743 | Q342: =M342/$M$148-1 -> 0.019005029 | R342: =N342/$N$148-1 -> 0.021072001 | S342: =(O342+1) -> 1.0249465 | T342: =(P342+1) -> 1.0261077 | U342: =(Q342+1) -> 1.019005 | V342: =(R342+1) -> 1.021072
A343: 45211 | B343: 2.1977 | C343: 2.5803 | D343: 2.6911 | E343: 3.0139 | F343: 2.0857 | G343: 2.5174 | H343: 2.1 | J343: 45225 | K343: 1768.7349 | L343: 2373.9741 | M343: 2895.1639 | N343: 3078.0083 | O343: =K343/$K$148-1 -> 0.025093043 | P343: =L343/$L$148-1 -> 0.026240974 | Q343: =M343/$M$148-1 -> 0.019308375 | R343: =N343/$N$148-1 -> 0.021341704 | S343: =(O343+1) -> 1.025093 | T343: =(P343+1) -> 1.026241 | U343: =(Q343+1) -> 1.0193084 | V343: =(R343+1) -> 1.0213417
A344: 45212 | B344: 2.1777 | C344: 2.5528 | D344: 2.6702 | E344: 2.9952 | F344: 2.0721 | G344: 2.4907 | H344: 2.05 | J344: 45226 | K344: 1768.9526 | L344: 2374.6333 | M344: 2898.3751 | N344: 3080.5978 | O344: =K344/$K$148-1 -> 0.025219214 | P344: =L344/$L$148-1 -> 0.026525938 | Q344: =M344/$M$148-1 -> 0.020438951 | R344: =N344/$N$148-1 -> 0.022200949 | S344: =(O344+1) -> 1.0252192 | T344: =(P344+1) -> 1.0265259 | U344: =(Q344+1) -> 1.020439 | V344: =(R344+1) -> 1.0222009
A345: 45215 | B345: 2.1877 | C345: 2.5629 | D345: 2.6777 | E345: 2.9997 | F345: 2.0716 | G345: 2.4864 | H345: 2.05 | J345: 45229 | K345: 1769.4744 | L345: 2375.411 | M345: 2900.3682 | N345: 3082.2679 | O345: =K345/$K$148-1 -> 0.02552163 | P345: =L345/$L$148-1 -> 0.026862129 | Q345: =M345/$M$148-1 -> 0.021140667 | R345: =N345/$N$148-1 -> 0.02275512 | S345: =(O345+1) -> 1.0255216 | T345: =(P345+1) -> 1.0268621 | U345: =(Q345+1) -> 1.0211407 | V345: =(R345+1) -> 1.0227551
A346: 45216 | B346: 2.2227 | C346: 2.573 | D346: 2.6882 | E346: 3.0021 | F346: 2.0892 | G346: 2.5047 | H346: 2 | J346: 45230 | K346: 1769.7374 | L346: 2375.9818 | M346: 2899.9435 | N346: 3082.2193 | O346: =K346/$K$148-1 -> 0.025674055 | P346: =L346/$L$148-1 -> 0.027108879 | Q346: =M346/$M$148-1 -> 0.020991142 | R346: =N346/$N$148-1 -> 0.022738993 | S346: =(O346+1) -> 1.0256741 | T346: =(P346+1) -> 1.0271089 | U346: =(Q346+1) -> 1.0209911 | V346: =(R346+1) -> 1.022739
A347: 45217 | B347: 2.2457 | C347: 2.6029 | D347: 2.7052 | E347: 3.0021 | F347: 2.0948 | G347: 2.5093 | H347: 2.05 | J347: 45231 | K347: 1769.8741 | L347: 2376.0728 | M347: 2899.3438 | N347: 3081.817 | O347: =K347/$K$148-1 -> 0.025753281 | P347: =L347/$L$148-1 -> 0.027148217 | Q347: =M347/$M$148-1 -> 0.020780004 | R347: =N347/$N$148-1 -> 0.022605503 | S347: =(O347+1) -> 1.0257533 | T347: =(P347+1) -> 1.0271482 | U347: =(Q347+1) -> 1.02078 | V347: =(R347+1) -> 1.0226055
A348: 45218 | B348: 2.2907 | C348: 2.6205 | D348: 2.7177 | E348: 3.0077 | F348: 2.1315 | G348: 2.5373 | H348: 2.3 | J348: 45232 | K348: 1770.3183 | L348: 2377.0392 | M348: 2899.5182 | N348: 3082.2643 | O348: =K348/$K$148-1 -> 0.026010723 | P348: =L348/$L$148-1 -> 0.027565981 | Q348: =M348/$M$148-1 -> 0.020841405 | R348: =N348/$N$148-1 -> 0.022753925 | S348: =(O348+1) -> 1.0260107 | T348: =(P348+1) -> 1.027566 | U348: =(Q348+1) -> 1.0208414 | V348: =(R348+1) -> 1.0227539
A349: 45219 | B349: 2.3107 | C349: 2.5982 | D349: 2.7052 | E349: 2.9962 | F349: 2.1546 | G349: 2.543 | H349: 2.8 | J349: 45233 | K349: 1770.5582 | L349: 2377.5081 | M349: 2901.4483 | N349: 3083.9484 | O349: =K349/$K$148-1 -> 0.02614976 | P349: =L349/$L$148-1 -> 0.027768681 | Q349: =M349/$M$148-1 -> 0.021520941 | R349: =N349/$N$148-1 -> 0.023312742 | S349: =(O349+1) -> 1.0261498 | T349: =(P349+1) -> 1.0277687 | U349: =(Q349+1) -> 1.0215209 | V349: =(R349+1) -> 1.0233127
A350: 45222 | B350: 2.3007 | C350: 2.5887 | D350: 2.7047 | E350: 2.9903 | F350: 2.1248 | G350: 2.5147 | H350: 2.6 | J350: 45236 | K350: 1770.9766 | L350: 2377.9733 | M350: 2904.3452 | N350: 3086.1386 | O350: =K350/$K$148-1 -> 0.026392249 | P350: =L350/$L$148-1 -> 0.027969781 | Q350: =M350/$M$148-1 -> 0.022540861 | R350: =N350/$N$148-1 -> 0.024039492 | S350: =(O350+1) -> 1.0263922 | T350: =(P350+1) -> 1.0279698 | U350: =(Q350+1) -> 1.0225409 | V350: =(R350+1) -> 1.0240395
A351: 45223 | B351: 2.3257 | C351: 2.5862 | D351: 2.7177 | E351: 2.9978 | F351: 2.1514 | G351: 2.5376 | H351: 2.7 | J351: 45237 | K351: 1771.0625 | L351: 2377.8218 | M351: 2904.4268 | N351: 3086.0257 | O351: =K351/$K$148-1 -> 0.026442034 | P351: =L351/$L$148-1 -> 0.027904289 | Q351: =M351/$M$148-1 -> 0.02256959 | R351: =N351/$N$148-1 -> 0.024002029 | S351: =(O351+1) -> 1.026442 | T351: =(P351+1) -> 1.0279043 | U351: =(Q351+1) -> 1.0225696 | V351: =(R351+1) -> 1.024002
... A389: 45275 | B389: 2.3076 | C389: 2.4916 | D389: 2.6227 | E389: 2.9039 | F389: 2.082 | G389: 2.3714 | H389: 2.2 | J389: 45289 | K389: 1780.8554 | L389: 2395.3358 | M389: 2918.3856 | N389: 3099.9149 | O389: =K389/$K$148-1 -> 0.032117635 | P389: =L389/$L$148-1 -> 0.035475385 | Q389: =M389/$M$148-1 -> 0.027484103 | R389: =N389/$N$148-1 -> 0.02861073 | S389: =(O389+1) -> 1.0321176 | T389: =(P389+1) -> 1.0354754 | U389: =(Q389+1) -> 1.0274841 | V389: =(R389+1) -> 1.0286107
A390: 45278 | B390: 2.2951 | C390: 2.4867 | D390: 2.6126 | E390: 2.8869 | F390: 2.0943 | G390: 2.363 | H390: 2.2 | J390: 45293 | K390: 1781.2498 | L390: 2395.1505 | M390: 2917.9822 | N390: 3099.5353 | S390: =(O390+1) -> 1 | T390: =(P390+1) -> 1 | U390: =(Q390+1) -> 1 | V390: =(R390+1) -> 1
A391: 45279 | B391: 2.3001 | C391: 2.5088 | D391: 2.6191 | E391: 2.892 | F391: 2.1047 | G391: 2.3641 | H391: 2.2 | J391: 45294 | K391: 1781.1941 | L391: 2394.9329 | M391: 2916.493 | N391: 3098.3278 | O391: =K391/$K$390-1 -> -3.1270179e-05 | P391: =L391/$L$390-1 -> -9.0850241e-05 | Q391: =M391/$M$390-1 -> -0.00051035267 | R391: =N391/$N$390-1 -> -0.00038957453 | S391: =(O391+1) -> 0.99996873 | T391: =(P391+1) -> 0.99990915 | U391: =(Q391+1) -> 0.99948965 | V391: =(R391+1) -> 0.99961043
A392: 45280 | B392: 2.3051 | C392: 2.5197 | D392: 2.6222 | E392: 2.8849 | F392: 2.1045 | G392: 2.3639 | H392: 2.2 | J392: 45295 | K392: 1781.384 | L392: 2395.3653 | M392: 2916.1079 | N392: 3098.09 | O392: =K392/$K$390-1 -> 7.5340359e-05 | P392: =L392/$L$390-1 -> 8.9681212e-05 | Q392: =M392/$M$390-1 -> -0.00064232743 | R392: =N392/$N$390-1 -> -0.00046629571 | S392: =(O392+1) -> 1.0000753 | T392: =(P392+1) -> 1.0000897 | U392: =(Q392+1) -> 0.99935767 | V392: =(R392+1) -> 0.9995337
A393: 45281 | B393: 2.2801 | C393: 2.4783 | D393: 2.5901 | E393: 2.8492 | F393: 2.1073 | G393: 2.3622 | H393: 2.02 | J393: 45296 | K393: 1781.826 | L393: 2396.4227 | M393: 2915.7523 | N393: 3098.2812 | O393: =K393/$K$390-1 -> 0.00032348074 | P393: =L393/$L$390-1 -> 0.0005311566 | Q393: =M393/$M$390-1 -> -0.00076419246 | R393: =N393/$N$390-1 -> -0.00040460904 | S393: =(O393+1) -> 1.0003235 | T393: =(P393+1) -> 1.0005312 | U393: =(Q393+1) -> 0.99923581 | V393: =(R393+1) -> 0.99959539
A394: 45282 | B394: 2.2526 | C394: 2.4562 | D394: 2.5877 | E394: 2.8341 | F394: 2.0612 | G394: 2.3331 | H394: 2.05 | J394: 45299 | K394: 1782.263 | L394: 2396.9421 | M394: 2913.8413 | N394: 3096.8737 | O394: =K394/$K$390-1 -> 0.0005688141 | P394: =L394/$L$390-1 -> 0.00074801145 | Q394: =M394/$M$390-1 -> -0.0014190971 | R394: =N394/$N$390-1 -> -0.00085870937 | S394: =(O394+1) -> 1.0005688 | T394: =(P394+1) -> 1.000748 | U394: =(Q394+1) -> 0.9985809 | V394: =(R394+1) -> 0.99914129
A395: 45285 | B395: 2.2246 | C395: 2.4172 | D395: 2.5678 | E395: 2.8077 | F395: 2.0443 | G395: 2.3162 | H395: 1.8117 | J395: 45300 | K395: 1782.7752 | L395: 2397.961 | M395: 2915.4613 | N395: 3098.372 | O395: =K395/$K$390-1 -> 0.00085636501 | P395: =L395/$L$390-1 -> 0.0011734127 | Q395: =M395/$M$390-1 -> -0.00086391891 | R395: =N395/$N$390-1 -> -0.00037531433 | S395: =(O395+1) -> 1.0008564 | T395: =(P395+1) -> 1.0011734 | U395: =(Q395+1) -> 0.99913608 | V395: =(R395+1) -> 0.99962469
A396: 45286 | B396: 2.2046 | C396: 2.4123 | D396: 2.5804 | E396: 2.8267 | F396: 2.0352 | G396: 2.3104 | H396: 4.35 | J396: 45301 | K396: 1782.918 | L396: 2397.8348 | M396: 2914.7139 | N396: 3097.7951 | O396: =K396/$K$390-1 -> 0.00093653344 | P396: =L396/$L$390-1 -> 0.0011207229 | Q396: =M396/$M$390-1 -> -0.0011200548 | R396: =N396/$N$390-1 -> -0.000561439 | S396: =(O396+1) -> 1.0009365 | T396: =(P396+1) -> 1.0011207 | U396: =(Q396+1) -> 0.99887995 | V396: =(R396+1) -> 0.99943856
A397: 45287 | B397: 2.1546 | C397: 2.3836 | D397: 2.5577 | E397: 2.8167 | F397: 2.0189 | G397: 2.3184 | H397: 4 | J397: 45302 | K397: 1783.0529 | L397: 2397.9679 | M397: 2916.0801 | N397: 3098.8157 | O397: =K397/$K$390-1 -> 0.0010122668 | P397: =L397/$L$390-1 -> 0.0011762935 | Q397: =M397/$M$390-1 -> -0.00065185456 | R397: =N397/$N$390-1 -> -0.00023216383 | S397: =(O397+1) -> 1.0010123 | T397: =(P397+1) -> 1.0011763 | U397: =(Q397+1) -> 0.99934815 | V397: =(R397+1) -> 0.99976784
A398: 45288 | B398: 2.1196 | C398: 2.4081 | D398: 2.5694 | E398: 2.8288 | F398: 1.9952 | G398: 2.3223 | H398: 3.2 | J398: 45303 | K398: 1783.1599 | L398: 2397.9029 | M398: 2916.0841 | N398: 3098.8956 | O398: =K398/$K$390-1 -> 0.001072337 | P398: =L398/$L$390-1 -> 0.0011491553 | Q398: =M398/$M$390-1 -> -0.00065048375 | R398: =N398/$N$390-1 -> -0.00020638578 | S398: =(O398+1) -> 1.0010723 | T398: =(P398+1) -> 1.0011492 | U398: =(Q398+1) -> 0.99934952 | V398: =(R398+1) -> 0.99979361
A399: 45289 | B399: 2.0796 | C399: 2.4001 | D399: 2.5553 | E399: 2.8269 | F399: 1.9857 | G399: 2.3245 | H399: 2.4 | J399: 45306 | K399: 1783.4691 | L399: 2398.3621 | M399: 2916.2473 | N399: 3099.2219 | O399: =K399/$K$390-1 -> 0.0012459229 | P399: =L399/$L$390-1 -> 0.0013408761 | Q399: =M399/$M$390-1 -> -0.00059455469 | R399: =N399/$N$390-1 -> -0.00010111193 | S399: =(O399+1) -> 1.0012459 | T399: =(P399+1) -> 1.0013409 | U399: =(Q399+1) -> 0.99940545 | V399: =(R399+1) -> 0.99989889
A400: 45291 | B400: 2.0796 | C400: 2.4001 | D400: 2.5553 | E400: 2.8269 | J400: 45307 | K400: 1783.52 | L400: 2398.2765 | M400: 2915.7721 | N400: 3098.9214 | O400: =K400/$K$390-1 -> 0.0012744984 | P400: =L400/$L$390-1 -> 0.0013051372 | Q400: =M400/$M$390-1 -> -0.00075740695 | R400: =N400/$N$390-1 -> -0.00019806195 | S400: =(O400+1) -> 1.0012745 | T400: =(P400+1) -> 1.0013051 | U400: =(Q400+1) -> 0.99924259 | V400: =(R400+1) -> 0.99980194
A401: 45293 | B401: 2.1166 | C401: 2.4374 | D401: 2.5601 | E401: 2.8422 | F401: 2.0208 | G401: 2.3324 | H401: 2.1 | J401: 45308 | K401: 1783.8305 | L401: 2398.9869 | M401: 2913.2605 | N401: 3097.0285 | O401: =K401/$K$390-1 -> 0.0014488142 | P401: =L401/$L$390-1 -> 0.0016017365 | Q401: =M401/$M$390-1 -> -0.0016181387 | R401: =N401/$N$390-1 -> -0.0008087664 | S401: =(O401+1) -> 1.0014488 | T401: =(P401+1) -> 1.0016017 | U401: =(Q401+1) -> 0.99838186 | V401: =(R401+1) -> 0.99919123
A402: 45294 | B402: 2.1416 | C402: 2.4212 | D402: 2.5531 | E402: 2.8402 | F402: 2.0652 | G402: 2.346 | H402: 2.15 | J402: 45309 | K402: 1784.1183 | L402: 2399.4388 | M402: 2913.8956 | N402: 3097.6843 | O402: =K402/$K$390-1 -> 0.0016103861 | P402: =L402/$L$390-1 -> 0.0017904094 | Q402: =M402/$M$390-1 -> -0.0014004883 | R402: =N402/$N$390-1 -> -0.00059718629 | S402: =(O402+1) -> 1.0016104 | T402: =(P402+1) -> 1.0017904 | U402: =(Q402+1) -> 0.99859951 | V402: =(R402+1) -> 0.99940281
A403: 45295 | B403: 2.1541 | C403: 2.4089 | D403: 2.5368 | E403: 2.817 | F403: 2.0672 | G403: 2.3387 | H403: 2.25 | J403: 45310 | K403: 1784.5178 | L403: 2400.6071 | M403: 2914.2116 | N403: 3098.44 | O403: =K403/$K$390-1 -> 0.0018346669 | P403: =L403/$L$390-1 -> 0.0022781867 | Q403: =M403/$M$390-1 -> -0.0012921943 | R403: =N403/$N$390-1 -> -0.00035337555 | S403: =(O403+1) -> 1.0018347 | T403: =(P403+1) -> 1.0022782 | U403: =(Q403+1) -> 0.99870781 | V403: =(R403+1) -> 0.99964662
A404: 45296 | B404: 2.1091 | C404: 2.3903 | D404: 2.5175 | E404: 2.8043 | F404: 2.0512 | G404: 2.3121 | H404: 2.15 | J404: 45313 | K404: 1785.1572 | L404: 2401.7249 | M404: 2910.4848 | N404: 3095.7016 | O404: =K404/$K$390-1 -> 0.0021936283 | P404: =L404/$L$390-1 -> 0.0027448797 | Q404: =M404/$M$390-1 -> -0.0025693783 | R404: =N404/$N$390-1 -> -0.0012368628 | S404: =(O404+1) -> 1.0021936 | T404: =(P404+1) -> 1.0027449 | U404: =(Q404+1) -> 0.99743062 | V404: =(R404+1) -> 0.99876314
A405: 45299 | B405: 2.1191 | C405: 2.408 | D405: 2.5136 | E405: 2.802 | F405: 2.0606 | G405: 2.3141 | H405: 2.2 | J405: 45314 | K405: 1785.2204 | L405: 2401.5976 | M405: 2911.3033 | N405: 3096.334 | O405: =K405/$K$390-1 -> 0.002229109 | P405: =L405/$L$390-1 -> 0.0026917306 | Q405: =M405/$M$390-1 -> -0.0022888762 | R405: =N405/$N$390-1 -> -0.0010328322 | S405: =(O405+1) -> 1.0022291 | T405: =(P405+1) -> 1.0026917 | U405: =(Q405+1) -> 0.99771112 | V405: =(R405+1) -> 0.99896717
A406: 45300 | B406: 2.0991 | C406: 2.3905 | D406: 2.4862 | E406: 2.7693 | F406: 2.0431 | G406: 2.2903 | H406: 2.29 | J406: 45315 | K406: 1785.3958 | L406: 2401.9183 | M406: 2912.4628 | N406: 3097.5118 | O406: =K406/$K$390-1 -> 0.0023275792 | P406: =L406/$L$390-1 -> 0.0028256262 | Q406: =M406/$M$390-1 -> -0.0018915126 | R406: =N406/$N$390-1 -> -0.0006528398 | S406: =(O406+1) -> 1.0023276 | T406: =(P406+1) -> 1.0028256 | U406: =(Q406+1) -> 0.99810849 | V406: =(R406+1) -> 0.99934716
A407: 45301 | B407: 2.1091 | C407: 2.4062 | D407: 2.4982 | E407: 2.7758 | F407: 2.0585 | G407: 2.2951 | H407: 2.2 | J407: 45316 | K407: 1785.6784 | L407: 2402.729 | M407: 2917.2677 | N407: 3101.4726 | O407: =K407/$K$390-1 -> 0.0024862319 | P407: =L407/$L$390-1 -> 0.0031641018 | Q407: =M407/$M$390-1 -> -0.00024486099 | R407: =N407/$N$390-1 -> 0.00062502918 | S407: =(O407+1) -> 1.0024862 | T407: =(P407+1) -> 1.0031641 | U407: =(Q407+1) -> 0.99975514 | V407: =(R407+1) -> 1.000625
A408: 45302 | B408: 2.0941 | C408: 2.4042 | D408: 2.4992 | E408: 2.7769 | F408: 2.0534 | G408: 2.2941 | H408: 2.2 | J408: 45317 | K408: 1785.9034 | L408: 2403.2603 | M408: 2917.4623 | N408: 3101.6922 | O408: =K408/$K$390-1 -> 0.0026125477 | P408: =L408/$L$390-1 -> 0.003385925 | Q408: =M408/$M$390-1 -> -0.00017817107 | R408: =N408/$N$390-1 -> 0.00069587851 | S408: =(O408+1) -> 1.0026125 | T408: =(P408+1) -> 1.0033859 | U408: =(Q408+1) -> 0.99982183 | V408: =(R408+1) -> 1.0006959
A409: 45303 | B409: 2.0941 | C409: 2.4156 | D409: 2.5172 | E409: 2.793 | F409: 2.0402 | G409: 2.2977 | H409: 2.2 | J409: 45320 | K409: 1786.4085 | L409: 2404.2148 | M409: 2916.1214 | N409: 3101.0542 | O409: =K409/$K$390-1 -> 0.0028961126 | P409: =L409/$L$390-1 -> 0.0037844386 | Q409: =M409/$M$390-1 -> -0.00063770094 | R409: =N409/$N$390-1 -> 0.0004900412 | S409: =(O409+1) -> 1.0028961 | T409: =(P409+1) -> 1.0037844 | U409: =(Q409+1) -> 0.9993623 | V409: =(R409+1) -> 1.00049
A410: 45306 | B410: 2.0991 | C410: 2.4256 | D410: 2.5212 | E410: 2.7856 | F410: 2.0704 | G410: 2.2994 | H410: 2.25 | J410: 45321 | K410: 1787.2223 | L410: 2406.0956 | M410: 2915.4048 | N410: 3100.8202 | O410: =K410/$K$390-1 -> 0.0033529828 | P410: =L410/$L$390-1 -> 0.004569692 | Q410: =M410/$M$390-1 -> -0.0008832816 | R410: =N410/$N$390-1 -> 0.00041454601 | S410: =(O410+1) -> 1.003353 | T410: =(P410+1) -> 1.0045697 | U410: =(Q410+1) -> 0.99911672 | V410: =(R410+1) -> 1.0004145
A411: 45307 | B411: 2.1091 | C411: 2.4406 | D411: 2.5252 | E411: 2.7897 | F411: 2.1048 | G411: 2.317 | H411: 2.25 | J411: 45322 | K411: 1787.8506 | L411: 2407.1813 | M411: 2914.2625 | N411: 3100.1443 | O411: =K411/$K$390-1 -> 0.0037057127 | P411: =L411/$L$390-1 -> 0.0050229829 | Q411: =M411/$M$390-1 -> -0.0012747508 | R411: =N411/$N$390-1 -> 0.00019648107 | S411: =(O411+1) -> 1.0037057 | T411: =(P411+1) -> 1.005023 | U411: =(Q411+1) -> 0.99872525 | V411: =(R411+1) -> 1.0001965
...

Sheet Return
A1: 日期
A2: 44713
A3: 44714
A4: 44718 | B4: =-中国_中债国债到期收益率_1年!B3+中国_中债国债到期收益率_1年!B2 -> #VALUE! | C4: =-中国_中债国债到期收益率_1年!C3+中国_中债国债到期收益率_1年!C2 -> -0.0036 | D4: =-中国_中债国债到期收益率_1年!D3+中国_中债国债到期收益率_1年!D2 -> -0.005 | E4: =-中国_中债国债到期收益率_1年!E3+中国_中债国债到期收益率_1年!E2 -> -0.0026 | F4: =-中国_中债国债到期收益率_1年!F3+中国_中债国债到期收益率_1年!F2 -> -0.0102 | G4: =-中国_中债国债到期收益率_1年!G3+中国_中债国债到期收益率_1年!G2 -> -0.0143
A5: 44719 | B5: =-中国_中债国债到期收益率_1年!B4+中国_中债国债到期收益率_1年!B3 -> -0.0635 | C5: =-中国_中债国债到期收益率_1年!C4+中国_中债国债到期收益率_1年!C3 -> -0.0364 | D5: =-中国_中债国债到期收益率_1年!D4+中国_中债国债到期收益率_1年!D3 -> -0.0175 | E5: =-中国_中债国债到期收益率_1年!E4+中国_中债国债到期收益率_1年!E3 -> -0.0076 | F5: =-中国_中债国债到期收益率_1年!F4+中国_中债国债到期收益率_1年!F3 -> -0.0208 | G5: =-中国_中债国债到期收益率_1年!G4+中国_中债国债到期收益率_1年!G3 -> -0.0186
A6: 44720 | B6: =-中国_中债国债到期收益率_1年!B5+中国_中债国债到期收益率_1年!B4 -> 0.0019 | C6: =-中国_中债国债到期收益率_1年!C5+中国_中债国债到期收益率_1年!C4 -> 0.0152 | D6: =-中国_中债国债到期收益率_1年!D5+中国_中债国债到期收益率_1年!D4 -> 0.02 | E6: =-中国_中债国债到期收益率_1年!E5+中国_中债国债到期收益率_1年!E4 -> 0.0074 | F6: =-中国_中债国债到期收益率_1年!F5+中国_中债国债到期收益率_1年!F4 -> -0.0075 | G6: =-中国_中债国债到期收益率_1年!G5+中国_中债国债到期收益率_1年!G4 -> -0.0044
A7: 44721 | B7: =-中国_中债国债到期收益率_1年!B6+中国_中债国债到期收益率_1年!B5 -> -0.0102 | C7: =-中国_中债国债到期收益率_1年!C6+中国_中债国债到期收益率_1年!C5 -> -0.0008 | D7: =-中国_中债国债到期收益率_1年!D6+中国_中债国债到期收益率_1年!D5 -> -0.0085 | E7: =-中国_中债国债到期收益率_1年!E6+中国_中债国债到期收益率_1年!E5 -> -0.0075 | F7: =-中国_中债国债到期收益率_1年!F6+中国_中债国债到期收益率_1年!F5 -> 0.0148 | G7: =-中国_中债国债到期收益率_1年!G6+中国_中债国债到期收益率_1年!G5 -> 0.0127
A8: 44722 | B8: =-中国_中债国债到期收益率_1年!B7+中国_中债国债到期收益率_1年!B6 -> 0.0131 | C8: =-中国_中债国债到期收益率_1年!C7+中国_中债国债到期收益率_1年!C6 -> 0.0124 | D8: =-中国_中债国债到期收益率_1年!D7+中国_中债国债到期收益率_1年!D6 -> 0.0085 | E8: =-中国_中债国债到期收益率_1年!E7+中国_中债国债到期收益率_1年!E6 -> 0.01 | F8: =-中国_中债国债到期收益率_1年!F7+中国_中债国债到期收益率_1年!F6 -> 0.0068 | G8: =-中国_中债国债到期收益率_1年!G7+中国_中债国债到期收益率_1年!G6 -> 0.0079
A9: 44725 | B9: =-中国_中债国债到期收益率_1年!B8+中国_中债国债到期收益率_1年!B7 -> 0.01 | C9: =-中国_中债国债到期收益率_1年!C8+中国_中债国债到期收益率_1年!C7 -> 0.0046 | D9: =-中国_中债国债到期收益率_1年!D8+中国_中债国债到期收益率_1年!D7 -> 0.005 | E9: =-中国_中债国债到期收益率_1年!E8+中国_中债国债到期收益率_1年!E7 -> 0.0024 | F9: =-中国_中债国债到期收益率_1年!F8+中国_中债国债到期收益率_1年!F7 -> 0.005 | G9: =-中国_中债国债到期收益率_1年!G8+中国_中债国债到期收益率_1年!G7 -> 0.0053
A10: 44726 | B10: =-中国_中债国债到期收益率_1年!B9+中国_中债国债到期收益率_1年!B8 -> 0.0025 | C10: =-中国_中债国债到期收益率_1年!C9+中国_中债国债到期收益率_1年!C8 -> -0.0219 | D10: =-中国_中债国债到期收益率_1年!D9+中国_中债国债到期收益率_1年!D8 -> -0.0126 | E10: =-中国_中债国债到期收益率_1年!E9+中国_中债国债到期收益率_1年!E8 -> -0.0076 | F10: =-中国_中债国债到期收益率_1年!F9+中国_中债国债到期收益率_1年!F8 -> -0.0101 | G10: =-中国_中债国债到期收益率_1年!G9+中国_中债国债到期收益率_1年!G8 -> -0.0139
A11: 44727 | B11: =-中国_中债国债到期收益率_1年!B10+中国_中债国债到期收益率_1年!B9 -> -0.015 | C11: =-中国_中债国债到期收益率_1年!C10+中国_中债国债到期收益率_1年!C9 -> -0.0053 | D11: =-中国_中债国债到期收益率_1年!D10+中国_中债国债到期收益率_1年!D9 -> -0.005 | E11: =-中国_中债国债到期收益率_1年!E10+中国_中债国债到期收益率_1年!E9 -> 0 | F11: =-中国_中债国债到期收益率_1年!F10+中国_中债国债到期收益率_1年!F9 -> -0.0158 | G11: =-中国_中债国债到期收益率_1年!G10+中国_中债国债到期收益率_1年!G9 -> -0.0168
A12: 44728 | B12: =-中国_中债国债到期收益率_1年!B11+中国_中债国债到期收益率_1年!B10 -> -0.0184 | C12: =-中国_中债国债到期收益率_1年!C11+中国_中债国债到期收益率_1年!C10 -> -0.016 | D12: =-中国_中债国债到期收益率_1年!D11+中国_中债国债到期收益率_1年!D10 -> -0.0125 | E12: =-中国_中债国债到期收益率_1年!E11+中国_中债国债到期收益率_1年!E10 -> -0.0024 | F12: =-中国_中债国债到期收益率_1年!F11+中国_中债国债到期收益率_1年!F10 -> -0.0077 | G12: =-中国_中债国债到期收益率_1年!G11+中国_中债国债到期收益率_1年!G10 -> -0.008
A13: 44729 | B13: =-中国_中债国债到期收益率_1年!B12+中国_中债国债到期收益率_1年!B11 -> 0.0008 | C13: =-中国_中债国债到期收益率_1年!C12+中国_中债国债到期收益率_1年!C11 -> 0.0176 | D13: =-中国_中债国债到期收益率_1年!D12+中国_中债国债到期收益率_1年!D11 -> 0.0099 | E13: =-中国_中债国债到期收益率_1年!E12+中国_中债国债到期收益率_1年!E11 -> 0.0099 | F13: =-中国_中债国债到期收益率_1年!F12+中国_中债国债到期收益率_1年!F11 -> 0.0088 | G13: =-中国_中债国债到期收益率_1年!G12+中国_中债国债到期收益率_1年!G11 -> 0.0057
A14: 44732 | B14: =-中国_中债国债到期收益率_1年!B13+中国_中债国债到期收益率_1年!B12 -> 0.025 | C14: =-中国_中债国债到期收益率_1年!C13+中国_中债国债到期收益率_1年!C12 -> -0.0008 | D14: =-中国_中债国债到期收益率_1年!D13+中国_中债国债到期收益率_1年!D12 -> -0.0024 | E14: =-中国_中债国债到期收益率_1年!E13+中国_中债国债到期收益率_1年!E12 -> 0.0025 | F14: =-中国_中债国债到期收益率_1年!F13+中国_中债国债到期收益率_1年!F12 -> 0.0124 | G14: =-中国_中债国债到期收益率_1年!G13+中国_中债国债到期收益率_1年!G12 -> 0.0104
A15: 44733 | B15: =-中国_中债国债到期收益率_1年!B14+中国_中债国债到期收益率_1年!B13 -> 0.0046 | C15: =-中国_中债国债到期收益率_1年!C14+中国_中债国债到期收益率_1年!C13 -> -0.0219 | D15: =-中国_中债国债到期收益率_1年!D14+中国_中债国债到期收益率_1年!D13 -> -0.0101 | E15: =-中国_中债国债到期收益率_1年!E14+中国_中债国债到期收益率_1年!E13 -> -0.0076 | F15: =-中国_中债国债到期收益率_1年!F14+中国_中债国债到期收益率_1年!F13 -> -0.0253 | G15: =-中国_中债国债到期收益率_1年!G14+中国_中债国债到期收益率_1年!G13 -> -0.0235
... A653: 45660 | B653: =-中国_中债国债到期收益率_1年!B652+中国_中债国债到期收益率_1年!B651 -> 0.015 | C653: =-中国_中债国债到期收益率_1年!C652+中国_中债国债到期收益率_1年!C651 -> 0.0176 | D653: =-中国_中债国债到期收益率_1年!D652+中国_中债国债到期收益率_1年!D651 -> 0.0675 | E653: =-中国_中债国债到期收益率_1年!E652+中国_中债国债到期收益率_1年!E651 -> 0.0724 | F653: =-中国_中债国债到期收益率_1年!F652+中国_中债国债到期收益率_1年!F651 -> -0.0048 | G653: =-中国_中债国债到期收益率_1年!G652+中国_中债国债到期收益率_1年!G651 -> 0.0266
A654: 45663
A655: 45664
A656: 45665
A657: 45666
A658: 45667
A659: 45670
A660: 45671
A661: 45672
A662: 45673
A663: 45674

Sheet PnL
A1: 日期 | B1: Bond1Y | C1: Bond5Y | D1: Bond10Y | E1: Bond30Y | F1: Sum | G1: Bond1Y | H1: Bond5Y | I1: Bond10Y | J1: Bond30Y | K1: Sum | L1: DVBond1Y | M1: Bond5Y | N1: Bond10Y | O1: Bond30Y | P1: Sum | Q1: Capcumsum | R1: CarryBond1Y | S1: Bond5Y | T1: Bond10Y | U1: Bond30Y | V1: Sum | W1: Carrycumsum | X1: Cost | Y1: CostCum | Z1: IRS1Y | AA1: IRS5Y | AB1: IRS1YPnL | AC1: IRS5YPnL | AD1: cumsum | AE1: total | AF1: NetValue | AG1: daliyRet | AH1: MDD | AI1: 500000
A2: 44713 | B2: 10 | F2: =SUM(B2:E2) -> 10 | G2: =B2 -> 10 | H2: =5*C2 -> 0 | I2: =9*D2 -> 0 | J2: =16*E2 -> 0 | K2: =SUM(G2:J2) -> 10
A3: 44714 | B3: 10 | F3: =SUM(B3:E3) -> 10 | G3: =B3 -> 10 | H3: =5*C3 -> 0 | I3: =9*D3 -> 0 | J3: =16*E3 -> 0 | K3: =SUM(G3:J3) -> 10 | L3: =G3*Return!B3*100 -> 0 | M3: =H3*Return!C3*100 -> 0 | N3: =I3*Return!D3*100 -> 0 | O3: =J3*Return!E3*100 -> 0 | P3: =SUM(L3:O3) -> 0 | Q3: =SUM($P$3:P3) -> 0 | R3: =B3*中国_中债国债到期收益率_1年!B2/365*100 -> #VALUE! | S3: =C3*中国_中债国债到期收益率_1年!C2/365*100 -> 0 | T3: =D3*中国_中债国债到期收益率_1年!D2/365*100 -> 0 | U3: =E3*中国_中债国债到期收益率_1年!E2/365*100 -> 0 | V3: =SUM(R3:U3) -> #VALUE! | W3: =SUM($V$3:V3) -> #VALUE! | X3: =MAX(F3-50,0)*中国_中债国债到期收益率_1年!H3*100/365 -> 0 | Y3: =SUM($X$3:X3) -> 0 | AA3: -20 | AB3: =Z3*Return!F3*100 -> 0 | AD3: =SUM($AB$3:AB3)+SUM($AC$3:AC3) -> 0 | AE3: =Q3+W3+AD3-Y3 -> #VALUE! | AF3: =AE3/$AI$1+1 -> #VALUE!
A4: 44718 | B4: 10 | F4: =SUM(B4:E4) -> 10 | G4: =B4 -> 10 | H4: =5*C4 -> 0 | J4: =16*E4 -> 0 | K4: =SUM(G4:J4) -> 10 | L4: =G4*Return!B4*100 -> #VALUE! | M4: =H4*Return!C4*100 -> 0 | N4: =I4*Return!D4*100 -> 0 | O4: =J4*Return!E4*100 -> 0 | P4: =SUM(L4:O4) -> #VALUE! | Q4: =SUM($P$3:P4) -> #VALUE! | R4: =B4*中国_中债国债到期收益率_1年!B3/365*100 -> 5.36 | S4: =C4*中国_中债国债到期收益率_1年!C3/365*100 -> 0 | T4: =D4*中国_中债国债到期收益率_1年!D3/365*100 -> 0 | U4: =E4*中国_中债国债到期收益率_1年!E3/365*100 -> 0 | V4: =SUM(R4:U4) -> 5.36 | W4: =SUM($V$3:V4) -> #VALUE! | X4: =MAX(F4-50,0)*中国_中债国债到期收益率_1年!H4*100/365 -> 0 | Y4: =SUM($X$3:X4) -> 0 | AA4: -20 | AB4: =Z4*Return!F4*100 -> 0 | AC4: =AA4*Return!G4*100 -> 28.6 | AD4: =SUM($AB$3:AB4)+SUM($AC$3:AC4) -> 28.6 | AE4: =Q4+W4+AD4-Y4 -> #VALUE! | AF4: =AE4/$AI$1+1 -> #VALUE! | AG4: =(AF4/AF3-1)-中国_中债国债到期收益率_1年!H4%/252 -> #VALUE! | AH4: =MIN((AF4-MAX($AF$3:AF4))/MAX($AF$3:AF4),0) -> #VALUE!
A5: 44719 | B5: 10 | F5: =SUM(B5:E5) -> 10 | G5: =B5 -> 10 | H5: =5*C5 -> 0 | J5: =16*E5 -> 0 | K5: =SUM(G5:J5) -> 10 | L5: =G5*Return!B5*100 -> -63.5 | M5: =H5*Return!C5*100 -> 0 | N5: =I5*Return!D5*100 -> 0 | O5: =J5*Return!E5*100 -> 0 | P5: =SUM(L5:O5) -> -63.5 | Q5: =SUM($P$3:P5) -> #VALUE! | R5: =B5*中国_中债国债到期收益率_1年!B4/365*100 -> 5.5339726 | S5: =C5*中国_中债国债到期收益率_1年!C4/365*100 -> 0 | T5: =D5*中国_中债国债到期收益率_1年!D4/365*100 -> 0 | U5: =E5*中国_中债国债到期收益率_1年!E4/365*100 -> 0 | V5: =SUM(R5:U5) -> 5.5339726 | W5: =SUM($V$3:V5) -> #VALUE! | X5: =MAX(F5-50,0)*中国_中债国债到期收益率_1年!H5*100/365 -> 0 | Y5: =SUM($X$3:X5) -> 0 | AA5: -50 | AB5: =Z5*Return!F5*100 -> 0 | AC5: =AA5*Return!G5*100 -> 93 | AD5: =SUM($AB$3:AB5)+SUM($AC$3:AC5) -> 121.6 | AE5: =Q5+W5+AD5-Y5 -> #VALUE! | AF5: =AE5/$AI$1+1 -> #VALUE! | AG5: =(AF5/AF4-1)-中国_中债国债到期收益率_1年!H5%/252 -> #VALUE! | AH5: =MIN((AF5-MAX($AF$3:AF5))/MAX($AF$3:AF5),0) -> #VALUE!
A6: 44720 | B6: 10 | F6: =SUM(B6:E6) -> 10 | G6: =B6 -> 10 | H6: =5*C6 -> 0 | J6: =16*E6 -> 0 | K6: =SUM(G6:J6) -> 10 | L6: =G6*Return!B6*100 -> 1.9 | M6: =H6*Return!C6*100 -> 0 | N6: =I6*Return!D6*100 -> 0 | O6: =J6*Return!E6*100 -> 0 | P6: =SUM(L6:O6) -> 1.9 | Q6: =SUM($P$3:P6) -> #VALUE! | R6: =B6*中国_中债国债到期收益率_1年!B5/365*100 -> 5.5287671 | S6: =C6*中国_中债国债到期收益率_1年!C5/365*100 -> 0 | T6: =D6*中国_中债国债到期收益率_1年!D5/365*100 -> 0 | U6: =E6*中国_中债国债到期收益率_1年!E5/365*100 -> 0 | V6: =SUM(R6:U6) -> 5.5287671 | W6: =SUM($V$3:V6) -> #VALUE! | X6: =MAX(F6-50,0)*中国_中债国债到期收益率_1年!H6*100/365 -> 0 | Y6: =SUM($X$3:X6) -> 0 | AA6: -50 | AB6: =Z6*Return!F6*100 -> 0 | AC6: =AA6*Return!G6*100 -> 22 | AD6: =SUM($AB$3:AB6)+SUM($AC$3:AC6) -> 143.6 | AE6: =Q6+W6+AD6-Y6 -> #VALUE! | AF6: =AE6/$AI$1+1 -> #VALUE! | AG6: =(AF6/AF5-1)-中国_中债国债到期收益率_1年!H6%/252 -> #VALUE! | AH6: =MIN((AF6-MAX($AF$3:AF6))/MAX($AF$3:AF6),0) -> #VALUE!
A7: 44721 | B7: 10 | F7: =SUM(B7:E7) -> 10 | G7: =B7 -> 10 | H7: =5*C7 -> 0 | J7: =16*E7 -> 0 | K7: =SUM(G7:J7) -> 10 | L7: =G7*Return!B7*100 -> -10.2 | M7: =H7*Return!C7*100 -> 0 | N7: =I7*Return!D7*100 -> 0 | O7: =J7*Return!E7*100 -> 0 | P7: =SUM(L7:O7) -> -10.2 | Q7: =SUM($P$3:P7) -> #VALUE! | R7: =B7*中国_中债国债到期收益率_1年!B6/365*100 -> 5.5567123 | S7: =C7*中国_中债国债到期收益率_1年!C6/365*100 -> 0 | T7: =D7*中国_中债国债到期收益率_1年!D6/365*100 -> 0 | U7: =E7*中国_中债国债到期收益率_1年!E6/365*100 -> 0 | V7: =SUM(R7:U7) -> 5.5567123 | W7: =SUM($V$3:V7) -> #VALUE! | X7: =MAX(F7-50,0)*中国_中债国债到期收益率_1年!H7*100/365 -> 0 | Y7: =SUM($X$3:X7) -> 0 | AA7: -50 | AB7: =Z7*Return!F7*100 -> 0 | AC7: =AA7*Return!G7*100 -> -63.5 | AD7: =SUM($AB$3:AB7)+SUM($AC$3:AC7) -> 80.1 | AE7: =Q7+W7+AD7-Y7 -> #VALUE! | AF7: =AE7/$AI$1+1 -> #VALUE! | AG7: =(AF7/AF6-1)-中国_中债国债到期收益率_1年!H7%/252 -> #VALUE! | AH7: =MIN((AF7-MAX($AF$3:AF7))/MAX($AF$3:AF7),0) -> #VALUE!
A8: 44722 | B8: 10 | F8: =SUM(B8:E8) -> 10 | G8: =B8 -> 10 | H8: =5*C8 -> 0 | J8: =16*E8 -> 0 | K8: =SUM(G8:J8) -> 10 | L8: =G8*Return!B8*100 -> 13.1 | M8: =H8*Return!C8*100 -> 0 | N8: =I8*Return!D8*100 -> 0 | O8: =J8*Return!E8*100 -> 0 | P8: =SUM(L8:O8) -> 13.1 | Q8: =SUM($P$3:P8) -> #VALUE! | R8: =B8*中国_中债国债到期收益率_1年!B7/365*100 -> 5.5208219 | S8: =C8*中国_中债国债到期收益率_1年!C7/365*100 -> 0 | T8: =D8*中国_中债国债到期收益率_1年!D7/365*100 -> 0 | U8: =E8*中国_中债国债到期收益率_1年!E7/365*100 -> 0 | V8: =SUM(R8:U8) -> 5.5208219 | W8: =SUM($V$3:V8) -> #VALUE! | X8: =MAX(F8-50,0)*中国_中债国债到期收益率_1年!H8*100/365 -> 0 | Y8: =SUM($X$3:X8) -> 0 | AA8: -50 | AB8: =Z8*Return!F8*100 -> 0 | AC8: =AA8*Return!G8*100 -> -39.5 | AD8: =SUM($AB$3:AB8)+SUM($AC$3:AC8) -> 40.6 | AE8: =Q8+W8+AD8-Y8 -> #VALUE! | AF8: =AE8/$AI$1+1 -> #VALUE! | AG8: =(AF8/AF7-1)-中国_中债国债到期收益率_1年!H8%/252 -> #VALUE! | AH8: =MIN((AF8-MAX($AF$3:AF8))/MAX($AF$3:AF8),0) -> #VALUE!
A9: 44725 | B9: 10 | F9: =SUM(B9:E9) -> 10 | G9: =B9 -> 10 | H9: =5*C9 -> 0 | J9: =16*E9 -> 0 | K9: =SUM(G9:J9) -> 10 | L9: =G9*Return!B9*100 -> 10 | M9: =H9*Return!C9*100 -> 0 | N9: =I9*Return!D9*100 -> 0 | O9: =J9*Return!E9*100 -> 0 | P9: =SUM(L9:O9) -> 10 | Q9: =SUM($P$3:P9) -> #VALUE! | R9: =B9*中国_中债国债到期收益率_1年!B8/365*100 -> 5.4934247 | S9: =C9*中国_中债国债到期收益率_1年!C8/365*100 -> 0 | T9: =D9*中国_中债国债到期收益率_1年!D8/365*100 -> 0 | U9: =E9*中国_中债国债到期收益率_1年!E8/365*100 -> 0 | V9: =SUM(R9:U9) -> 5.4934247 | W9: =SUM($V$3:V9) -> #VALUE! | X9: =MAX(F9-50,0)*中国_中债国债到期收益率_1年!H9*100/365 -> 0 | Y9: =SUM($X$3:X9) -> 0 | AA9: -50 | AB9: =Z9*Return!F9*100 -> 0 | AC9: =AA9*Return!G9*100 -> -26.5 | AD9: =SUM($AB$3:AB9)+SUM($AC$3:AC9) -> 14.1 | AE9: =Q9+W9+AD9-Y9 -> #VALUE! | AF9: =AE9/$AI$1+1 -> #VALUE! | AG9: =(AF9/AF8-1)-中国_中债国债到期收益率_1年!H9%/252 -> #VALUE! | AH9: =MIN((AF9-MAX($AF$3:AF9))/MAX($AF$3:AF9),0) -> #VALUE!
A10: 44726 | B10: 10 | F10: =SUM(B10:E10) -> 10 | G10: =B10 -> 10 | H10: =5*C10 -> 0 | J10: =16*E10 -> 0 | K10: =SUM(G10:J10) -> 10 | L10: =G10*Return!B10*100 -> 2.5 | M10: =H10*Return!C10*100 -> 0 | N10: =I10*Return!D10*100 -> 0 | O10: =J10*Return!E10*100 -> 0 | P10: =SUM(L10:O10) -> 2.5 | Q10: =SUM($P$3:P10) -> #VALUE! | R10: =B10*中国_中债国债到期收益率_1年!B9/365*100 -> 5.4865753 | S10: =C10*中国_中债国债到期收益率_1年!C9/365*100 -> 0 | T10: =D10*中国_中债国债到期收益率_1年!D9/365*100 -> 0 | U10: =E10*中国_中债国债到期收益率_1年!E9/365*100 -> 0 | V10: =SUM(R10:U10) -> 5.4865753 | W10: =SUM($V$3:V10) -> #VALUE! | X10: =MAX(F10-50,0)*中国_中债国债到期收益率_1年!H10*100/365 -> 0 | Y10: =SUM($X$3:X10) -> 0 | AA10: -50 | AB10: =Z10*Return!F10*100 -> 0 | AC10: =AA10*Return!G10*100 -> 69.5 | AD10: =SUM($AB$3:AB10)+SUM($AC$3:AC10) -> 83.6 | AE10: =Q10+W10+AD10-Y10 -> #VALUE! | AF10: =AE10/$AI$1+1 -> #VALUE! | AG10: =(AF10/AF9-1)-中国_中债国债到期收益率_1年!H10%/252 -> #VALUE! | AH10: =MIN((AF10-MAX($AF$3:AF10))/MAX($AF$3:AF10),0) -> #VALUE!
A11: 44727 | B11: 10 | F11: =SUM(B11:E11) -> 10 | G11: =B11 -> 10 | H11: =5*C11 -> 0 | J11: =16*E11 -> 0 | K11: =SUM(G11:J11) -> 10 | L11: =G11*Return!B11*100 -> -15 | M11: =H11*Return!C11*100 -> 0 | N11: =I11*Return!D11*100 -> 0 | O11: =J11*Return!E11*100 -> 0 | P11: =SUM(L11:O11) -> -15 | Q11: =SUM($P$3:P11) -> #VALUE! | R11: =B11*中国_中债国债到期收益率_1年!B10/365*100 -> 5.5276712 | S11: =C11*中国_中债国债到期收益率_1年!C10/365*100 -> 0 | T11: =D11*中国_中债国债到期收益率_1年!D10/365*100 -> 0 | U11: =E11*中国_中债国债到期收益率_1年!E10/365*100 -> 0 | V11: =SUM(R11:U11) -> 5.5276712 | W11: =SUM($V$3:V11) -> #VALUE! | X11: =MAX(F11-50,0)*中国_中债国债到期收益率_1年!H11*100/365 -> 0 | Y11: =SUM($X$3:X11) -> 0 | AA11: -50 | AB11: =Z11*Return!F11*100 -> 0 | AC11: =AA11*Return!G11*100 -> 84 | AD11: =SUM($AB$3:AB11)+SUM($AC$3:AC11) -> 167.6 | AE11: =Q11+W11+AD11-Y11 -> #VALUE! | AF11: =AE11/$AI$1+1 -> #VALUE! | AG11: =(AF11/AF10-1)-中国_中债国债到期收益率_1年!H11%/252 -> #VALUE! | AH11: =MIN((AF11-MAX($AF$3:AF11))/MAX($AF$3:AF11),0) -> #VALUE!
A12: 44728 | B12: 10 | F12: =SUM(B12:E12) -> 10 | G12: =B12 -> 10 | H12: =5*C12 -> 0 | J12: =16*E12 -> 0 | K12: =SUM(G12:J12) -> 10 | L12: =G12*Return!B12*100 -> -18.4 | M12: =H12*Return!C12*100 -> 0 | N12: =I12*Return!D12*100 -> 0 | O12: =J12*Return!E12*100 -> 0 | P12: =SUM(L12:O12) -> -18.4 | Q12: =SUM($P$3:P12) -> #VALUE! | R12: =B12*中国_中债国债到期收益率_1年!B11/365*100 -> 5.5780822 | S12: =C12*中国_中债国债到期收益率_1年!C11/365*100 -> 0 | T12: =D12*中国_中债国债到期收益率_1年!D11/365*100 -> 0 | U12: =E12*中国_中债国债到期收益率_1年!E11/365*100 -> 0 | V12: =SUM(R12:U12) -> 5.5780822 | W12: =SUM($V$3:V12) -> #VALUE! | X12: =MAX(F12-50,0)*中国_中债国债到期收益率_1年!H12*100/365 -> 0 | Y12: =SUM($X$3:X12) -> 0 | AA12: -50 | AB12: =Z12*Return!F12*100 -> 0 | AC12: =AA12*Return!G12*100 -> 40 | AD12: =SUM($AB$3:AB12)+SUM($AC$3:AC12) -> 207.6 | AE12: =Q12+W12+AD12-Y12 -> #VALUE! | AF12: =AE12/$AI$1+1 -> #VALUE! | AG12: =(AF12/AF11-1)-中国_中债国债到期收益率_1年!H12%/252 -> #VALUE! | AH12: =MIN((AF12-MAX($AF$3:AF12))/MAX($AF$3:AF12),0) -> #VALUE!
A13: 44729 | B13: 10 | C13: 10 | F13: =SUM(B13:E13) -> 20 | G13: =B13 -> 10 | H13: =5*C13 -> 50 | J13: =16*E13 -> 0 | K13: =SUM(G13:J13) -> 60 | L13: =G13*Return!B13*100 -> 0.8 | M13: =H13*Return!C13*100 -> 88 | N13: =I13*Return!D13*100 -> 0 | O13: =J13*Return!E13*100 -> 0 | P13: =SUM(L13:O13) -> 88.8 | Q13: =SUM($P$3:P13) -> #VALUE! | R13: =B13*中国_中债国债到期收益率_1年!B12/365*100 -> 5.5758904 | S13: =C13*中国_中债国债到期收益率_1年!C12/365*100 -> 7.1057534 | T13: =D13*中国_中债国债到期收益率_1年!D12/365*100 -> 0 | U13: =E13*中国_中债国债到期收益率_1年!E12/365*100 -> 0 | V13: =SUM(R13:U13) -> 12.681644 | W13: =SUM($V$3:V13) -> #VALUE! | X13: =MAX(F13-50,0)*中国_中债国债到期收益率_1年!H13*100/365 -> 0 | Y13: =SUM($X$3:X13) -> 0 | AA13: -50 | AB13: =Z13*Return!F13*100 -> 0 | AC13: =AA13*Return!G13*100 -> -28.5 | AD13: =SUM($AB$3:AB13)+SUM($AC$3:AC13) -> 179.1 | AE13: =Q13+W13+AD13-Y13 -> #VALUE! | AF13: =AE13/$AI$1+1 -> #VALUE! | AG13: =(AF13/AF12-1)-中国_中债国债到期收益率_1年!H13%/252 -> #VALUE! | AH13: =MIN((AF13-MAX($AF$3:AF13))/MAX($AF$3:AF13),0) -> #VALUE!
A14: 44732 | B14: 10 | C14: 10 | F14: =SUM(B14:E14) -> 20 | G14: =B14 -> 10 | H14: =5*C14 -> 50 | J14: =16*E14 -> 0 | K14: =SUM(G14:J14) -> 60 | L14: =G14*Return!B14*100 -> 25 | M14: =H14*Return!C14*100 -> -4 | N14: =I14*Return!D14*100 -> 0 | O14: =J14*Return!E14*100 -> 0 | P14: =SUM(L14:O14) -> 21 | Q14: =SUM($P$3:P14) -> #VALUE! | R14: =B14*中国_中债国债到期收益率_1年!B13/365*100 -> 5.5073973 | S14: =C14*中国_中债国债到期收益率_1年!C13/365*100 -> 7.1079452 | T14: =D14*中国_中债国债到期收益率_1年!D13/365*100 -> 0 | U14: =E14*中国_中债国债到期收益率_1年!E13/365*100 -> 0 | V14: =SUM(R14:U14) -> 12.615342 | W14: =SUM($V$3:V14) -> #VALUE! | X14: =MAX(F14-50,0)*中国_中债国债到期收益率_1年!H14*100/365 -> 0 | Y14: =SUM($X$3:X14) -> 0 | AA14: -50 | AB14: =Z14*Return!F14*100 -> 0 | AC14: =AA14*Return!G14*100 -> -52 | AD14: =SUM($AB$3:AB14)+SUM($AC$3:AC14) -> 127.1 | AE14: =Q14+W14+AD14-Y14 -> #VALUE! | AF14: =AE14/$AI$1+1 -> #VALUE! | AG14: =(AF14/AF13-1)-中国_中债国债到期收益率_1年!H14%/252 -> #VALUE! | AH14: =MIN((AF14-MAX($AF$3:AF14))/MAX($AF$3:AF14),0) -> #VALUE!
A15: 44733 | B15: 10 | C15: 10 | F15: =SUM(B15:E15) -> 20 | G15: =B15 -> 10 | H15: =5*C15 -> 50 | J15: =16*E15 -> 0 | K15: =SUM(G15:J15) -> 60 | L15: =G15*Return!B15*100 -> 4.6 | M15: =H15*Return!C15*100 -> -109.5 | N15: =I15*Return!D15*100 -> 0 | O15: =J15*Return!E15*100 -> 0 | P15: =SUM(L15:O15) -> -104.9 | Q15: =SUM($P$3:P15) -> #VALUE! | R15: =B15*中国_中债国债到期收益率_1年!B14/365*100 -> 5.4947945 | S15: =C15*中国_中债国债到期收益率_1年!C14/365*100 -> 7.1679452 | T15: =D15*中国_中债国债到期收益率_1年!D14/365*100 -> 0 | U15: =E15*中国_中债国债到期收益率_1年!E14/365*100 -> 0 | V15: =SUM(R15:U15) -> 12.66274 | W15: =SUM($V$3:V15) -> #VALUE! | X15: =MAX(F15-50,0)*中国_中债国债到期收益率_1年!H15*100/365 -> 0 | Y15: =SUM($X$3:X15) -> 0 | AA15: -50 | AB15: =Z15*Return!F15*100 -> 0 | AC15: =AA15*Return!G15*100 -> 117.5 | AD15: =SUM($AB$3:AB15)+SUM($AC$3:AC15) -> 244.6 | AE15: =Q15+W15+AD15-Y15 -> #VALUE! | AF15: =AE15/$AI$1+1 -> #VALUE! | AG15: =(AF15/AF14-1)-中国_中债国债到期收益率_1年!H15%/252 -> #VALUE! | AH15: =MIN((AF15-MAX($AF$3:AF15))/MAX($AF$3:AF15),0) -> #VALUE!
A16: 44734 | B16: 20 | C16: 10 | F16: =SUM(B16:E16) -> 30 | G16: =B16 -> 20 | H16: =5*C16 -> 50 | J16: =16*E16 -> 0 | K16: =SUM(G16:J16) -> 70 | L16: =G16*Return!B16*100 -> 7.6 | M16: =H16*Return!C16*100 -> 22.5 | N16: =I16*Return!D16*100 -> 0 | O16: =J16*Return!E16*100 -> 0 | P16: =SUM(L16:O16) -> 30.1 | Q16: =SUM($P$3:P16) -> #VALUE! | R16: =B16*中国_中债国债到期收益率_1年!B15/365*100 -> 10.968767 | S16: =C16*中国_中债国债到期收益率_1年!C15/365*100 -> 7.1556164 | T16: =D16*中国_中债国债到期收益率_1年!D15/365*100 -> 0 | U16: =E16*中国_中债国债到期收益率_1年!E15/365*100 -> 0 | V16: =SUM(R16:U16) -> 18.124384 | W16: =SUM($V$3:V16) -> #VALUE! | X16: =MAX(F16-50,0)*中国_中债国债到期收益率_1年!H16*100/365 -> 0 | Y16: =SUM($X$3:X16) -> 0 | AA16: -50 | AB16: =Z16*Return!F16*100 -> 0 | AC16: =AA16*Return!G16*100 -> 39 | AD16: =SUM($AB$3:AB16)+SUM($AC$3:AC16) -> 283.6 | AE16: =Q16+W16+AD16-Y16 -> #VALUE! | AF16: =AE16/$AI$1+1 -> #VALUE! | AG16: =(AF16/AF15-1)-中国_中债国债到期收益率_1年!H16%/252 -> #VALUE! | AH16: =MIN((AF16-MAX($AF$3:AF16))/MAX($AF$3:AF16),0) -> #VALUE!
A17: 44735 | B17: 20 | C17: 10 | F17: =SUM(B17:E17) -> 30 | G17: =B17 -> 20 | H17: =5*C17 -> 50 | J17: =16*E17 -> 0 | K17: =SUM(G17:J17) -> 70 | L17: =G17*Return!B17*100 -> 29.8 | M17: =H17*Return!C17*100 -> 36.5 | N17: =I17*Return!D17*100 -> 0 | O17: =J17*Return!E17*100 -> 0 | P17: =SUM(L17:O17) -> 66.3 | Q17: =SUM($P$3:P17) -> #VALUE! | R17: =B17*中国_中债国债到期收益率_1年!B16/365*100 -> 10.887123 | S17: =C17*中国_中债国债到期收益率_1年!C16/365*100 -> 7.1356164 | T17: =D17*中国_中债国债到期收益率_1年!D16/365*100 -> 0 | U17: =E17*中国_中债国债到期收益率_1年!E16/365*100 -> 0 | V17: =SUM(R17:U17) -> 18.02274 | W17: =SUM($V$3:V17) -> #VALUE! | X17: =MAX(F17-50,0)*中国_中债国债到期收益率_1年!H17*100/365 -> 0 | Y17: =SUM($X$3:X17) -> 0 | AA17: -50 | AB17: =Z17*Return!F17*100 -> 0 | AC17: =AA17*Return!G17*100 -> -53.5 | AD17: =SUM($AB$3:AB17)+SUM($AC$3:AC17) -> 230.1 | AE17: =Q17+W17+AD17-Y17 -> #VALUE! | AF17: =AE17/$AI$1+1 -> #VALUE! | AG17: =(AF17/AF16-1)-中国_中债国债到期收益率_1年!H17%/252 -> #VALUE! | AH17: =MIN((AF17-MAX($AF$3:AF17))/MAX($AF$3:AF17),0) -> #VALUE!
A18: 44736 | B18: 20 | C18: 10 | F18: =SUM(B18:E18) -> 30 | G18: =B18 -> 20 | H18: =5*C18 -> 50 | J18: =16*E18 -> 0 | K18: =SUM(G18:J18) -> 70 | L18: =G18*Return!B18*100 -> 52.2 | M18: =H18*Return!C18*100 -> -16 | N18: =I18*Return!D18*100 -> 0 | O18: =J18*Return!E18*100 -> 0 | P18: =SUM(L18:O18) -> 36.2 | Q18: =SUM($P$3:P18) -> #VALUE! | R18: =B18*中国_中债国债到期收益率_1年!B17/365*100 -> 10.74411 | S18: =C18*中国_中债国债到期收益率_1年!C17/365*100 -> 7.1443836 | T18: =D18*中国_中债国债到期收益率_1年!D17/365*100 -> 0 | U18: =E18*中国_中债国债到期收益率_1年!E17/365*100 -> 0 | V18: =SUM(R18:U18) -> 17.888493 | W18: =SUM($V$3:V18) -> #VALUE! | X18: =MAX(F18-50,0)*中国_中债国债到期收益率_1年!H18*100/365 -> 0 | Y18: =SUM($X$3:X18) -> 0 | AA18: -50 | AB18: =Z18*Return!F18*100 -> 0 | AC18: =AA18*Return!G18*100 -> -28 | AD18: =SUM($AB$3:AB18)+SUM($AC$3:AC18) -> 202.1 | AE18: =Q18+W18+AD18-Y18 -> #VALUE! | AF18: =AE18/$AI$1+1 -> #VALUE! | AG18: =(AF18/AF17-1)-中国_中债国债到期收益率_1年!H18%/252 -> #VALUE! | AH18: =MIN((AF18-MAX($AF$3:AF18))/MAX($AF$3:AF18),0) -> #VALUE!
A19: 44739 | B19: 20 | C19: 10 | F19: =SUM(B19:E19) -> 30 | G19: =B19 -> 20 | H19: =5*C19 -> 50 | I19: =9*D19 -> 0 | J19: =16*E19 -> 0 | K19: =SUM(G19:J19) -> 70 | L19: =G19*Return!B19*100 -> -9 | M19: =H19*Return!C19*100 -> -131.5 | N19: =I19*Return!D19*100 -> 0 | O19: =J19*Return!E19*100 -> 0 | P19: =SUM(L19:O19) -> -140.5 | Q19: =SUM($P$3:P19) -> #VALUE! | R19: =B19*中国_中债国债到期收益率_1年!B18/365*100 -> 10.768767 | S19: =C19*中国_中债国债到期收益率_1年!C18/365*100 -> 7.2164384 | T19: =D19*中国_中债国债到期收益率_1年!D18/365*100 -> 0 | U19: =E19*中国_中债国债到期收益率_1年!E18/365*100 -> 0 | V19: =SUM(R19:U19) -> 17.985205 | W19: =SUM($V$3:V19) -> #VALUE! | X19: =MAX(F19-50,0)*中国_中债国债到期收益率_1年!H19*100/365 -> 0 | Y19: =SUM($X$3:X19) -> 0 | AA19: -50 | AB19: =Z19*Return!F19*100 -> 0 | AC19: =AA19*Return!G19*100 -> 106 | AD19: =SUM($AB$3:AB19)+SUM($AC$3:AC19) -> 308.1 | AE19: =Q19+W19+AD19-Y19 -> #VALUE! | AF19: =AE19/$AI$1+1 -> #VALUE! | AG19: =(AF19/AF18-1)-中国_中债国债到期收益率_1年!H19%/252 -> #VALUE! | AH19: =MIN((AF19-MAX($AF$3:AF19))/MAX($AF$3:AF19),0) -> #VALUE!
A20: 44740 | B20: 20 | C20: 10 | F20: =SUM(B20:E20) -> 30 | G20: =B20 -> 20 | H20: =5*C20 -> 50 | I20: =9*D20 -> 0 | J20: =16*E20 -> 0 | K20: =SUM(G20:J20) -> 70 | L20: =G20*Return!B20*100 -> -63.6 | M20: =H20*Return!C20*100 -> -182 | N20: =I20*Return!D20*100 -> 0 | O20: =J20*Return!E20*100 -> 0 | P20: =SUM(L20:O20) -> -245.6 | Q20: =SUM($P$3:P20) -> #VALUE! | R20: =B20*中国_中债国债到期收益率_1年!B19/365*100 -> 10.943014 | S20: =C20*中国_中债国债到期收益率_1年!C19/365*100 -> 7.3161644 | T20: =D20*中国_中债国债到期收益率_1年!D19/365*100 -> 0 | U20: =E20*中国_中债国债到期收益率_1年!E19/365*100 -> 0 | V20: =SUM(R20:U20) -> 18.259178 | W20: =SUM($V$3:V20) -> #VALUE! | X20: =MAX(F20-50,0)*中国_中债国债到期收益率_1年!H20*100/365 -> 0 | Y20: =SUM($X$3:X20) -> 0 | AA20: -50 | AB20: =Z20*Return!F20*100 -> 0 | AC20: =AA20*Return!G20*100 -> 220 | AD20: =SUM($AB$3:AB20)+SUM($AC$3:AC20) -> 528.1 | AE20: =Q20+W20+AD20-Y20 -> #VALUE! | AF20: =AE20/$AI$1+1 -> #VALUE! | AG20: =(AF20/AF19-1)-中国_中债国债到期收益率_1年!H20%/252 -> #VALUE! | AH20: =MIN((AF20-MAX($AF$3:AF20))/MAX($AF$3:AF20),0) -> #VALUE!
A21: 44741 | B21: 20 | C21: 10 | F21: =SUM(B21:E21) -> 30 | G21: =B21 -> 20 | H21: =5*C21 -> 50 | I21: =9*D21 -> 0 | J21: =16*E21 -> 0 | K21: =SUM(G21:J21) -> 70 | L21: =G21*Return!B21*100 -> -1 | M21: =H21*Return!C21*100 -> -60.5 | N21: =I21*Return!D21*100 -> 0 | O21: =J21*Return!E21*100 -> 0 | P21: =SUM(L21:O21) -> -61.5 | Q21: =SUM($P$3:P21) -> #VALUE! | R21: =B21*中国_中债国债到期收益率_1年!B20/365*100 -> 10.945753 | S21: =C21*中国_中债国债到期收益率_1年!C20/365*100 -> 7.3493151 | T21: =D21*中国_中债国债到期收益率_1年!D20/365*100 -> 0 | U21: =E21*中国_中债国债到期收益率_1年!E20/365*100 -> 0 | V21: =SUM(R21:U21) -> 18.295068 | W21: =SUM($V$3:V21) -> #VALUE! | X21: =MAX(F21-50,0)*中国_中债国债到期收益率_1年!H21*100/365 -> 0 | Y21: =SUM($X$3:X21) -> 0 | AA21: -50 | AB21: =Z21*Return!F21*100 -> 0 | AC21: =AA21*Return!G21*100 -> 56 | AD21: =SUM($AB$3:AB21)+SUM($AC$3:AC21) -> 584.1 | AE21: =Q21+W21+AD21-Y21 -> #VALUE! | AF21: =AE21/$AI$1+1 -> #VALUE! | AG21: =(AF21/AF20-1)-中国_中债国债到期收益率_1年!H21%/252 -> #VALUE! | AH21: =MIN((AF21-MAX($AF$3:AF21))/MAX($AF$3:AF21),0) -> #VALUE!
A22: 44742 | B22: 20 | C22: 10 | F22: =SUM(B22:E22) -> 30 | G22: =B22 -> 20 | H22: =5*C22 -> 50 | I22: =9*D22 -> 0 | J22: =16*E22 -> 0 | K22: =SUM(G22:J22) -> 70 | L22: =G22*Return!B22*100 -> 42.6 | M22: =H22*Return!C22*100 -> 46.5 | N22: =I22*Return!D22*100 -> 0 | O22: =J22*Return!E22*100 -> 0 | P22: =SUM(L22:O22) -> 89.1 | Q22: =SUM($P$3:P22) -> #VALUE! | R22: =B22*中国_中债国债到期收益率_1年!B21/365*100 -> 10.829041 | S22: =C22*中国_中债国债到期收益率_1年!C21/365*100 -> 7.3238356 | T22: =D22*中国_中债国债到期收益率_1年!D21/365*100 -> 0 | U22: =E22*中国_中债国债到期收益率_1年!E21/365*100 -> 0 | V22: =SUM(R22:U22) -> 18.152877 | W22: =SUM($V$3:V22) -> #VALUE! | X22: =MAX(F22-50,0)*中国_中债国债到期收益率_1年!H22*100/365 -> 0 | Y22: =SUM($X$3:X22) -> 0 | AA22: -50 | AB22: =Z22*Return!F22*100 -> 0 | AC22: =AA22*Return!G22*100 -> -15 | AD22: =SUM($AB$3:AB22)+SUM($AC$3:AC22) -> 569.1 | AE22: =Q22+W22+AD22-Y22 -> #VALUE! | AF22: =AE22/$AI$1+1 -> #VALUE! | AG22: =(AF22/AF21-1)-中国_中债国债到期收益率_1年!H22%/252 -> #VALUE! | AH22: =MIN((AF22-MAX($AF$3:AF22))/MAX($AF$3:AF22),0) -> #VALUE!
A23: 44743 | B23: 20 | C23: 10 | F23: =SUM(B23:E23) -> 30 | G23: =B23 -> 20 | H23: =5*C23 -> 50 | I23: =9*D23 -> 0 | J23: =16*E23 -> 0 | K23: =SUM(G23:J23) -> 70 | L23: =G23*Return!B23*100 -> 51.8 | M23: =H23*Return!C23*100 -> 101.5 | N23: =I23*Return!D23*100 -> 0 | O23: =J23*Return!E23*100 -> 0 | P23: =SUM(L23:O23) -> 153.3 | Q23: =SUM($P$3:P23) -> #VALUE! | R23: =B23*中国_中债国债到期收益率_1年!B22/365*100 -> 10.687123 | S23: =C23*中国_中债国债到期收益率_1年!C22/365*100 -> 7.2682192 | T23: =D23*中国_中债国债到期收益率_1年!D22/365*100 -> 0 | U23: =E23*中国_中债国债到期收益率_1年!E22/365*100 -> 0 | V23: =SUM(R23:U23) -> 17.955342 | W23: =SUM($V$3:V23) -> #VALUE! | X23: =MAX(F23-50,0)*中国_中债国债到期收益率_1年!H23*100/365 -> 0 | Y23: =SUM($X$3:X23) -> 0 | AA23: -50 | AB23: =Z23*Return!F23*100 -> 0 | AC23: =AA23*Return!G23*100 -> -77.5 | AD23: =SUM($AB$3:AB23)+SUM($AC$3:AC23) -> 491.6 | AE23: =Q23+W23+AD23-Y23 -> #VALUE! | AF23: =AE23/$AI$1+1 -> #VALUE! | AG23: =(AF23/AF22-1)-中国_中债国债到期收益率_1年!H23%/252 -> #VALUE! | AH23: =MIN((AF23-MAX($AF$3:AF23))/MAX($AF$3:AF23),0) -> #VALUE!
A24: 44746 | B24: 20 | C24: 10 | F24: =SUM(B24:E24) -> 30 | G24: =B24 -> 20 | H24: =5*C24 -> 50 | I24: =9*D24 -> 0 | J24: =16*E24 -> 0 | K24: =SUM(G24:J24) -> 70 | L24: =G24*Return!B24*100 -> 36 | M24: =H24*Return!C24*100 -> 22 | N24: =I24*Return!D24*100 -> 0 | O24: =J24*Return!E24*100 -> 0 | P24: =SUM(L24:O24) -> 58 | Q24: =SUM($P$3:P24) -> #VALUE! | R24: =B24*中国_中债国债到期收益率_1年!B23/365*100 -> 10.588493 | S24: =C24*中国_中债国债到期收益率_1年!C23/365*100 -> 7.2561644 | T24: =D24*中国_中债国债到期收益率_1年!D23/365*100 -> 0 | U24: =E24*中国_中债国债到期收益率_1年!E23/365*100 -> 0 | V24: =SUM(R24:U24) -> 17.844658 | W24: =SUM($V$3:V24) -> #VALUE! | X24: =MAX(F24-50,0)*中国_中债国债到期收益率_1年!H24*100/365 -> 0 | Y24: =SUM($X$3:X24) -> 0 | AA24: -50 | AB24: =Z24*Return!F24*100 -> 0 | AC24: =AA24*Return!G24*100 -> -60.5 | AD24: =SUM($AB$3:AB24)+SUM($AC$3:AC24) -> 431.1 | AE24: =Q24+W24+AD24-Y24 -> #VALUE! | AF24: =AE24/$AI$1+1 -> #VALUE! | AG24: =(AF24/AF23-1)-中国_中债国债到期收益率_1年!H24%/252 -> #VALUE! | AH24: =MIN((AF24-MAX($AF$3:AF24))/MAX($AF$3:AF24),0) -> #VALUE!
A25: 44747 | B25: 20 | C25: 10 | F25: =SUM(B25:E25) -> 30 | G25: =B25 -> 20 | H25: =5*C25 -> 50 | I25: =9*D25 -> 0 | J25: =16*E25 -> 0 | K25: =SUM(G25:J25) -> 70 | L25: =G25*Return!B25*100 -> -101.4 | M25: =H25*Return!C25*100 -> -240 | N25: =I25*Return!D25*100 -> 0 | O25: =J25*Return!E25*100 -> 0 | P25: =SUM(L25:O25) -> -341.4 | Q25: =SUM($P$3:P25) -> #VALUE! | R25: =B25*中国_中债国债到期收益率_1年!B24/365*100 -> 10.866301 | S25: =C25*中国_中债国债到期收益率_1年!C24/365*100 -> 7.3876712 | T25: =D25*中国_中债国债到期收益率_1年!D24/365*100 -> 0 | U25: =E25*中国_中债国债到期收益率_1年!E24/365*100 -> 0 | V25: =SUM(R25:U25) -> 18.253973 | W25: =SUM($V$3:V25) -> #VALUE! | X25: =MAX(F25-50,0)*中国_中债国债到期收益率_1年!H25*100/365 -> 0 | Y25: =SUM($X$3:X25) -> 0 | AA25: -50 | AB25: =Z25*Return!F25*100 -> 0 | AC25: =AA25*Return!G25*100 -> 227 | AD25: =SUM($AB$3:AB25)+SUM($AC$3:AC25) -> 658.1 | AE25: =Q25+W25+AD25-Y25 -> #VALUE! | AF25: =AE25/$AI$1+1 -> #VALUE! | AG25: =(AF25/AF24-1)-中国_中债国债到期收益率_1年!H25%/252 -> #VALUE! | AH25: =MIN((AF25-MAX($AF$3:AF25))/MAX($AF$3:AF25),0) -> #VALUE!
A26: 44748 | B26: 10 | C26: 10 | F26: =SUM(B26:E26) -> 20 | G26: =B26 -> 10 | H26: =5*C26 -> 50 | I26: =9*D26 -> 0 | J26: =16*E26 -> 0 | K26: =SUM(G26:J26) -> 60 | L26: =G26*Return!B26*100 -> -26.9 | M26: =H26*Return!C26*100 -> 17.5 | N26: =I26*Return!D26*100 -> 0 | O26: =J26*Return!E26*100 -> 0 | P26: =SUM(L26:O26) -> -9.4 | Q26: =SUM($P$3:P26) -> #VALUE! | R26: =B26*中国_中债国债到期收益率_1年!B25/365*100 -> 5.5068493 | S26: =C26*中国_中债国债到期收益率_1年!C25/365*100 -> 7.3780822 | T26: =D26*中国_中债国债到期收益率_1年!D25/365*100 -> 0 | U26: =E26*中国_中债国债到期收益率_1年!E25/365*100 -> 0 | V26: =SUM(R26:U26) -> 12.884932 | W26: =SUM($V$3:V26) -> #VALUE! | X26: =MAX(F26-50,0)*中国_中债国债到期收益率_1年!H26*100/365 -> 0 | Y26: =SUM($X$3:X26) -> 0 | AA26: -50 | AB26: =Z26*Return!F26*100 -> 0 | AC26: =AA26*Return!G26*100 -> 101 | AD26: =SUM($AB$3:AB26)+SUM($AC$3:AC26) -> 759.1 | AE26: =Q26+W26+AD26-Y26 -> #VALUE! | AF26: =AE26/$AI$1+1 -> #VALUE! | AG26: =(AF26/AF25-1)-中国_中债国债到期收益率_1年!H26%/252 -> #VALUE! | AH26: =MIN((AF26-MAX($AF$3:AF26))/MAX($AF$3:AF26),0) -> #VALUE!
A27: 44749 | B27: 10 | C27: 10 | D27: 10 | F27: =SUM(B27:E27) -> 30 | G27: =B27 -> 10 | H27: =5*C27 -> 50 | I27: =9*D27 -> 90 | J27: =16*E27 -> 0 | K27: =SUM(G27:J27) -> 150 | L27: =G27*Return!B27*100 -> 18.9 | M27: =H27*Return!C27*100 -> 14 | N27: =I27*Return!D27*100 -> -20.7 | O27: =J27*Return!E27*100 -> 0 | P27: =SUM(L27:O27) -> 12.2 | Q27: =SUM($P$3:P27) -> #VALUE! | R27: =B27*中国_中债国债到期收益率_1年!B26/365*100 -> 5.4550685 | S27: =C27*中国_中债国债到期收益率_1年!C26/365*100 -> 7.370411 | T27: =D27*中国_中债国债到期收益率_1年!D26/365*100 -> 7.7687671 | U27: =E27*中国_中债国债到期收益率_1年!E26/365*100 -> 0 | V27: =SUM(R27:U27) -> 20.594247 | W27: =SUM($V$3:V27) -> #VALUE! | X27: =MAX(F27-50,0)*中国_中债国债到期收益率_1年!H27*100/365 -> 0 | Y27: =SUM($X$3:X27) -> 0 | AA27: -50 | AB27: =Z27*Return!F27*100 -> 0 | AC27: =AA27*Return!G27*100 -> -87 | AD27: =SUM($AB$3:AB27)+SUM($AC$3:AC27) -> 672.1 | AE27: =Q27+W27+AD27-Y27 -> #VALUE! | AF27: =AE27/$AI$1+1 -> #VALUE! | AG27: =(AF27/AF26-1)-中国_中债国债到期收益率_1年!H27%/252 -> #VALUE! | AH27: =MIN((AF27-MAX($AF$3:AF27))/MAX($AF$3:AF27),0) -> #VALUE!
A28: 44750 | B28: 10 | C28: 10 | D28: 10 | F28: =SUM(B28:E28) -> 30 | G28: =B28 -> 10 | H28: =5*C28 -> 50 | I28: =9*D28 -> 90 | J28: =16*E28 -> 0 | K28: =SUM(G28:J28) -> 150 | L28: =G28*Return!B28*100 -> 8.7 | M28: =H28*Return!C28*100 -> 22.5 | N28: =I28*Return!D28*100 -> 0 | O28: =J28*Return!E28*100 -> 0 | P28: =SUM(L28:O28) -> 31.2 | Q28: =SUM($P$3:P28) -> #VALUE! | R28: =B28*中国_中债国债到期收益率_1年!B27/365*100 -> 5.4312329 | S28: =C28*中国_中债国债到期收益率_1年!C27/365*100 -> 7.3580822 | T28: =D28*中国_中债国债到期收益率_1年!D27/365*100 -> 7.7687671 | U28: =E28*中国_中债国债到期收益率_1年!E27/365*100 -> 0 | V28: =SUM(R28:U28) -> 20.558082 | W28: =SUM($V$3:V28) -> #VALUE! | X28: =MAX(F28-50,0)*中国_中债国债到期收益率_1年!H28*100/365 -> 0 | Y28: =SUM($X$3:X28) -> 0 | AB28: =Z28*Return!F28*100 -> 0 | AC28: =AA28*Return!G28*100 -> 0 | AD28: =SUM($AB$3:AB28)+SUM($AC$3:AC28) -> 672.1 | AE28: =Q28+W28+AD28-Y28 -> #VALUE! | AF28: =AE28/$AI$1+1 -> #VALUE! | AG28: =(AF28/AF27-1)-中国_中债国债到期收益率_1年!H28%/252 -> #VALUE! | AH28: =MIN((AF28-MAX($AF$3:AF28))/MAX($AF$3:AF28),0) -> #VALUE!
A29: 44753 | B29: 10 | C29: 10 | D29: 10 | F29: =SUM(B29:E29) -> 30 | G29: =B29 -> 10 | H29: =5*C29 -> 50 | I29: =9*D29 -> 90 | J29: =16*E29 -> 0 | K29: =SUM(G29:J29) -> 150 | L29: =G29*Return!B29*100 -> 24 | M29: =H29*Return!C29*100 -> 36 | N29: =I29*Return!D29*100 -> -25.2 | O29: =J29*Return!E29*100 -> 0 | P29: =SUM(L29:O29) -> 34.8 | Q29: =SUM($P$3:P29) -> #VALUE! | R29: =B29*中国_中债国债到期收益率_1年!B28/365*100 -> 5.3654795 | S29: =C29*中国_中债国债到期收益率_1年!C28/365*100 -> 7.3383562 | T29: =D29*中国_中债国债到期收益率_1年!D28/365*100 -> 7.7764384 | U29: =E29*中国_中债国债到期收益率_1年!E28/365*100 -> 0 | V29: =SUM(R29:U29) -> 20.480274 | W29: =SUM($V$3:V29) -> #VALUE! | X29: =MAX(F29-50,0)*中国_中债国债到期收益率_1年!H29*100/365 -> 0 | Y29: =SUM($X$3:X29) -> 0 | AB29: =Z29*Return!F29*100 -> 0 | AC29: =AA29*Return!G29*100 -> 0 | AD29: =SUM($AB$3:AB29)+SUM($AC$3:AC29) -> 672.1 | AE29: =Q29+W29+AD29-Y29 -> #VALUE! | AF29: =AE29/$AI$1+1 -> #VALUE! | AG29: =(AF29/AF28-1)-中国_中债国债到期收益率_1年!H29%/252 -> #VALUE! | AH29: =MIN((AF29-MAX($AF$3:AF29))/MAX($AF$3:AF29),0) -> #VALUE!
A30: 44754 | B30: 10 | C30: 10 | D30: 10 | F30: =SUM(B30:E30) -> 30 | G30: =B30 -> 10 | H30: =5*C30 -> 50 | I30: =9*D30 -> 90 | J30: =16*E30 -> 0 | K30: =SUM(G30:J30) -> 150 | L30: =G30*Return!B30*100 -> 16.7 | M30: =H30*Return!C30*100 -> 125 | N30: =I30*Return!D30*100 -> 106.2 | O30: =J30*Return!E30*100 -> 0 | P30: =SUM(L30:O30) -> 247.9 | Q30: =SUM($P$3:P30) -> #VALUE! | R30: =B30*中国_中债国债到期收益率_1年!B29/365*100 -> 5.319726 | S30: =C30*中国_中债国债到期收益率_1年!C29/365*100 -> 7.269863 | T30: =D30*中国_中债国债到期收益率_1年!D29/365*100 -> 7.7441096 | U30: =E30*中国_中债国债到期收益率_1年!E29/365*100 -> 0 | V30: =SUM(R30:U30) -> 20.333699 | W30: =SUM($V$3:V30) -> #VALUE! | X30: =MAX(F30-50,0)*中国_中债国债到期收益率_1年!H30*100/365 -> 0 | Y30: =SUM($X$3:X30) -> 0 | AB30: =Z30*Return!F30*100 -> 0 | AC30: =AA30*Return!G30*100 -> 0 | AD30: =SUM($AB$3:AB30)+SUM($AC$3:AC30) -> 672.1 | AE30: =Q30+W30+AD30-Y30 -> #VALUE! | AF30: =AE30/$AI$1+1 -> #VALUE! | AG30: =(AF30/AF29-1)-中国_中债国债到期收益率_1年!H30%/252 -> #VALUE! | AH30: =MIN((AF30-MAX($AF$3:AF30))/MAX($AF$3:AF30),0) -> #VALUE!
A31: 44755 | B31: 10 | C31: 10 | D31: 10 | F31: =SUM(B31:E31) -> 30 | G31: =B31 -> 10 | H31: =5*C31 -> 50 | I31: =9*D31 -> 90 | J31: =16*E31 -> 0 | K31: =SUM(G31:J31) -> 150 | L31: =G31*Return!B31*100 -> 7.2 | M31: =H31*Return!C31*100 -> 163 | N31: =I31*Return!D31*100 -> 134.1 | O31: =J31*Return!E31*100 -> 0 | P31: =SUM(L31:O31) -> 304.3 | Q31: =SUM($P$3:P31) -> #VALUE! | R31: =B31*中国_中债国债到期收益率_1年!B30/365*100 -> 5.3 | S31: =C31*中国_中债国债到期收益率_1年!C30/365*100 -> 7.1805479 | T31: =D31*中国_中债国债到期收益率_1年!D30/365*100 -> 7.7032877 | U31: =E31*中国_中债国债到期收益率_1年!E30/365*100 -> 0 | V31: =SUM(R31:U31) -> 20.183836 | W31: =SUM($V$3:V31) -> #VALUE! | X31: =MAX(F31-50,0)*中国_中债国债到期收益率_1年!H31*100/365 -> 0 | Y31: =SUM($X$3:X31) -> 0 | AB31: =Z31*Return!F31*100 -> 0 | AC31: =AA31*Return!G31*100 -> 0 | AD31: =SUM($AB$3:AB31)+SUM($AC$3:AC31) -> 672.1 | AE31: =Q31+W31+AD31-Y31 -> #VALUE! | AF31: =AE31/$AI$1+1 -> #VALUE! | AG31: =(AF31/AF30-1)-中国_中债国债到期收益率_1年!H31%/252 -> #VALUE! | AH31: =MIN((AF31-MAX($AF$3:AF31))/MAX($AF$3:AF31),0) -> #VALUE!
A32: 44756 | B32: 10 | C32: 10 | D32: 10 | F32: =SUM(B32:E32) -> 30 | G32: =B32 -> 10 | H32: =5*C32 -> 50 | I32: =9*D32 -> 90 | J32: =16*E32 -> 0 | K32: =SUM(G32:J32) -> 150 | L32: =G32*Return!B32*100 -> -3.1 | M32: =H32*Return!C32*100 -> 37.5 | N32: =I32*Return!D32*100 -> 45 | O32: =J32*Return!E32*100 -> 0 | P32: =SUM(L32:O32) -> 79.4 | Q32: =SUM($P$3:P32) -> #VALUE! | R32: =B32*中国_中债国债到期收益率_1年!B31/365*100 -> 5.3084932 | S32: =C32*中国_中债国债到期收益率_1年!C31/365*100 -> 7.16 | T32: =D32*中国_中债国债到期收益率_1年!D31/365*100 -> 7.689589 | U32: =E32*中国_中债国债到期收益率_1年!E31/365*100 -> 0 | V32: =SUM(R32:U32) -> 20.158082 | W32: =SUM($V$3:V32) -> #VALUE! | X32: =MAX(F32-50,0)*中国_中债国债到期收益率_1年!H32*100/365 -> 0 | Y32: =SUM($X$3:X32) -> 0 | AB32: =Z32*Return!F32*100 -> 0 | AC32: =AA32*Return!G32*100 -> 0 | AD32: =SUM($AB$3:AB32)+SUM($AC$3:AC32) -> 672.1 | AE32: =Q32+W32+AD32-Y32 -> #VALUE! | AF32: =AE32/$AI$1+1 -> #VALUE! | AG32: =(AF32/AF31-1)-中国_中债国债到期收益率_1年!H32%/252 -> #VALUE! | AH32: =MIN((AF32-MAX($AF$3:AF32))/MAX($AF$3:AF32),0) -> #VALUE!
A33: 44757 | B33: 10 | C33: 10 | D33: 10 | F33: =SUM(B33:E33) -> 30 | G33: =B33 -> 10 | H33: =5*C33 -> 50 | I33: =9*D33 -> 90 | J33: =16*E33 -> 0 | K33: =SUM(G33:J33) -> 150 | L33: =G33*Return!B33*100 -> 22.9 | M33: =H33*Return!C33*100 -> 132 | N33: =I33*Return!D33*100 -> 144 | O33: =J33*Return!E33*100 -> 0 | P33: =SUM(L33:O33) -> 298.9 | Q33: =SUM($P$3:P33) -> #VALUE! | R33: =B33*中国_中债国债到期收益率_1年!B32/365*100 -> 5.2457534 | S33: =C33*中国_中债国债到期收益率_1年!C32/365*100 -> 7.0876712 | T33: =D33*中国_中债国债到期收益率_1年!D32/365*100 -> 7.6457534 | U33: =E33*中国_中债国债到期收益率_1年!E32/365*100 -> 0 | V33: =SUM(R33:U33) -> 19.979178 | W33: =SUM($V$3:V33) -> #VALUE! | X33: =MAX(F33-50,0)*中国_中债国债到期收益率_1年!H33*100/365 -> 0 | Y33: =SUM($X$3:X33) -> 0 | AB33: =Z33*Return!F33*100 -> 0 | AC33: =AA33*Return!G33*100 -> 0 | AD33: =SUM($AB$3:AB33)+SUM($AC$3:AC33) -> 672.1 | AE33: =Q33+W33+AD33-Y33 -> #VALUE! | AF33: =AE33/$AI$1+1 -> #VALUE! | AG33: =(AF33/AF32-1)-中国_中债国债到期收益率_1年!H33%/252 -> #VALUE! | AH33: =MIN((AF33-MAX($AF$3:AF33))/MAX($AF$3:AF33),0) -> #VALUE!
A34: 44760 | B34: 10 | C34: 10 | D34: 10 | F34: =SUM(B34:E34) -> 30 | G34: =B34 -> 10 | H34: =5*C34 -> 50 | I34: =9*D34 -> 90 | J34: =16*E34 -> 0 | K34: =SUM(G34:J34) -> 150 | L34: =G34*Return!B34*100 -> 31 | M34: =H34*Return!C34*100 -> 11 | N34: =I34*Return!D34*100 -> 45 | O34: =J34*Return!E34*100 -> 0 | P34: =SUM(L34:O34) -> 87 | Q34: =SUM($P$3:P34) -> #VALUE! | R34: =B34*中国_中债国债到期收益率_1年!B33/365*100 -> 5.1608219 | S34: =C34*中国_中债国债到期收益率_1年!C33/365*100 -> 7.0816438 | T34: =D34*中国_中债国债到期收益率_1年!D33/365*100 -> 7.6320548 | U34: =E34*中国_中债国债到期收益率_1年!E33/365*100 -> 0 | V34: =SUM(R34:U34) -> 19.874521 | W34: =SUM($V$3:V34) -> #VALUE! | X34: =MAX(F34-50,0)*中国_中债国债到期收益率_1年!H34*100/365 -> 0 | Y34: =SUM($X$3:X34) -> 0 | AB34: =Z34*Return!F34*100 -> 0 | AC34: =AA34*Return!G34*100 -> 0 | AD34: =SUM($AB$3:AB34)+SUM($AC$3:AC34) -> 672.1 | AE34: =Q34+W34+AD34-Y34 -> #VALUE! | AF34: =AE34/$AI$1+1 -> #VALUE! | AG34: =(AF34/AF33-1)-中国_中债国债到期收益率_1年!H34%/252 -> #VALUE! | AH34: =MIN((AF34-MAX($AF$3:AF34))/MAX($AF$3:AF34),0) -> #VALUE!
A35: 44761 | B35: 10 | C35: 10 | D35: 10 | F35: =SUM(B35:E35) -> 30 | G35: =B35 -> 10 | H35: =5*C35 -> 50 | I35: =9*D35 -> 90 | J35: =16*E35 -> 0 | K35: =SUM(G35:J35) -> 150 | L35: =G35*Return!B35*100 -> 34.9 | M35: =H35*Return!C35*100 -> 29.5 | N35: =I35*Return!D35*100 -> 18 | O35: =J35*Return!E35*100 -> 0 | P35: =SUM(L35:O35) -> 82.4 | Q35: =SUM($P$3:P35) -> #VALUE! | R35: =B35*中国_中债国债到期收益率_1年!B34/365*100 -> 5.0652055 | S35: =C35*中国_中债国债到期收益率_1年!C34/365*100 -> 7.0654795 | T35: =D35*中国_中债国债到期收益率_1年!D34/365*100 -> 7.6265753 | U35: =E35*中国_中债国债到期收益率_1年!E34/365*100 -> 0 | V35: =SUM(R35:U35) -> 19.75726 | W35: =SUM($V$3:V35) -> #VALUE! | X35: =MAX(F35-50,0)*中国_中债国债到期收益率_1年!H35*100/365 -> 0 | Y35: =SUM($X$3:X35) -> 0 | AB35: =Z35*Return!F35*100 -> 0 | AC35: =AA35*Return!G35*100 -> 0 | AD35: =SUM($AB$3:AB35)+SUM($AC$3:AC35) -> 672.1 | AE35: =Q35+W35+AD35-Y35 -> #VALUE! | AF35: =AE35/$AI$1+1 -> #VALUE! | AG35: =(AF35/AF34-1)-中国_中债国债到期收益率_1年!H35%/252 -> #VALUE! | AH35: =MIN((AF35-MAX($AF$3:AF35))/MAX($AF$3:AF35),0) -> #VALUE!
A36: 44762 | B36: 10 | C36: 10 | D36: 10 | F36: =SUM(B36:E36) -> 30 | G36: =B36 -> 10 | H36: =5*C36 -> 50 | I36: =9*D36 -> 90 | J36: =16*E36 -> 0 | K36: =SUM(G36:J36) -> 150 | L36: =G36*Return!B36*100 -> -0.3 | M36: =H36*Return!C36*100 -> -39.5 | N36: =I36*Return!D36*100 -> -19.8 | O36: =J36*Return!E36*100 -> 0 | P36: =SUM(L36:O36) -> -59.6 | Q36: =SUM($P$3:P36) -> #VALUE! | R36: =B36*中国_中债国债到期收益率_1年!B35/365*100 -> 5.0660274 | S36: =C36*中国_中债国债到期收益率_1年!C35/365*100 -> 7.0871233 | T36: =D36*中国_中债国债到期收益率_1年!D35/365*100 -> 7.6326027 | U36: =E36*中国_中债国债到期收益率_1年!E35/365*100 -> 0 | V36: =SUM(R36:U36) -> 19.785753 | W36: =SUM($V$3:V36) -> #VALUE! | X36: =MAX(F36-50,0)*中国_中债国债到期收益率_1年!H36*100/365 -> 0 | Y36: =SUM($X$3:X36) -> 0 | AB36: =Z36*Return!F36*100 -> 0 | AC36: =AA36*Return!G36*100 -> 0 | AD36: =SUM($AB$3:AB36)+SUM($AC$3:AC36) -> 672.1 | AE36: =Q36+W36+AD36-Y36 -> #VALUE! | AF36: =AE36/$AI$1+1 -> #VALUE! | AG36: =(AF36/AF35-1)-中国_中债国债到期收益率_1年!H36%/252 -> #VALUE! | AH36: =MIN((AF36-MAX($AF$3:AF36))/MAX($AF$3:AF36),0) -> #VALUE!
A37: 44763 | B37: 10 | C37: 10 | D37: 10 | F37: =SUM(B37:E37) -> 30 | G37: =B37 -> 10 | H37: =5*C37 -> 50 | I37: =9*D37 -> 90 | J37: =16*E37 -> 0 | K37: =SUM(G37:J37) -> 150 | L37: =G37*Return!B37*100 -> -22.1 | M37: =H37*Return!C37*100 -> 117 | N37: =I37*Return!D37*100 -> 134.1 | O37: =J37*Return!E37*100 -> 0 | P37: =SUM(L37:O37) -> 229 | Q37: =SUM($P$3:P37) -> #VALUE! | R37: =B37*中国_中债国债到期收益率_1年!B36/365*100 -> 5.1265753 | S37: =C37*中国_中债国债到期收益率_1年!C36/365*100 -> 7.0230137 | T37: =D37*中国_中债国债到期收益率_1年!D36/365*100 -> 7.5917808 | U37: =E37*中国_中债国债到期收益率_1年!E36/365*100 -> 0 | V37: =SUM(R37:U37) -> 19.74137 | W37: =SUM($V$3:V37) -> #VALUE! | X37: =MAX(F37-50,0)*中国_中债国债到期收益率_1年!H37*100/365 -> 0 | Y37: =SUM($X$3:X37) -> 0 | AB37: =Z37*Return!F37*100 -> 0 | AC37: =AA37*Return!G37*100 -> 0 | AD37: =SUM($AB$3:AB37)+SUM($AC$3:AC37) -> 672.1 | AE37: =Q37+W37+AD37-Y37 -> #VALUE! | AF37: =AE37/$AI$1+1 -> #VALUE! | AG37: =(AF37/AF36-1)-中国_中债国债到期收益率_1年!H37%/252 -> #VALUE! | AH37: =MIN((AF37-MAX($AF$3:AF37))/MAX($AF$3:AF37),0) -> #VALUE!
A38: 44764 | B38: 10 | C38: 10 | D38: 10 | F38: =SUM(B38:E38) -> 30 | G38: =B38 -> 10 | H38: =5*C38 -> 50 | I38: =9*D38 -> 90 | J38: =16*E38 -> 0 | K38: =SUM(G38:J38) -> 150 | L38: =G38*Return!B38*100 -> -0.5 | M38: =H38*Return!C38*100 -> 59 | N38: =I38*Return!D38*100 -> 67.5 | O38: =J38*Return!E38*100 -> 0 | P38: =SUM(L38:O38) -> 126 | Q38: =SUM($P$3:P38) -> #VALUE! | R38: =B38*中国_中债国债到期收益率_1年!B37/365*100 -> 5.1279452 | S38: =C38*中国_中债国债到期收益率_1年!C37/365*100 -> 6.9906849 | T38: =D38*中国_中债国债到期收益率_1年!D37/365*100 -> 7.5712329 | U38: =E38*中国_中债国债到期收益率_1年!E37/365*100 -> 0 | V38: =SUM(R38:U38) -> 19.689863 | W38: =SUM($V$3:V38) -> #VALUE! | X38: =MAX(F38-50,0)*中国_中债国债到期收益率_1年!H38*100/365 -> 0 | Y38: =SUM($X$3:X38) -> 0 | AB38: =Z38*Return!F38*100 -> 0 | AC38: =AA38*Return!G38*100 -> 0 | AD38: =SUM($AB$3:AB38)+SUM($AC$3:AC38) -> 672.1 | AE38: =Q38+W38+AD38-Y38 -> #VALUE! | AF38: =AE38/$AI$1+1 -> #VALUE! | AG38: =(AF38/AF37-1)-中国_中债国债到期收益率_1年!H38%/252 -> #VALUE! | AH38: =MIN((AF38-MAX($AF$3:AF38))/MAX($AF$3:AF38),0) -> #VALUE!
A39: 44767 | B39: 10 | C39: 10 | D39: 10 | F39: =SUM(B39:E39) -> 30 | G39: =B39 -> 10 | H39: =5*C39 -> 50 | I39: =9*D39 -> 90 | J39: =16*E39 -> 0 | K39: =SUM(G39:J39) -> 150 | L39: =G39*Return!B39*100 -> -31.9 | M39: =H39*Return!C39*100 -> -142.5 | N39: =I39*Return!D39*100 -> -211.5 | O39: =J39*Return!E39*100 -> 0 | P39: =SUM(L39:O39) -> -385.9 | Q39: =SUM($P$3:P39) -> #VALUE! | R39: =B39*中国_中债国债到期收益率_1年!B38/365*100 -> 5.2153425 | S39: =C39*中国_中债国债到期收益率_1年!C38/365*100 -> 7.0687671 | T39: =D39*中国_中债国债到期收益率_1年!D38/365*100 -> 7.6356164 | U39: =E39*中国_中债国债到期收益率_1年!E38/365*100 -> 0 | V39: =SUM(R39:U39) -> 19.919726 | W39: =SUM($V$3:V39) -> #VALUE! | X39: =MAX(F39-50,0)*中国_中债国债到期收益率_1年!H39*100/365 -> 0 | Y39: =SUM($X$3:X39) -> 0 | AB39: =Z39*Return!F39*100 -> 0 | AC39: =AA39*Return!G39*100 -> 0 | AD39: =SUM($AB$3:AB39)+SUM($AC$3:AC39) -> 672.1 | AE39: =Q39+W39+AD39-Y39 -> #VALUE! | AF39: =AE39/$AI$1+1 -> #VALUE! | AG39: =(AF39/AF38-1)-中国_中债国债到期收益率_1年!H39%/252 -> #VALUE! | AH39: =MIN((AF39-MAX($AF$3:AF39))/MAX($AF$3:AF39),0) -> #VALUE!
... A53: 44785 | B53: 10 | C53: 10 | D53: 10 | F53: =SUM(B53:E53) -> 30 | G53: =B53 -> 10 | H53: =5*C53 -> 50 | I53: =9*D53 -> 90 | J53: =16*E53 -> 0 | K53: =SUM(G53:J53) -> 150 | L53: =G53*Return!B53*100 -> -2.5 | M53: =H53*Return!C53*100 -> 37.5 | N53: =I53*Return!D53*100 -> 44.1 | O53: =J53*Return!E53*100 -> 0 | P53: =SUM(L53:O53) -> 79.1 | Q53: =SUM($P$3:P53) -> #VALUE! | R53: =B53*中国_中债国债到期收益率_1年!B52/365*100 -> 4.9756164 | S53: =C53*中国_中债国债到期收益率_1年!C52/365*100 -> 6.8052055 | T53: =D53*中国_中债国债到期收益率_1年!D52/365*100 -> 7.4841096 | U53: =E53*中国_中债国债到期收益率_1年!E52/365*100 -> 0 | V53: =SUM(R53:U53) -> 19.264932 | W53: =SUM($V$3:V53) -> #VALUE! | X53: =MAX(F53-50,0)*中国_中债国债到期收益率_1年!H53*100/365 -> 0 | Y53: =SUM($X$3:X53) -> 0 | AB53: =Z53*Return!F53*100 -> 0 | AC53: =AA53*Return!G53*100 -> 0 | AD53: =SUM($AB$3:AB53)+SUM($AC$3:AC53) -> 672.1 | AE53: =Q53+W53+AD53-Y53 -> #VALUE! | AF53: =AE53/$AI$1+1 -> #VALUE! | AG53: =(AF53/AF52-1)-中国_中债国债到期收益率_1年!H53%/252 -> #VALUE! | AH53: =MIN((AF53-MAX($AF$3:AF53))/MAX($AF$3:AF53),0) -> #VALUE!
A54: 44788 | B54: 10 | C54: 10 | D54: 5 | F54: =SUM(B54:E54) -> 25 | G54: =B54 -> 10 | H54: =5*C54 -> 50 | I54: =9*D54 -> 45 | J54: =16*E54 -> 0 | K54: =SUM(G54:J54) -> 105 | L54: =G54*Return!B54*100 -> 4.6 | M54: =H54*Return!C54*100 -> -26.5 | N54: =I54*Return!D54*100 -> -13.5 | O54: =J54*Return!E54*100 -> 0 | P54: =SUM(L54:O54) -> -35.4 | Q54: =SUM($P$3:P54) -> #VALUE! | R54: =B54*中国_中债国债到期收益率_1年!B53/365*100 -> 4.9630137 | S54: =C54*中国_中债国债到期收益率_1年!C53/365*100 -> 6.819726 | T54: =E55*中国_中债国债到期收益率_1年!D53/365*100 -> 0 | U54: =E54*中国_中债国债到期收益率_1年!E53/365*100 -> 0 | V54: =SUM(R54:U54) -> 11.78274 | W54: =SUM($V$3:V54) -> #VALUE! | X54: =MAX(F54-50,0)*中国_中债国债到期收益率_1年!H54*100/365 -> 0 | Y54: =SUM($X$3:X54) -> 0 | AB54: =Z54*Return!F54*100 -> 0 | AC54: =AA54*Return!G54*100 -> 0 | AD54: =SUM($AB$3:AB54)+SUM($AC$3:AC54) -> 672.1 | AE54: =Q54+W54+AD54-Y54 -> #VALUE! | AF54: =AE54/$AI$1+1 -> #VALUE! | AG54: =(AF54/AF53-1)-中国_中债国债到期收益率_1年!H54%/252 -> #VALUE! | AH54: =MIN((AF54-MAX($AF$3:AF54))/MAX($AF$3:AF54),0) -> #VALUE!
A55: 44789 | B55: 10 | C55: 10 | D55: 5 | F55: =SUM(B55:E55) -> 25 | G55: =B55 -> 10 | H55: =5*C55 -> 50 | I55: =9*D55 -> 45 | J55: =16*E55 -> 0 | K55: =SUM(G55:J55) -> 105 | L55: =G55*Return!B55*100 -> 94.8 | M55: =H55*Return!C55*100 -> 471 | N55: =I55*Return!D55*100 -> 344.25 | O55: =J55*Return!E55*100 -> 0 | P55: =SUM(L55:O55) -> 910.05 | Q55: =SUM($P$3:P55) -> #VALUE! | R55: =B55*中国_中债国债到期收益率_1年!B54/365*100 -> 4.7032877 | S55: =C55*中国_中债国债到期收益率_1年!C54/365*100 -> 6.5616438 | T55: =D55*中国_中债国债到期收益率_1年!D54/365*100 -> 3.6413699 | U55: =E55*中国_中债国债到期收益率_1年!E54/365*100 -> 0 | V55: =SUM(R55:U55) -> 14.906301 | W55: =SUM($V$3:V55) -> #VALUE! | X55: =MAX(F55-50,0)*中国_中债国债到期收益率_1年!H55*100/365 -> 0 | Y55: =SUM($X$3:X55) -> 0 | AB55: =Z55*Return!F55*100 -> 0 | AC55: =AA55*Return!G55*100 -> 0 | AD55: =SUM($AB$3:AB55)+SUM($AC$3:AC55) -> 672.1 | AE55: =Q55+W55+AD55-Y55 -> #VALUE! | AF55: =AE55/$AI$1+1 -> #VALUE! | AG55: =(AF55/AF54-1)-中国_中债国债到期收益率_1年!H55%/252 -> #VALUE! | AH55: =MIN((AF55-MAX($AF$3:AF55))/MAX($AF$3:AF55),0) -> #VALUE!
A56: 44790 | B56: 10 | C56: 10 | D56: 5 | F56: =SUM(B56:E56) -> 25 | G56: =B56 -> 10 | H56: =5*C56 -> 50 | I56: =9*D56 -> 45 | J56: =16*E56 -> 0 | K56: =SUM(G56:J56) -> 105 | L56: =G56*Return!B56*100 -> -3.2 | M56: =H56*Return!C56*100 -> 61 | N56: =I56*Return!D56*100 -> 106.2 | O56: =J56*Return!E56*100 -> 0 | P56: =SUM(L56:O56) -> 164 | Q56: =SUM($P$3:P56) -> #VALUE! | R56: =B56*中国_中债国债到期收益率_1年!B55/365*100 -> 4.7120548 | S56: =C56*中国_中债国债到期收益率_1年!C55/365*100 -> 6.5282192 | T56: =D56*中国_中债国债到期收益率_1年!D55/365*100 -> 3.6090411 | U56: =E56*中国_中债国债到期收益率_1年!E55/365*100 -> 0 | V56: =SUM(R56:U56) -> 14.849315 | W56: =SUM($V$3:V56) -> #VALUE! | X56: =MAX(F56-50,0)*中国_中债国债到期收益率_1年!H56*100/365 -> 0 | Y56: =SUM($X$3:X56) -> 0 | AB56: =Z56*Return!F56*100 -> 0 | AC56: =AA56*Return!G56*100 -> 0 | AD56: =SUM($AB$3:AB56)+SUM($AC$3:AC56) -> 672.1 | AE56: =Q56+W56+AD56-Y56 -> #VALUE! | AF56: =AE56/$AI$1+1 -> #VALUE! | AG56: =(AF56/AF55-1)-中国_中债国债到期收益率_1年!H56%/252 -> #VALUE! | AH56: =MIN((AF56-MAX($AF$3:AF56))/MAX($AF$3:AF56),0) -> #VALUE!
A57: 44791 | B57: 10 | C57: 10 | D57: 5 | F57: =SUM(B57:E57) -> 25 | G57: =B57 -> 10 | H57: =5*C57 -> 50 | I57: =9*D57 -> 45 | J57: =16*E57 -> 0 | K57: =SUM(G57:J57) -> 105 | L57: =G57*Return!B57*100 -> 0.9 | M57: =H57*Return!C57*100 -> 13.5 | N57: =I57*Return!D57*100 -> 99.9 | O57: =J57*Return!E57*100 -> 0 | P57: =SUM(L57:O57) -> 114.3 | Q57: =SUM($P$3:P57) -> #VALUE! | R57: =B57*中国_中债国债到期收益率_1年!B56/365*100 -> 4.709589 | S57: =C57*中国_中债国债到期收益率_1年!C56/365*100 -> 6.5208219 | T57: =D57*中国_中债国债到期收益率_1年!D56/365*100 -> 3.5786301 | U57: =E57*中国_中债国债到期收益率_1年!E56/365*100 -> 0 | V57: =SUM(R57:U57) -> 14.809041 | W57: =SUM($V$3:V57) -> #VALUE! | X57: =MAX(F57-50,0)*中国_中债国债到期收益率_1年!H57*100/365 -> 0 | Y57: =SUM($X$3:X57) -> 0 | AB57: =Z57*Return!F57*100 -> 0 | AC57: =AA57*Return!G57*100 -> 0 | AD57: =SUM($AB$3:AB57)+SUM($AC$3:AC57) -> 672.1 | AE57: =Q57+W57+AD57-Y57 -> #VALUE! | AF57: =AE57/$AI$1+1 -> #VALUE! | AG57: =(AF57/AF56-1)-中国_中债国债到期收益率_1年!H57%/252 -> #VALUE! | AH57: =MIN((AF57-MAX($AF$3:AF57))/MAX($AF$3:AF57),0) -> #VALUE!
A58: 44792 | B58: 10 | C58: 10 | D58: 5 | F58: =SUM(B58:E58) -> 25 | G58: =B58 -> 10 | H58: =5*C58 -> 50 | I58: =9*D58 -> 45 | J58: =16*E58 -> 0 | K58: =SUM(G58:J58) -> 105 | L58: =G58*Return!B58*100 -> 18.6 | M58: =H58*Return!C58*100 -> 111.5 | N58: =I58*Return!D58*100 -> 145.8 | O58: =J58*Return!E58*100 -> 0 | P58: =SUM(L58:O58) -> 275.9 | Q58: =SUM($P$3:P58) -> #VALUE! | R58: =B58*中国_中债国债到期收益率_1年!B57/365*100 -> 4.6586301 | S58: =C58*中国_中债国债到期收益率_1年!C57/365*100 -> 6.459726 | T58: =D58*中国_中债国债到期收益率_1年!D57/365*100 -> 3.5342466 | U58: =E58*中国_中债国债到期收益率_1年!E57/365*100 -> 0 | V58: =SUM(R58:U58) -> 14.652603 | W58: =SUM($V$3:V58) -> #VALUE! | X58: =MAX(F58-50,0)*中国_中债国债到期收益率_1年!H58*100/365 -> 0 | Y58: =SUM($X$3:X58) -> 0 | AB58: =Z58*Return!F58*100 -> 0 | AC58: =AA58*Return!G58*100 -> 0 | AD58: =SUM($AB$3:AB58)+SUM($AC$3:AC58) -> 672.1 | AE58: =Q58+W58+AD58-Y58 -> #VALUE! | AF58: =AE58/$AI$1+1 -> #VALUE! | AG58: =(AF58/AF57-1)-中国_中债国债到期收益率_1年!H58%/252 -> #VALUE! | AH58: =MIN((AF58-MAX($AF$3:AF58))/MAX($AF$3:AF58),0) -> #VALUE!
A59: 44795 | B59: 10 | C59: 10 | D59: 5 | F59: =SUM(B59:E59) -> 25 | G59: =B59 -> 10 | H59: =5*C59 -> 50 | I59: =9*D59 -> 45 | J59: =16*E59 -> 0 | K59: =SUM(G59:J59) -> 105 | L59: =G59*Return!B59*100 -> -24.4 | M59: =H59*Return!C59*100 -> -65 | N59: =I59*Return!D59*100 -> -33.75 | O59: =J59*Return!E59*100 -> 0 | P59: =SUM(L59:O59) -> -123.15 | Q59: =SUM($P$3:P59) -> #VALUE! | R59: =B59*中国_中债国债到期收益率_1年!B58/365*100 -> 4.7254795 | S59: =C59*中国_中债国债到期收益率_1年!C58/365*100 -> 6.4953425 | T59: =D59*中国_中债国债到期收益率_1年!D58/365*100 -> 3.5445205 | U59: =E59*中国_中债国债到期收益率_1年!E58/365*100 -> 0 | V59: =SUM(R59:U59) -> 14.765342 | W59: =SUM($V$3:V59) -> #VALUE! | X59: =MAX(F59-50,0)*中国_中债国债到期收益率_1年!H59*100/365 -> 0 | Y59: =SUM($X$3:X59) -> 0 | AA59: -20 | AB59: =Z59*Return!F59*100 -> 0 | AC59: =AA59*Return!G59*100 -> 3.6 | AD59: =SUM($AB$3:AB59)+SUM($AC$3:AC59) -> 675.7 | AE59: =Q59+W59+AD59-Y59 -> #VALUE! | AF59: =AE59/$AI$1+1 -> #VALUE! | AG59: =(AF59/AF58-1)-中国_中债国债到期收益率_1年!H59%/252 -> #VALUE! | AH59: =MIN((AF59-MAX($AF$3:AF59))/MAX($AF$3:AF59),0) -> #VALUE!
A60: 44796 | B60: 10 | C60: 10 | D60: 5 | F60: =SUM(B60:E60) -> 25 | G60: =B60 -> 10 | H60: =5*C60 -> 50 | I60: =9*D60 -> 45 | J60: =16*E60 -> 0 | K60: =SUM(G60:J60) -> 105 | L60: =G60*Return!B60*100 -> -32.2 | M60: =H60*Return!C60*100 -> -129.5 | N60: =I60*Return!D60*100 -> -22.5 | O60: =J60*Return!E60*100 -> 0 | P60: =SUM(L60:O60) -> -184.2 | Q60: =SUM($P$3:P60) -> #VALUE! | R60: =B60*中国_中债国债到期收益率_1年!B59/365*100 -> 4.8136986 | S60: =C60*中国_中债国债到期收益率_1年!C59/365*100 -> 6.5663014 | T60: =D60*中国_中债国债到期收益率_1年!D59/365*100 -> 3.5513699 | U60: =E60*中国_中债国债到期收益率_1年!E59/365*100 -> 0 | V60: =SUM(R60:U60) -> 14.93137 | W60: =SUM($V$3:V60) -> #VALUE! | X60: =MAX(F60-50,0)*中国_中债国债到期收益率_1年!H60*100/365 -> 0 | Y60: =SUM($X$3:X60) -> 0 | AA60: -20 | AB60: =Z60*Return!F60*100 -> 0 | AC60: =AA60*Return!G60*100 -> 10.8 | AD60: =SUM($AB$3:AB60)+SUM($AC$3:AC60) -> 686.5 | AE60: =Q60+W60+AD60-Y60 -> #VALUE! | AF60: =AE60/$AI$1+1 -> #VALUE! | AG60: =(AF60/AF59-1)-中国_中债国债到期收益率_1年!H60%/252 -> #VALUE! | AH60: =MIN((AF60-MAX($AF$3:AF60))/MAX($AF$3:AF60),0) -> #VALUE!
A61: 44797 | B61: 10 | C61: 10 | D61: 5 | F61: =SUM(B61:E61) -> 25 | G61: =B61 -> 10 | H61: =5*C61 -> 50 | I61: =9*D61 -> 45 | J61: =16*E61 -> 0 | K61: =SUM(G61:J61) -> 105 | L61: =G61*Return!B61*100 -> -0.1 | M61: =H61*Return!C61*100 -> -62 | N61: =I61*Return!D61*100 -> -67.5 | O61: =J61*Return!E61*100 -> 0 | P61: =SUM(L61:O61) -> -129.6 | Q61: =SUM($P$3:P61) -> #VALUE! | R61: =B61*中国_中债国债到期收益率_1年!B60/365*100 -> 4.8139726 | S61: =C61*中国_中债国债到期收益率_1年!C60/365*100 -> 6.600274 | T61: =D61*中国_中债国债到期收益率_1年!D60/365*100 -> 3.5719178 | U61: =E61*中国_中债国债到期收益率_1年!E60/365*100 -> 0 | V61: =SUM(R61:U61) -> 14.986164 | W61: =SUM($V$3:V61) -> #VALUE! | X61: =MAX(F61-50,0)*中国_中债国债到期收益率_1年!H61*100/365 -> 0 | Y61: =SUM($X$3:X61) -> 0 | AA61: -20 | AB61: =Z61*Return!F61*100 -> 0 | AC61: =AA61*Return!G61*100 -> 38.4 | AD61: =SUM($AB$3:AB61)+SUM($AC$3:AC61) -> 724.9 | AE61: =Q61+W61+AD61-Y61 -> #VALUE! | AF61: =AE61/$AI$1+1 -> #VALUE! | AG61: =(AF61/AF60-1)-中国_中债国债到期收益率_1年!H61%/252 -> #VALUE! | AH61: =MIN((AF61-MAX($AF$3:AF61))/MAX($AF$3:AF61),0) -> #VALUE!
A62: 44798 | B62: 10 | C62: 10 | D62: 5 | F62: =SUM(B62:E62) -> 25 | G62: =B62 -> 10 | H62: =5*C62 -> 50 | I62: =9*D62 -> 45 | J62: =16*E62 -> 0 | K62: =SUM(G62:J62) -> 105 | L62: =G62*Return!B62*100 -> 7.5 | M62: =H62*Return!C62*100 -> -15.5 | N62: =I62*Return!D62*100 -> -11.25 | O62: =J62*Return!E62*100 -> 0 | P62: =SUM(L62:O62) -> -19.25 | Q62: =SUM($P$3:P62) -> #VALUE! | R62: =B62*中国_中债国债到期收益率_1年!B61/365*100 -> 4.7934247 | S62: =C62*中国_中债国债到期收益率_1年!C61/365*100 -> 6.6087671 | T62: =D62*中国_中债国债到期收益率_1年!D61/365*100 -> 3.5753425 | U62: =E62*中国_中债国债到期收益率_1年!E61/365*100 -> 0 | V62: =SUM(R62:U62) -> 14.977534 | W62: =SUM($V$3:V62) -> #VALUE! | X62: =MAX(F62-50,0)*中国_中债国债到期收益率_1年!H62*100/365 -> 0 | Y62: =SUM($X$3:X62) -> 0 | AA62: -20 | AB62: =Z62*Return!F62*100 -> 0 | AC62: =AA62*Return!G62*100 -> 0.2 | AD62: =SUM($AB$3:AB62)+SUM($AC$3:AC62) -> 725.1 | AE62: =Q62+W62+AD62-Y62 -> #VALUE! | AF62: =AE62/$AI$1+1 -> #VALUE! | AG62: =(AF62/AF61-1)-中国_中债国债到期收益率_1年!H62%/252 -> #VALUE! | AH62: =MIN((AF62-MAX($AF$3:AF62))/MAX($AF$3:AF62),0) -> #VALUE!
A63: 44799 | B63: 10 | C63: 10 | D63: 5 | F63: =SUM(B63:E63) -> 25 | G63: =B63 -> 10 | H63: =5*C63 -> 50 | I63: =9*D63 -> 45 | J63: =16*E63 -> 0 | K63: =SUM(G63:J63) -> 105 | L63: =G63*Return!B63*100 -> -41.6 | M63: =H63*Return!C63*100 -> -163 | N63: =I63*Return!D63*100 -> -130.5 | O63: =J63*Return!E63*100 -> 0 | P63: =SUM(L63:O63) -> -335.1 | Q63: =SUM($P$3:P63) -> #VALUE! | R63: =B63*中国_中债国债到期收益率_1年!B62/365*100 -> 4.9073973 | S63: =C63*中国_中债国债到期收益率_1年!C62/365*100 -> 6.6980822 | T63: =D63*中国_中债国债到期收益率_1年!D62/365*100 -> 3.6150685 | U63: =E63*中国_中债国债到期收益率_1年!E62/365*100 -> 0 | V63: =SUM(R63:U63) -> 15.220548 | W63: =SUM($V$3:V63) -> #VALUE! | X63: =MAX(F63-50,0)*中国_中债国债到期收益率_1年!H63*100/365 -> 0 | Y63: =SUM($X$3:X63) -> 0 | AA63: -20 | AB63: =Z63*Return!F63*100 -> 0 | AC63: =AA63*Return!G63*100 -> 44.2 | AD63: =SUM($AB$3:AB63)+SUM($AC$3:AC63) -> 769.3 | AE63: =Q63+W63+AD63-Y63 -> #VALUE! | AF63: =AE63/$AI$1+1 -> #VALUE! | AG63: =(AF63/AF62-1)-中国_中债国债到期收益率_1年!H63%/252 -> #VALUE! | AH63: =MIN((AF63-MAX($AF$3:AF63))/MAX($AF$3:AF63),0) -> #VALUE!
A64: 44802 | B64: 10 | C64: 10 | D64: 5 | F64: =SUM(B64:E64) -> 25 | G64: =B64 -> 10 | H64: =5*C64 -> 50 | I64: =9*D64 -> 45 | J64: =16*E64 -> 0 | K64: =SUM(G64:J64) -> 105 | L64: =G64*Return!B64*100 -> -1 | M64: =H64*Return!C64*100 -> 7.5 | N64: =I64*Return!D64*100 -> -18 | O64: =J64*Return!E64*100 -> 0 | P64: =SUM(L64:O64) -> -11.5 | Q64: =SUM($P$3:P64) -> #VALUE! | R64: =B64*中国_中债国债到期收益率_1年!B63/365*100 -> 4.910137 | S64: =C64*中国_中债国债到期收益率_1年!C63/365*100 -> 6.6939726 | T64: =D64*中国_中债国债到期收益率_1年!D63/365*100 -> 3.6205479 | U64: =E64*中国_中债国债到期收益率_1年!E63/365*100 -> 0 | V64: =SUM(R64:U64) -> 15.224658 | W64: =SUM($V$3:V64) -> #VALUE! | X64: =MAX(F64-50,0)*中国_中债国债到期收益率_1年!H64*100/365 -> 0 | Y64: =SUM($X$3:X64) -> 0 | AA64: -50 | AB64: =Z64*Return!F64*100 -> 0 | AC64: =AA64*Return!G64*100 -> 46.5 | AD64: =SUM($AB$3:AB64)+SUM($AC$3:AC64) -> 815.8 | AE64: =Q64+W64+AD64-Y64 -> #VALUE! | AF64: =AE64/$AI$1+1 -> #VALUE! | AG64: =(AF64/AF63-1)-中国_中债国债到期收益率_1年!H64%/252 -> #VALUE! | AH64: =MIN((AF64-MAX($AF$3:AF64))/MAX($AF$3:AF64),0) -> #VALUE!
A65: 44803 | B65: 10 | C65: 10 | D65: 5 | F65: =SUM(B65:E65) -> 25 | G65: =B65 -> 10 | H65: =5*C65 -> 50 | I65: =9*D65 -> 45 | J65: =16*E65 -> 0 | K65: =SUM(G65:J65) -> 105 | L65: =G65*Return!B65*100 -> 36.1 | M65: =H65*Return!C65*100 -> 151.5 | N65: =I65*Return!D65*100 -> 92.25 | O65: =J65*Return!E65*100 -> 0 | P65: =SUM(L65:O65) -> 279.85 | Q65: =SUM($P$3:P65) -> #VALUE! | R65: =B65*中国_中债国债到期收益率_1年!B64/365*100 -> 4.8112329 | S65: =C65*中国_中债国债到期收益率_1年!C64/365*100 -> 6.6109589 | T65: =D65*中国_中债国债到期收益率_1年!D64/365*100 -> 3.5924658 | U65: =E65*中国_中债国债到期收益率_1年!E64/365*100 -> 0 | V65: =SUM(R65:U65) -> 15.014658 | W65: =SUM($V$3:V65) -> #VALUE! | X65: =MAX(F65-50,0)*中国_中债国债到期收益率_1年!H65*100/365 -> 0 | Y65: =SUM($X$3:X65) -> 0 | AA65: -50 | AB65: =Z65*Return!F65*100 -> 0 | AC65: =AA65*Return!G65*100 -> -50 | AD65: =SUM($AB$3:AB65)+SUM($AC$3:AC65) -> 765.8 | AE65: =Q65+W65+AD65-Y65 -> #VALUE! | AF65: =AE65/$AI$1+1 -> #VALUE! | AG65: =(AF65/AF64-1)-中国_中债国债到期收益率_1年!H65%/252 -> #VALUE! | AH65: =MIN((AF65-MAX($AF$3:AF65))/MAX($AF$3:AF65),0) -> #VALUE!
A66: 44804 | B66: 10 | C66: 10 | D66: 5 | F66: =SUM(B66:E66) -> 25 | G66: =B66 -> 10 | H66: =5*C66 -> 50 | I66: =9*D66 -> 45 | J66: =16*E66 -> 0 | K66: =SUM(G66:J66) -> 105 | L66: =G66*Return!B66*100 -> 15.5 | M66: =H66*Return!C66*100 -> 29.5 | N66: =I66*Return!D66*100 -> 42.75 | O66: =J66*Return!E66*100 -> 0 | P66: =SUM(L66:O66) -> 87.75 | Q66: =SUM($P$3:P66) -> #VALUE! | R66: =B66*中国_中债国债到期收益率_1年!B65/365*100 -> 4.7687671 | S66: =C66*中国_中债国债到期收益率_1年!C65/365*100 -> 6.5947945 | T66: =D66*中国_中债国债到期收益率_1年!D65/365*100 -> 3.5794521 | U66: =E66*中国_中债国债到期收益率_1年!E65/365*100 -> 0 | V66: =SUM(R66:U66) -> 14.943014 | W66: =SUM($V$3:V66) -> #VALUE! | X66: =MAX(F66-50,0)*中国_中债国债到期收益率_1年!H66*100/365 -> 0 | Y66: =SUM($X$3:X66) -> 0 | AA66: -50 | AB66: =Z66*Return!F66*100 -> 0 | AC66: =AA66*Return!G66*100 -> -112.5 | AD66: =SUM($AB$3:AB66)+SUM($AC$3:AC66) -> 653.3 | AE66: =Q66+W66+AD66-Y66 -> #VALUE! | AF66: =AE66/$AI$1+1 -> #VALUE! | AG66: =(AF66/AF65-1)-中国_中债国债到期收益率_1年!H66%/252 -> #VALUE! | AH66: =MIN((AF66-MAX($AF$3:AF66))/MAX($AF$3:AF66),0) -> #VALUE!
A67: 44805 | B67: 10 | C67: 10 | D67: 5 | F67: =SUM(B67:E67) -> 25 | G67: =B67 -> 10 | H67: =5*C67 -> 50 | I67: =9*D67 -> 45 | J67: =16*E67 -> 0 | K67: =SUM(G67:J67) -> 105 | L67: =G67*Return!B67*100 -> 2.8 | M67: =H67*Return!C67*100 -> 3 | N67: =I67*Return!D67*100 -> -42.75 | O67: =J67*Return!E67*100 -> 0 | P67: =SUM(L67:O67) -> -36.95 | Q67: =SUM($P$3:P67) -> #VALUE! | R67: =B67*中国_中债国债到期收益率_1年!B66/365*100 -> 4.7610959 | S67: =C67*中国_中债国债到期收益率_1年!C66/365*100 -> 6.5931507 | T67: =D67*中国_中债国债到期收益率_1年!D66/365*100 -> 3.5924658 | U67: =E67*中国_中债国债到期收益率_1年!E66/365*100 -> 0 | V67: =SUM(R67:U67) -> 14.946712 | W67: =SUM($V$3:V67) -> #VALUE! | X67: =MAX(F67-50,0)*中国_中债国债到期收益率_1年!H67*100/365 -> 0 | Y67: =SUM($X$3:X67) -> 0 | AA67: -50 | AB67: =Z67*Return!F67*100 -> 0 | AC67: =AA67*Return!G67*100 -> 16.5 | AD67: =SUM($AB$3:AB67)+SUM($AC$3:AC67) -> 669.8 | AE67: =Q67+W67+AD67-Y67 -> #VALUE! | AF67: =AE67/$AI$1+1 -> #VALUE! | AG67: =(AF67/AF66-1)-中国_中债国债到期收益率_1年!H67%/252 -> #VALUE! | AH67: =MIN((AF67-MAX($AF$3:AF67))/MAX($AF$3:AF67),0) -> #VALUE!
A68: 44806 | B68: 10 | C68: 10 | D68: 5 | F68: =SUM(B68:E68) -> 25 | G68: =B68 -> 10 | H68: =5*C68 -> 50 | I68: =9*D68 -> 45 | J68: =16*E68 -> 0 | K68: =SUM(G68:J68) -> 105 | L68: =G68*Return!B68*100 -> 13.5 | M68: =H68*Return!C68*100 -> 50 | N68: =I68*Return!D68*100 -> 45 | O68: =J68*Return!E68*100 -> 0 | P68: =SUM(L68:O68) -> 108.5 | Q68: =SUM($P$3:P68) -> #VALUE! | R68: =B68*中国_中债国债到期收益率_1年!B67/365*100 -> 4.7241096 | S68: =C68*中国_中债国债到期收益率_1年!C67/365*100 -> 6.5657534 | T68: =D68*中国_中债国债到期收益率_1年!D67/365*100 -> 3.5787671 | U68: =E68*中国_中债国债到期收益率_1年!E67/365*100 -> 0 | V68: =SUM(R68:U68) -> 14.86863 | W68: =SUM($V$3:V68) -> #VALUE! | X68: =MAX(F68-50,0)*中国_中债国债到期收益率_1年!H68*100/365 -> 0 | Y68: =SUM($X$3:X68) -> 0 | AA68: -50 | AB68: =Z68*Return!F68*100 -> 0 | AC68: =AA68*Return!G68*100 -> -47 | AD68: =SUM($AB$3:AB68)+SUM($AC$3:AC68) -> 622.8 | AE68: =Q68+W68+AD68-Y68 -> #VALUE! | AF68: =AE68/$AI$1+1 -> #VALUE! | AG68: =(AF68/AF67-1)-中国_中债国债到期收益率_1年!H68%/252 -> #VALUE! | AH68: =MIN((AF68-MAX($AF$3:AF68))/MAX($AF$3:AF68),0) -> #VALUE!
A69: 44809 | B69: 10 | C69: 10 | F69: =SUM(B69:E69) -> 20 | G69: =B69 -> 10 | H69: =5*C69 -> 50 | I69: =9*D69 -> 0 | J69: =16*E69 -> 0 | K69: =SUM(G69:J69) -> 60 | L69: =G69*Return!B69*100 -> 5 | M69: =H69*Return!C69*100 -> -29.5 | N69: =I69*Return!D69*100 -> 0 | O69: =J69*Return!E69*100 -> 0 | P69: =SUM(L69:O69) -> -24.5 | Q69: =SUM($P$3:P69) -> #VALUE! | R69: =B69*中国_中债国债到期收益率_1年!B68/365*100 -> 4.710411 | S69: =C69*中国_中债国债到期收益率_1年!C68/365*100 -> 6.5819178 | T69: =D69*中国_中债国债到期收益率_1年!D68/365*100 -> 0 | U69: =E69*中国_中债国债到期收益率_1年!E68/365*100 -> 0 | V69: =SUM(R69:U69) -> 11.292329 | W69: =SUM($V$3:V69) -> #VALUE! | X69: =MAX(F69-50,0)*中国_中债国债到期收益率_1年!H69*100/365 -> 0 | Y69: =SUM($X$3:X69) -> 0 | AA69: -50 | AB69: =Z69*Return!F69*100 -> 0 | AC69: =AA69*Return!G69*100 -> -64.5 | AD69: =SUM($AB$3:AB69)+SUM($AC$3:AC69) -> 558.3 | AE69: =Q69+W69+AD69-Y69 -> #VALUE! | AF69: =AE69/$AI$1+1 -> #VALUE! | AG69: =(AF69/AF68-1)-中国_中债国债到期收益率_1年!H69%/252 -> #VALUE! | AH69: =MIN((AF69-MAX($AF$3:AF69))/MAX($AF$3:AF69),0) -> #VALUE!
A70: 44810 | B70: 10 | C70: 10 | F70: =SUM(B70:E70) -> 20 | G70: =B70 -> 10 | H70: =5*C70 -> 50 | I70: =9*D70 -> 0 | J70: =16*E70 -> 0 | K70: =SUM(G70:J70) -> 60 | L70: =G70*Return!B70*100 -> 6.1 | M70: =H70*Return!C70*100 -> 71 | N70: =I70*Return!D70*100 -> 0 | O70: =J70*Return!E70*100 -> 0 | P70: =SUM(L70:O70) -> 77.1 | Q70: =SUM($P$3:P70) -> #VALUE! | R70: =B70*中国_中债国债到期收益率_1年!B69/365*100 -> 4.6936986 | S70: =C70*中国_中债国债到期收益率_1年!C69/365*100 -> 6.5430137 | T70: =D70*中国_中债国债到期收益率_1年!D69/365*100 -> 0 | U70: =E70*中国_中债国债到期收益率_1年!E69/365*100 -> 0 | V70: =SUM(R70:U70) -> 11.236712 | W70: =SUM($V$3:V70) -> #VALUE! | X70: =MAX(F70-50,0)*中国_中债国债到期收益率_1年!H70*100/365 -> 0 | Y70: =SUM($X$3:X70) -> 0 | AA70: -50 | AB70: =Z70*Return!F70*100 -> 0 | AC70: =AA70*Return!G70*100 -> -25 | AD70: =SUM($AB$3:AB70)+SUM($AC$3:AC70) -> 533.3 | AE70: =Q70+W70+AD70-Y70 -> #VALUE! | AF70: =AE70/$AI$1+1 -> #VALUE! | AG70: =(AF70/AF69-1)-中国_中债国债到期收益率_1年!H70%/252 -> #VALUE! | AH70: =MIN((AF70-MAX($AF$3:AF70))/MAX($AF$3:AF70),0) -> #VALUE!
A71: 44811 | B71: 10 | C71: 10 | F71: =SUM(B71:E71) -> 20 | G71: =B71 -> 10 | H71: =5*C71 -> 50 | I71: =9*D71 -> 0 | J71: =16*E71 -> 0 | K71: =SUM(G71:J71) -> 60 | L71: =G71*Return!B71*100 -> 0.5 | M71: =H71*Return!C71*100 -> 23.5 | N71: =I71*Return!D71*100 -> 0 | O71: =J71*Return!E71*100 -> 0 | P71: =SUM(L71:O71) -> 24 | Q71: =SUM($P$3:P71) -> #VALUE! | R71: =B71*中国_中债国债到期收益率_1年!B70/365*100 -> 4.6923288 | S71: =C71*中国_中债国债到期收益率_1年!C70/365*100 -> 6.530137 | T71: =D71*中国_中债国债到期收益率_1年!D70/365*100 -> 0 | U71: =E71*中国_中债国债到期收益率_1年!E70/365*100 -> 0 | V71: =SUM(R71:U71) -> 11.222466 | W71: =SUM($V$3:V71) -> #VALUE! | X71: =MAX(F71-50,0)*中国_中债国债到期收益率_1年!H71*100/365 -> 0 | Y71: =SUM($X$3:X71) -> 0 | AA71: -50 | AB71: =Z71*Return!F71*100 -> 0 | AC71: =AA71*Return!G71*100 -> -14 | AD71: =SUM($AB$3:AB71)+SUM($AC$3:AC71) -> 519.3 | AE71: =Q71+W71+AD71-Y71 -> #VALUE! | AF71: =AE71/$AI$1+1 -> #VALUE! | AG71: =(AF71/AF70-1)-中国_中债国债到期收益率_1年!H71%/252 -> #VALUE! | AH71: =MIN((AF71-MAX($AF$3:AF71))/MAX($AF$3:AF71),0) -> #VALUE!
A72: 44812 | B72: 10 | C72: 10 | F72: =SUM(B72:E72) -> 20 | G72: =B72 -> 10 | H72: =5*C72 -> 50 | I72: =9*D72 -> 0 | J72: =16*E72 -> 0 | K72: =SUM(G72:J72) -> 60 | L72: =G72*Return!B72*100 -> -23.8 | M72: =H72*Return!C72*100 -> -39.5 | N72: =I72*Return!D72*100 -> 0 | O72: =J72*Return!E72*100 -> 0 | P72: =SUM(L72:O72) -> -63.3 | Q72: =SUM($P$3:P72) -> #VALUE! | R72: =B72*中国_中债国债到期收益率_1年!B71/365*100 -> 4.7575342 | S72: =C72*中国_中债国债到期收益率_1年!C71/365*100 -> 6.5517808 | T72: =D72*中国_中债国债到期收益率_1年!D71/365*100 -> 0 | U72: =E72*中国_中债国债到期收益率_1年!E71/365*100 -> 0 | V72: =SUM(R72:U72) -> 11.309315 | W72: =SUM($V$3:V72) -> #VALUE! | X72: =MAX(F72-50,0)*中国_中债国债到期收益率_1年!H72*100/365 -> 0 | Y72: =SUM($X$3:X72) -> 0 | AA72: -50 | AB72: =Z72*Return!F72*100 -> 0 | AC72: =AA72*Return!G72*100 -> 22.5 | AD72: =SUM($AB$3:AB72)+SUM($AC$3:AC72) -> 541.8 | AE72: =Q72+W72+AD72-Y72 -> #VALUE! | AF72: =AE72/$AI$1+1 -> #VALUE! | AG72: =(AF72/AF71-1)-中国_中债国债到期收益率_1年!H72%/252 -> #VALUE! | AH72: =MIN((AF72-MAX($AF$3:AF72))/MAX($AF$3:AF72),0) -> #VALUE!
A73: 44813 | B73: 10 | C73: 10 | F73: =SUM(B73:E73) -> 20 | G73: =B73 -> 10 | H73: =5*C73 -> 50 | I73: =9*D73 -> 0 | J73: =16*E73 -> 0 | K73: =SUM(G73:J73) -> 60 | L73: =G73*Return!B73*100 -> -12.5 | M73: =H73*Return!C73*100 -> -36 | N73: =I73*Return!D73*100 -> 0 | O73: =J73*Return!E73*100 -> 0 | P73: =SUM(L73:O73) -> -48.5 | Q73: =SUM($P$3:P73) -> #VALUE! | R73: =B73*中国_中债国债到期收益率_1年!B72/365*100 -> 4.7917808 | S73: =C73*中国_中债国债到期收益率_1年!C72/365*100 -> 6.5715068 | T73: =D73*中国_中债国债到期收益率_1年!D72/365*100 -> 0 | U73: =E73*中国_中债国债到期收益率_1年!E72/365*100 -> 0 | V73: =SUM(R73:U73) -> 11.363288 | W73: =SUM($V$3:V73) -> #VALUE! | X73: =MAX(F73-50,0)*中国_中债国债到期收益率_1年!H73*100/365 -> 0 | Y73: =SUM($X$3:X73) -> 0 | AA73: -50 | AB73: =Z73*Return!F73*100 -> 0 | AC73: =AA73*Return!G73*100 -> 67 | AD73: =SUM($AB$3:AB73)+SUM($AC$3:AC73) -> 608.8 | AE73: =Q73+W73+AD73-Y73 -> #VALUE! | AF73: =AE73/$AI$1+1 -> #VALUE! | AG73: =(AF73/AF72-1)-中国_中债国债到期收益率_1年!H73%/252 -> #VALUE! | AH73: =MIN((AF73-MAX($AF$3:AF73))/MAX($AF$3:AF73),0) -> #VALUE!
A74: 44817 | B74: 10 | C74: 10 | F74: =SUM(B74:E74) -> 20 | G74: =B74 -> 10 | H74: =5*C74 -> 50 | I74: =9*D74 -> 0 | J74: =16*E74 -> 0 | K74: =SUM(G74:J74) -> 60 | L74: =G74*Return!B74*100 -> -10.7 | M74: =H74*Return!C74*100 -> -99 | N74: =I74*Return!D74*100 -> 0 | O74: =J74*Return!E74*100 -> 0 | P74: =SUM(L74:O74) -> -109.7 | Q74: =SUM($P$3:P74) -> #VALUE! | R74: =B74*中国_中债国债到期收益率_1年!B73/365*100 -> 4.8210959 | S74: =C74*中国_中债国债到期收益率_1年!C73/365*100 -> 6.6257534 | T74: =D74*中国_中债国债到期收益率_1年!D73/365*100 -> 0 | U74: =E74*中国_中债国债到期收益率_1年!E73/365*100 -> 0 | V74: =SUM(R74:U74) -> 11.446849 | W74: =SUM($V$3:V74) -> #VALUE! | X74: =MAX(F74-50,0)*中国_中债国债到期收益率_1年!H74*100/365 -> 0 | Y74: =SUM($X$3:X74) -> 0 | AA74: -50 | AB74: =Z74*Return!F74*100 -> 0 | AC74: =AA74*Return!G74*100 -> 40 | AD74: =SUM($AB$3:AB74)+SUM($AC$3:AC74) -> 648.8 | AE74: =Q74+W74+AD74-Y74 -> #VALUE! | AF74: =AE74/$AI$1+1 -> #VALUE! | AG74: =(AF74/AF73-1)-中国_中债国债到期收益率_1年!H74%/252 -> #VALUE! | AH74: =MIN((AF74-MAX($AF$3:AF74))/MAX($AF$3:AF74),0) -> #VALUE!
A75: 44818 | B75: 20 | C75: 10 | F75: =SUM(B75:E75) -> 30 | G75: =B75 -> 20 | H75: =5*C75 -> 50 | I75: =9*D75 -> 0 | J75: =16*E75 -> 0 | K75: =SUM(G75:J75) -> 70 | L75: =G75*Return!B75*100 -> -20 | M75: =H75*Return!C75*100 -> -59.5 | N75: =I75*Return!D75*100 -> 0 | O75: =J75*Return!E75*100 -> 0 | P75: =SUM(L75:O75) -> -79.5 | Q75: =SUM($P$3:P75) -> #VALUE! | R75: =B75*中国_中债国债到期收益率_1年!B74/365*100 -> 9.6969863 | S75: =C75*中国_中债国债到期收益率_1年!C74/365*100 -> 6.6583562 | T75: =D75*中国_中债国债到期收益率_1年!D74/365*100 -> 0 | U75: =E75*中国_中债国债到期收益率_1年!E74/365*100 -> 0 | V75: =SUM(R75:U75) -> 16.355342 | W75: =SUM($V$3:V75) -> #VALUE! | X75: =MAX(F75-50,0)*中国_中债国债到期收益率_1年!H75*100/365 -> 0 | Y75: =SUM($X$3:X75) -> 0 | AA75: -50 | AB75: =Z75*Return!F75*100 -> 0 | AC75: =AA75*Return!G75*100 -> 77 | AD75: =SUM($AB$3:AB75)+SUM($AC$3:AC75) -> 725.8 | AE75: =Q75+W75+AD75-Y75 -> #VALUE! | AF75: =AE75/$AI$1+1 -> #VALUE! | AG75: =(AF75/AF74-1)-中国_中债国债到期收益率_1年!H75%/252 -> #VALUE! | AH75: =MIN((AF75-MAX($AF$3:AF75))/MAX($AF$3:AF75),0) -> #VALUE!
A76: 44819 | B76: 20 | C76: 10 | F76: =SUM(B76:E76) -> 30 | G76: =B76 -> 20 | H76: =5*C76 -> 50 | I76: =9*D76 -> 0 | J76: =16*E76 -> 0 | K76: =SUM(G76:J76) -> 70 | L76: =G76*Return!B76*100 -> -63.6 | M76: =H76*Return!C76*100 -> -98 | N76: =I76*Return!D76*100 -> 0 | O76: =J76*Return!E76*100 -> 0 | P76: =SUM(L76:O76) -> -161.6 | Q76: =SUM($P$3:P76) -> #VALUE! | R76: =B76*中国_中债国债到期收益率_1年!B75/365*100 -> 9.8712329 | S76: =C76*中国_中债国债到期收益率_1年!C75/365*100 -> 6.7120548 | T76: =D76*中国_中债国债到期收益率_1年!D75/365*100 -> 0 | U76: =E76*中国_中债国债到期收益率_1年!E75/365*100 -> 0 | V76: =SUM(R76:U76) -> 16.583288 | W76: =SUM($V$3:V76) -> #VALUE! | X76: =MAX(F76-50,0)*中国_中债国债到期收益率_1年!H76*100/365 -> 0 | Y76: =SUM($X$3:X76) -> 0 | AA76: -50 | AB76: =Z76*Return!F76*100 -> 0 | AC76: =AA76*Return!G76*100 -> 71 | AD76: =SUM($AB$3:AB76)+SUM($AC$3:AC76) -> 796.8 | AE76: =Q76+W76+AD76-Y76 -> #VALUE! | AF76: =AE76/$AI$1+1 -> #VALUE! | AG76: =(AF76/AF75-1)-中国_中债国债到期收益率_1年!H76%/252 -> #VALUE! | AH76: =MIN((AF76-MAX($AF$3:AF76))/MAX($AF$3:AF76),0) -> #VALUE!
A77: 44820 | B77: 20 | C77: 10 | F77: =SUM(B77:E77) -> 30 | G77: =B77 -> 20 | H77: =5*C77 -> 50 | I77: =9*D77 -> 0 | J77: =16*E77 -> 0 | K77: =SUM(G77:J77) -> 70 | L77: =G77*Return!B77*100 -> -8.6 | M77: =H77*Return!C77*100 -> -23.5 | N77: =I77*Return!D77*100 -> 0 | O77: =J77*Return!E77*100 -> 0 | P77: =SUM(L77:O77) -> -32.1 | Q77: =SUM($P$3:P77) -> #VALUE! | R77: =B77*中国_中债国债到期收益率_1年!B76/365*100 -> 9.8947945 | S77: =C77*中国_中债国债到期收益率_1年!C76/365*100 -> 6.7249315 | T77: =D77*中国_中债国债到期收益率_1年!D76/365*100 -> 0 | U77: =E77*中国_中债国债到期收益率_1年!E76/365*100 -> 0 | V77: =SUM(R77:U77) -> 16.619726 | W77: =SUM($V$3:V77) -> #VALUE! | X77: =MAX(F77-50,0)*中国_中债国债到期收益率_1年!H77*100/365 -> 0 | Y77: =SUM($X$3:X77) -> 0 | AA77: -50 | AB77: =Z77*Return!F77*100 -> 0 | AC77: =AA77*Return!G77*100 -> 11.5 | AD77: =SUM($AB$3:AB77)+SUM($AC$3:AC77) -> 808.3 | AE77: =Q77+W77+AD77-Y77 -> #VALUE! | AF77: =AE77/$AI$1+1 -> #VALUE! | AG77: =(AF77/AF76-1)-中国_中债国债到期收益率_1年!H77%/252 -> #VALUE! | AH77: =MIN((AF77-MAX($AF$3:AF77))/MAX($AF$3:AF77),0) -> #VALUE!
A78: 44823 | B78: 20 | C78: 10 | F78: =SUM(B78:E78) -> 30 | G78: =B78 -> 20 | H78: =5*C78 -> 50 | I78: =9*D78 -> 0 | J78: =16*E78 -> 0 | K78: =SUM(G78:J78) -> 70 | L78: =G78*Return!B78*100 -> -48 | M78: =H78*Return!C78*100 -> -60 | N78: =I78*Return!D78*100 -> 0 | O78: =J78*Return!E78*100 -> 0 | P78: =SUM(L78:O78) -> -108 | Q78: =SUM($P$3:P78) -> #VALUE! | R78: =B78*中国_中债国债到期收益率_1年!B77/365*100 -> 10.026301 | S78: =C78*中国_中债国债到期收益率_1年!C77/365*100 -> 6.7578082 | T78: =D78*中国_中债国债到期收益率_1年!D77/365*100 -> 0 | U78: =E78*中国_中债国债到期收益率_1年!E77/365*100 -> 0 | V78: =SUM(R78:U78) -> 16.78411 | W78: =SUM($V$3:V78) -> #VALUE! | X78: =MAX(F78-50,0)*中国_中债国债到期收益率_1年!H78*100/365 -> 0 | Y78: =SUM($X$3:X78) -> 0 | AA78: -50 | AB78: =Z78*Return!F78*100 -> 0 | AC78: =AA78*Return!G78*100 -> 134.5 | AD78: =SUM($AB$3:AB78)+SUM($AC$3:AC78) -> 942.8 | AE78: =Q78+W78+AD78-Y78 -> #VALUE! | AF78: =AE78/$AI$1+1 -> #VALUE! | AG78: =(AF78/AF77-1)-中国_中债国债到期收益率_1年!H78%/252 -> #VALUE! | AH78: =MIN((AF78-MAX($AF$3:AF78))/MAX($AF$3:AF78),0) -> #VALUE!
A79: 44824 | B79: 20 | C79: 10 | F79: =SUM(B79:E79) -> 30 | G79: =B79 -> 20 | H79: =5*C79 -> 50 | I79: =9*D79 -> 0 | J79: =16*E79 -> 0 | K79: =SUM(G79:J79) -> 70 | L79: =G79*Return!B79*100 -> -41.6 | M79: =H79*Return!C79*100 -> 38 | N79: =I79*Return!D79*100 -> 0 | O79: =J79*Return!E79*100 -> 0 | P79: =SUM(L79:O79) -> -3.6 | Q79: =SUM($P$3:P79) -> #VALUE! | R79: =B79*中国_中债国债到期收益率_1年!B78/365*100 -> 10.140274 | S79: =C79*中国_中债国债到期收益率_1年!C78/365*100 -> 6.7369863 | T79: =D79*中国_中债国债到期收益率_1年!D78/365*100 -> 0 | U79: =E79*中国_中债国债到期收益率_1年!E78/365*100 -> 0 | V79: =SUM(R79:U79) -> 16.87726 | W79: =SUM($V$3:V79) -> #VALUE! | X79: =MAX(F79-50,0)*中国_中债国债到期收益率_1年!H79*100/365 -> 0 | Y79: =SUM($X$3:X79) -> 0 | Z79: 50 | AA79: -50 | AB79: =Z79*Return!F79*100 -> 35 | AC79: =AA79*Return!G79*100 -> -52.5 | AD79: =SUM($AB$3:AB79)+SUM($AC$3:AC79) -> 925.3 | AE79: =Q79+W79+AD79-Y79 -> #VALUE! | AF79: =AE79/$AI$1+1 -> #VALUE! | AG79: =(AF79/AF78-1)-中国_中债国债到期收益率_1年!H79%/252 -> #VALUE! | AH79: =MIN((AF79-MAX($AF$3:AF79))/MAX($AF$3:AF79),0) -> #VALUE!
A80: 44825 | B80: 20 | C80: 10 | F80: =SUM(B80:E80) -> 30 | G80: =B80 -> 20 | H80: =5*C80 -> 50 | I80: =9*D80 -> 0 | J80: =16*E80 -> 0 | K80: =SUM(G80:J80) -> 70 | L80: =G80*Return!B80*100 -> 4.6 | M80: =H80*Return!C80*100 -> 87.5 | N80: =I80*Return!D80*100 -> 0 | O80: =J80*Return!E80*100 -> 0 | P80: =SUM(L80:O80) -> 92.1 | Q80: =SUM($P$3:P80) -> #VALUE! | R80: =B80*中国_中债国债到期收益率_1年!B79/365*100 -> 10.127671 | S80: =C80*中国_中债国债到期收益率_1年!C79/365*100 -> 6.6890411 | T80: =D80*中国_中债国债到期收益率_1年!D79/365*100 -> 0 | U80: =E80*中国_中债国债到期收益率_1年!E79/365*100 -> 0 | V80: =SUM(R80:U80) -> 16.816712 | W80: =SUM($V$3:V80) -> #VALUE! | X80: =MAX(F80-50,0)*中国_中债国债到期收益率_1年!H80*100/365 -> 0 | Y80: =SUM($X$3:X80) -> 0 | Z80: 50 | AA80: -50 | AB80: =Z80*Return!F80*100 -> 62 | AC80: =AA80*Return!G80*100 -> -65.5 | AD80: =SUM($AB$3:AB80)+SUM($AC$3:AC80) -> 921.8 | AE80: =Q80+W80+AD80-Y80 -> #VALUE! | AF80: =AE80/$AI$1+1 -> #VALUE! | AG80: =(AF80/AF79-1)-中国_中债国债到期收益率_1年!H80%/252 -> #VALUE! | AH80: =MIN((AF80-MAX($AF$3:AF80))/MAX($AF$3:AF80),0) -> #VALUE!
A81: 44826 | B81: 20 | C81: 10 | F81: =SUM(B81:E81) -> 30 | G81: =B81 -> 20 | H81: =5*C81 -> 50 | I81: =9*D81 -> 0 | J81: =16*E81 -> 0 | K81: =SUM(G81:J81) -> 70 | L81: =G81*Return!B81*100 -> 40.2 | M81: =H81*Return!C81*100 -> 45 | N81: =I81*Return!D81*100 -> 0 | O81: =J81*Return!E81*100 -> 0 | P81: =SUM(L81:O81) -> 85.2 | Q81: =SUM($P$3:P81) -> #VALUE! | R81: =B81*中国_中债国债到期收益率_1年!B80/365*100 -> 10.017534 | S81: =C81*中国_中债国债到期收益率_1年!C80/365*100 -> 6.6643836 | T81: =D81*中国_中债国债到期收益率_1年!D80/365*100 -> 0 | U81: =E81*中国_中债国债到期收益率_1年!E80/365*100 -> 0 | V81: =SUM(R81:U81) -> 16.681918 | W81: =SUM($V$3:V81) -> #VALUE! | X81: =MAX(F81-50,0)*中国_中债国债到期收益率_1年!H81*100/365 -> 0 | Y81: =SUM($X$3:X81) -> 0 | Z81: 50 | AA81: -50 | AB81: =Z81*Return!F81*100 -> 14.5 | AC81: =AA81*Return!G81*100 -> -44.5 | AD81: =SUM($AB$3:AB81)+SUM($AC$3:AC81) -> 891.8 | AE81: =Q81+W81+AD81-Y81 -> #VALUE! | AF81: =AE81/$AI$1+1 -> #VALUE! | AG81: =(AF81/AF80-1)-中国_中债国债到期收益率_1年!H81%/252 -> #VALUE! | AH81: =MIN((AF81-MAX($AF$3:AF81))/MAX($AF$3:AF81),0) -> #VALUE!
A82: 44827 | B82: 20 | C82: 10 | F82: =SUM(B82:E82) -> 30 | G82: =B82 -> 20 | H82: =5*C82 -> 50 | I82: =9*D82 -> 0 | J82: =16*E82 -> 0 | K82: =SUM(G82:J82) -> 70 | L82: =G82*Return!B82*100 -> 10 | M82: =H82*Return!C82*100 -> -52 | N82: =I82*Return!D82*100 -> 0 | O82: =J82*Return!E82*100 -> 0 | P82: =SUM(L82:O82) -> -42 | Q82: =SUM($P$3:P82) -> #VALUE! | R82: =B82*中国_中债国债到期收益率_1年!B81/365*100 -> 9.990137 | S82: =C82*中国_中债国债到期收益率_1年!C81/365*100 -> 6.6928767 | T82: =D82*中国_中债国债到期收益率_1年!D81/365*100 -> 0 | U82: =E82*中国_中债国债到期收益率_1年!E81/365*100 -> 0 | V82: =SUM(R82:U82) -> 16.683014 | W82: =SUM($V$3:V82) -> #VALUE! | X82: =MAX(F82-50,0)*中国_中债国债到期收益率_1年!H82*100/365 -> 0 | Y82: =SUM($X$3:X82) -> 0 | Z82: 50 | AA82: -50 | AB82: =Z82*Return!F82*100 -> -42 | AC82: =AA82*Return!G82*100 -> 22.5 | AD82: =SUM($AB$3:AB82)+SUM($AC$3:AC82) -> 872.3 | AE82: =Q82+W82+AD82-Y82 -> #VALUE! | AF82: =AE82/$AI$1+1 -> #VALUE! | AG82: =(AF82/AF81-1)-中国_中债国债到期收益率_1年!H82%/252 -> #VALUE! | AH82: =MIN((AF82-MAX($AF$3:AF82))/MAX($AF$3:AF82),0) -> #VALUE!
A83: 44830 | B83: 20 | C83: 10 | F83: =SUM(B83:E83) -> 30 | G83: =B83 -> 20 | H83: =5*C83 -> 50 | I83: =9*D83 -> 0 | J83: =16*E83 -> 0 | K83: =SUM(G83:J83) -> 70 | L83: =G83*Return!B83*100 -> -9.6 | M83: =H83*Return!C83*100 -> -129.5 | N83: =I83*Return!D83*100 -> 0 | O83: =J83*Return!E83*100 -> 0 | P83: =SUM(L83:O83) -> -139.1 | Q83: =SUM($P$3:P83) -> #VALUE! | R83: =B83*中国_中债国债到期收益率_1年!B82/365*100 -> 10.016438 | S83: =C83*中国_中债国债到期收益率_1年!C82/365*100 -> 6.7638356 | T83: =D83*中国_中债国债到期收益率_1年!D82/365*100 -> 0 | U83: =E83*中国_中债国债到期收益率_1年!E82/365*100 -> 0 | V83: =SUM(R83:U83) -> 16.780274 | W83: =SUM($V$3:V83) -> #VALUE! | X83: =MAX(F83-50,0)*中国_中债国债到期收益率_1年!H83*100/365 -> 0 | Y83: =SUM($X$3:X83) -> 0 | Z83: 50 | AA83: -50 | AB83: =Z83*Return!F83*100 -> -35 | AC83: =AA83*Return!G83*100 -> 105.5 | AD83: =SUM($AB$3:AB83)+SUM($AC$3:AC83) -> 942.8 | AE83: =Q83+W83+AD83-Y83 -> #VALUE! | AF83: =AE83/$AI$1+1 -> #VALUE! | AG83: =(AF83/AF82-1)-中国_中债国债到期收益率_1年!H83%/252 -> #VALUE! | AH83: =MIN((AF83-MAX($AF$3:AF83))/MAX($AF$3:AF83),0) -> #VALUE!
A84: 44831 | B84: 20 | C84: 10 | F84: =SUM(B84:E84) -> 30 | G84: =B84 -> 20 | H84: =5*C84 -> 50 | I84: =9*D84 -> 0 | J84: =16*E84 -> 0 | K84: =SUM(G84:J84) -> 70 | L84: =G84*Return!B84*100 -> -65.6 | M84: =H84*Return!C84*100 -> -216 | N84: =I84*Return!D84*100 -> 0 | O84: =J84*Return!E84*100 -> 0 | P84: =SUM(L84:O84) -> -281.6 | Q84: =SUM($P$3:P84) -> #VALUE! | R84: =B84*中国_中债国债到期收益率_1年!B83/365*100 -> 10.196164 | S84: =C84*中国_中债国债到期收益率_1年!C83/365*100 -> 6.8821918 | T84: =D84*中国_中债国债到期收益率_1年!D83/365*100 -> 0 | U84: =E84*中国_中债国债到期收益率_1年!E83/365*100 -> 0 | V84: =SUM(R84:U84) -> 17.078356 | W84: =SUM($V$3:V84) -> #VALUE! | X84: =MAX(F84-50,0)*中国_中债国债到期收益率_1年!H84*100/365 -> 0 | Y84: =SUM($X$3:X84) -> 0 | Z84: 50 | AA84: -50 | AB84: =Z84*Return!F84*100 -> -204 | AC84: =AA84*Return!G84*100 -> 180.5 | AD84: =SUM($AB$3:AB84)+SUM($AC$3:AC84) -> 919.3 | AE84: =Q84+W84+AD84-Y84 -> #VALUE! | AF84: =AE84/$AI$1+1 -> #VALUE! | AG84: =(AF84/AF83-1)-中国_中债国债到期收益率_1年!H84%/252 -> #VALUE! | AH84: =MIN((AF84-MAX($AF$3:AF84))/MAX($AF$3:AF84),0) -> #VALUE!
A85: 44832 | B85: 20 | C85: 10 | F85: =SUM(B85:E85) -> 30 | G85: =B85 -> 20 | H85: =5*C85 -> 50 | I85: =9*D85 -> 0 | J85: =16*E85 -> 0 | K85: =SUM(G85:J85) -> 70 | L85: =G85*Return!B85*100 -> -20.6 | M85: =H85*Return!C85*100 -> 47 | N85: =I85*Return!D85*100 -> 0 | O85: =J85*Return!E85*100 -> 0 | P85: =SUM(L85:O85) -> 26.4 | Q85: =SUM($P$3:P85) -> #VALUE! | R85: =B85*中国_中债国债到期收益率_1年!B84/365*100 -> 10.252603 | S85: =C85*中国_中债国债到期收益率_1年!C84/365*100 -> 6.8564384 | T85: =D85*中国_中债国债到期收益率_1年!D84/365*100 -> 0 | U85: =E85*中国_中债国债到期收益率_1年!E84/365*100 -> 0 | V85: =SUM(R85:U85) -> 17.109041 | W85: =SUM($V$3:V85) -> #VALUE! | X85: =MAX(F85-50,0)*中国_中债国债到期收益率_1年!H85*100/365 -> 0 | Y85: =SUM($X$3:X85) -> 0 | Z85: 50 | AA85: -50 | AB85: =Z85*Return!F85*100 -> 60.5 | AC85: =AA85*Return!G85*100 -> 38 | AD85: =SUM($AB$3:AB85)+SUM($AC$3:AC85) -> 1017.8 | AE85: =Q85+W85+AD85-Y85 -> #VALUE! | AF85: =AE85/$AI$1+1 -> #VALUE! | AG85: =(AF85/AF84-1)-中国_中债国债到期收益率_1年!H85%/252 -> #VALUE! | AH85: =MIN((AF85-MAX($AF$3:AF85))/MAX($AF$3:AF85),0) -> #VALUE!
A86: 44833 | B86: 20 | C86: 10 | F86: =SUM(B86:E86) -> 30 | G86: =B86 -> 20 | H86: =5*C86 -> 50 | I86: =9*D86 -> 0 | J86: =16*E86 -> 0 | K86: =SUM(G86:J86) -> 70 | L86: =G86*Return!B86*100 -> -62.6 | M86: =H86*Return!C86*100 -> -144.5 | N86: =I86*Return!D86*100 -> 0 | O86: =J86*Return!E86*100 -> 0 | P86: =SUM(L86:O86) -> -207.1 | Q86: =SUM($P$3:P86) -> #VALUE! | R86: =B86*中国_中债国债到期收益率_1年!B85/365*100 -> 10.42411 | S86: =C86*中国_中债国债到期收益率_1年!C85/365*100 -> 6.9356164 | T86: =D86*中国_中债国债到期收益率_1年!D85/365*100 -> 0 | U86: =E86*中国_中债国债到期收益率_1年!E85/365*100 -> 0 | V86: =SUM(R86:U86) -> 17.359726 | W86: =SUM($V$3:V86) -> #VALUE! | X86: =MAX(F86-50,0)*中国_中债国债到期收益率_1年!H86*100/365 -> 0 | Y86: =SUM($X$3:X86) -> 0 | Z86: 50 | AA86: -50 | AB86: =Z86*Return!F86*100 -> -8.5 | AC86: =AA86*Return!G86*100 -> 72.5 | AD86: =SUM($AB$3:AB86)+SUM($AC$3:AC86) -> 1081.8 | AE86: =Q86+W86+AD86-Y86 -> #VALUE! | AF86: =AE86/$AI$1+1 -> #VALUE! | AG86: =(AF86/AF85-1)-中国_中债国债到期收益率_1年!H86%/252 -> #VALUE! | AH86: =MIN((AF86-MAX($AF$3:AF86))/MAX($AF$3:AF86),0) -> #VALUE!
A87: 44834 | B87: 20 | C87: 10 | F87: =SUM(B87:E87) -> 30 | G87: =B87 -> 20 | H87: =5*C87 -> 50 | I87: =9*D87 -> 0 | J87: =16*E87 -> 0 | K87: =SUM(G87:J87) -> 70 | L87: =G87*Return!B87*100 -> 18.8 | M87: =H87*Return!C87*100 -> -150.5 | N87: =I87*Return!D87*100 -> 0 | O87: =J87*Return!E87*100 -> 0 | P87: =SUM(L87:O87) -> -131.7 | Q87: =SUM($P$3:P87) -> #VALUE! | R87: =B87*中国_中债国债到期收益率_1年!B86/365*100 -> 10.372603 | S87: =C87*中国_中债国债到期收益率_1年!C86/365*100 -> 7.0180822 | T87: =D87*中国_中债国债到期收益率_1年!D86/365*100 -> 0 | U87: =E87*中国_中债国债到期收益率_1年!E86/365*100 -> 0 | V87: =SUM(R87:U87) -> 17.390685 | W87: =SUM($V$3:V87) -> #VALUE! | X87: =MAX(F87-50,0)*中国_中债国债到期收益率_1年!H87*100/365 -> 0 | Y87: =SUM($X$3:X87) -> 0 | Z87: 50 | AA87: -50 | AB87: =Z87*Return!F87*100 -> -122 | AC87: =AA87*Return!G87*100 -> 79 | AD87: =SUM($AB$3:AB87)+SUM($AC$3:AC87) -> 1038.8 | AE87: =Q87+W87+AD87-Y87 -> #VALUE! | AF87: =AE87/$AI$1+1 -> #VALUE! | AG87: =(AF87/AF86-1)-中国_中债国债到期收益率_1年!H87%/252 -> #VALUE! | AH87: =MIN((AF87-MAX($AF$3:AF87))/MAX($AF$3:AF87),0) -> #VALUE!
A88: 44842 | B88: 20 | C88: 10 | F88: =SUM(B88:E88) -> 30 | G88: =B88 -> 20 | H88: =5*C88 -> 50 | I88: =9*D88 -> 0 | J88: =16*E88 -> 0 | K88: =SUM(G88:J88) -> 70 | L88: =G88*Return!B88*100 -> 79 | M88: =H88*Return!C88*100 -> -110 | N88: =I88*Return!D88*100 -> 0 | O88: =J88*Return!E88*100 -> 0 | P88: =SUM(L88:O88) -> -31 | Q88: =SUM($P$3:P88) -> #VALUE! | R88: =B88*中国_中债国债到期收益率_1年!B87/365*100 -> 10.156164 | S88: =C88*中国_中债国债到期收益率_1年!C87/365*100 -> 7.0783562 | T88: =D88*中国_中债国债到期收益率_1年!D87/365*100 -> 0 | U88: =E88*中国_中债国债到期收益率_1年!E87/365*100 -> 0 | V88: =SUM(R88:U88) -> 17.234521 | W88: =SUM($V$3:V88) -> #VALUE! | X88: =MAX(F88-50,0)*中国_中债国债到期收益率_1年!H88*100/365 -> 0 | Y88: =SUM($X$3:X88) -> 0 | Z88: 50 | AA88: -50 | AB88: =Z88*Return!F88*100 -> 0 | AC88: =AA88*Return!G88*100 -> 123 | AD88: =SUM($AB$3:AB88)+SUM($AC$3:AC88) -> 1161.8 | AE88: =Q88+W88+AD88-Y88 -> #VALUE! | AF88: =AE88/$AI$1+1 -> #VALUE! | AG88: =(AF88/AF87-1)-中国_中债国债到期收益率_1年!H88%/252 -> #VALUE! | AH88: =MIN((AF88-MAX($AF$3:AF88))/MAX($AF$3:AF88),0) -> #VALUE!
A89: 44843 | B89: 20 | C89: 10 | F89: =SUM(B89:E89) -> 30 | G89: =B89 -> 20 | H89: =5*C89 -> 50 | I89: =9*D89 -> 0 | J89: =16*E89 -> 0 | K89: =SUM(G89:J89) -> 70 | L89: =G89*Return!B89*100 -> 42.4 | M89: =H89*Return!C89*100 -> 12.5 | N89: =I89*Return!D89*100 -> 0 | O89: =J89*Return!E89*100 -> 0 | P89: =SUM(L89:O89) -> 54.9 | Q89: =SUM($P$3:P89) -> #VALUE! | R89: =B89*中国_中债国债到期收益率_1年!B88/365*100 -> 10.04 | S89: =C89*中国_中债国债到期收益率_1年!C88/365*100 -> 7.0715068 | T89: =D89*中国_中债国债到期收益率_1年!D88/365*100 -> 0 | U89: =E89*中国_中债国债到期收益率_1年!E88/365*100 -> 0 | V89: =SUM(R89:U89) -> 17.111507 | W89: =SUM($V$3:V89) -> #VALUE! | X89: =MAX(F89-50,0)*中国_中债国债到期收益率_1年!H89*100/365 -> 0 | Y89: =SUM($X$3:X89) -> 0 | Z89: 50 | AA89: -50 | AB89: =Z89*Return!F89*100 -> 42.5 | AC89: =AA89*Return!G89*100 -> -103.5 | AD89: =SUM($AB$3:AB89)+SUM($AC$3:AC89) -> 1100.8 | AE89: =Q89+W89+AD89-Y89 -> #VALUE! | AF89: =AE89/$AI$1+1 -> #VALUE! | AG89: =(AF89/AF88-1)-中国_中债国债到期收益率_1年!H89%/252 -> #VALUE! | AH89: =MIN((AF89-MAX($AF$3:AF89))/MAX($AF$3:AF89),0) -> #VALUE!
A90: 44844 | B90: 20 | C90: 10 | F90: =SUM(B90:E90) -> 30 | G90: =B90 -> 20 | H90: =5*C90 -> 50 | I90: =9*D90 -> 0 | J90: =16*E90 -> 0 | K90: =SUM(G90:J90) -> 70 | L90: =G90*Return!B90*100 -> 6.6 | M90: =H90*Return!C90*100 -> 162.5 | N90: =I90*Return!D90*100 -> 0 | O90: =J90*Return!E90*100 -> 0 | P90: =SUM(L90:O90) -> 169.1 | Q90: =SUM($P$3:P90) -> #VALUE! | R90: =B90*中国_中债国债到期收益率_1年!B89/365*100 -> 10.021918 | S90: =C90*中国_中债国债到期收益率_1年!C89/365*100 -> 6.9824658 | T90: =D90*中国_中债国债到期收益率_1年!D89/365*100 -> 0 | U90: =E90*中国_中债国债到期收益率_1年!E89/365*100 -> 0 | V90: =SUM(R90:U90) -> 17.004384 | W90: =SUM($V$3:V90) -> #VALUE! | X90: =MAX(F90-50,0)*中国_中债国债到期收益率_1年!H90*100/365 -> 0 | Y90: =SUM($X$3:X90) -> 0 | Z90: 50 | AA90: -50 | AB90: =Z90*Return!F90*100 -> 58.5 | AC90: =AA90*Return!G90*100 -> 1.5 | AD90: =SUM($AB$3:AB90)+SUM($AC$3:AC90) -> 1160.8 | AE90: =Q90+W90+AD90-Y90 -> #VALUE! | AF90: =AE90/$AI$1+1 -> #VALUE! | AG90: =(AF90/AF89-1)-中国_中债国债到期收益率_1年!H90%/252 -> #VALUE! | AH90: =MIN((AF90-MAX($AF$3:AF90))/MAX($AF$3:AF90),0) -> #VALUE!
... A97: 44853 | B97: 10 | C97: 20 | F97: =SUM(B97:E97) -> 30 | G97: =B97 -> 10 | H97: =5*C97 -> 100 | I97: =9*D97 -> 0 | J97: =16*E97 -> 0 | K97: =SUM(G97:J97) -> 110 | L97: =G97*Return!B97*100 -> 0 | M97: =H97*Return!C97*100 -> 20 | N97: =I97*Return!D97*100 -> 0 | O97: =J97*Return!E97*100 -> 0 | P97: =SUM(L97:O97) -> 20 | Q97: =SUM($P$3:P97) -> #VALUE! | R97: =B97*中国_中债国债到期收益率_1年!B96/365*100 -> 4.8920548 | S97: =C97*中国_中债国债到期收益率_1年!C96/365*100 -> 13.649863 | T97: =D97*中国_中债国债到期收益率_1年!D96/365*100 -> 0 | U97: =E97*中国_中债国债到期收益率_1年!E96/365*100 -> 0 | V97: =SUM(R97:U97) -> 18.541918 | W97: =SUM($V$3:V97) -> #VALUE! | X97: =MAX(F97-50,0)*中国_中债国债到期收益率_1年!H97*100/365 -> 0 | Y97: =SUM($X$3:X97) -> 0 | Z97: 50 | AA97: -50 | AB97: =Z97*Return!F97*100 -> 3.5 | AC97: =AA97*Return!G97*100 -> 14 | AD97: =SUM($AB$3:AB97)+SUM($AC$3:AC97) -> 1201.8 | AE97: =Q97+W97+AD97-Y97 -> #VALUE! | AF97: =AE97/$AI$1+1 -> #VALUE! | AG97: =(AF97/AF96-1)-中国_中债国债到期收益率_1年!H97%/252 -> #VALUE! | AH97: =MIN((AF97-MAX($AF$3:AF97))/MAX($AF$3:AF97),0) -> #VALUE!
A98: 44854 | C98: 20 | F98: =SUM(B98:E98) -> 20 | G98: =B98 -> 0 | H98: =5*C98 -> 100 | I98: =9*D98 -> 0 | J98: =16*E98 -> 0 | K98: =SUM(G98:J98) -> 100 | L98: =G98*Return!B98*100 -> 0 | M98: =H98*Return!C98*100 -> 149 | N98: =I98*Return!D98*100 -> 0 | O98: =J98*Return!E98*100 -> 0 | P98: =SUM(L98:O98) -> 149 | Q98: =SUM($P$3:P98) -> #VALUE! | R98: =B98*中国_中债国债到期收益率_1年!B97/365*100 -> 0 | S98: =C98*中国_中债国债到期收益率_1年!C97/365*100 -> 13.568219 | T98: =D98*中国_中债国债到期收益率_1年!D97/365*100 -> 0 | U98: =E98*中国_中债国债到期收益率_1年!E97/365*100 -> 0 | V98: =SUM(R98:U98) -> 13.568219 | W98: =SUM($V$3:V98) -> #VALUE! | X98: =MAX(F98-50,0)*中国_中债国债到期收益率_1年!H98*100/365 -> 0 | Y98: =SUM($X$3:X98) -> 0 | Z98: 50 | AA98: -50 | AB98: =Z98*Return!F98*100 -> 2.5 | AC98: =AA98*Return!G98*100 -> -8 | AD98: =SUM($AB$3:AB98)+SUM($AC$3:AC98) -> 1196.3 | AE98: =Q98+W98+AD98-Y98 -> #VALUE! | AF98: =AE98/$AI$1+1 -> #VALUE! | AG98: =(AF98/AF97-1)-中国_中债国债到期收益率_1年!H98%/252 -> #VALUE! | AH98: =MIN((AF98-MAX($AF$3:AF98))/MAX($AF$3:AF98),0) -> #VALUE!
A99: 44855 | C99: 30 | D99: 0 | F99: =SUM(B99:E99) -> 30 | G99: =B99 -> 0 | I99: =9*D99 -> 0 | J99: =16*E99 -> 0 | K99: =SUM(G99:J99) -> 0 | L99: =G99*Return!B99*100 -> 0 | M99: =H99*Return!C99*100 -> 0 | N99: =I99*Return!D99*100 -> 0 | O99: =J99*Return!E99*100 -> 0 | P99: =SUM(L99:O99) -> 0 | Q99: =SUM($P$3:P99) -> #VALUE! | R99: =B99*中国_中债国债到期收益率_1年!B98/365*100 -> 0 | S99: =C99*中国_中债国债到期收益率_1年!C98/365*100 -> 20.41726 | T99: =D99*中国_中债国债到期收益率_1年!D98/365*100 -> 0 | U99: =E99*中国_中债国债到期收益率_1年!E98/365*100 -> 0 | V99: =SUM(R99:U99) -> 20.41726 | W99: =SUM($V$3:V99) -> #VALUE! | X99: =MAX(F99-50,0)*中国_中债国债到期收益率_1年!H99*100/365 -> 0 | Y99: =SUM($X$3:X99) -> 0 | Z99: 50 | AA99: -50 | AB99: =Z99*Return!F99*100 -> -53.5 | AC99: =AA99*Return!G99*100 -> 82.5 | AD99: =SUM($AB$3:AB99)+SUM($AC$3:AC99) -> 1225.3 | AE99: =Q99+W99+AD99-Y99 -> #VALUE! | AF99: =AE99/$AI$1+1 -> #VALUE! | AG99: =(AF99/AF98-1)-中国_中债国债到期收益率_1年!H99%/252 -> #VALUE! | AH99: =MIN((AF99-MAX($AF$3:AF99))/MAX($AF$3:AF99),0) -> #VALUE!
A100: 44858 | C100: 30 | D100: 0 | F100: =SUM(B100:E100) -> 30 | G100: =B100 -> 0 | I100: =9*D100 -> 0 | J100: =16*E100 -> 0 | K100: =SUM(G100:J100) -> 0 | L100: =G100*Return!B100*100 -> 0 | M100: =H100*Return!C100*100 -> 0 | N100: =I100*Return!D100*100 -> 0 | O100: =J100*Return!E100*100 -> 0 | P100: =SUM(L100:O100) -> 0 | Q100: =SUM($P$3:P100) -> #VALUE! | R100: =B100*中国_中债国债到期收益率_1年!B99/365*100 -> 0 | S100: =C100*中国_中债国债到期收益率_1年!C99/365*100 -> 20.480548 | T100: =D100*中国_中债国债到期收益率_1年!D99/365*100 -> 0 | U100: =E100*中国_中债国债到期收益率_1年!E99/365*100 -> 0 | V100: =SUM(R100:U100) -> 20.480548 | W100: =SUM($V$3:V100) -> #VALUE! | X100: =MAX(F100-50,0)*中国_中债国债到期收益率_1年!H100*100/365 -> 0 | Y100: =SUM($X$3:X100) -> 0 | AA100: -50 | AB100: =Z100*Return!F100*100 -> 0 | AC100: =AA100*Return!G100*100 -> 42 | AD100: =SUM($AB$3:AB100)+SUM($AC$3:AC100) -> 1267.3 | AE100: =Q100+W100+AD100-Y100 -> #VALUE! | AF100: =AE100/$AI$1+1 -> #VALUE! | AG100: =(AF100/AF99-1)-中国_中债国债到期收益率_1年!H100%/252 -> #VALUE! | AH100: =MIN((AF100-MAX($AF$3:AF100))/MAX($AF$3:AF100),0) -> #VALUE!
A101: 44859 | C101: 30 | D101: 0 | F101: =SUM(B101:E101) -> 30 | G101: =B101 -> 0 | I101: =9*D101 -> 0 | J101: =16*E101 -> 0 | K101: =SUM(G101:J101) -> 0 | L101: =G101*Return!B101*100 -> 0 | M101: =H101*Return!C101*100 -> 0 | N101: =I101*Return!D101*100 -> 0 | O101: =J101*Return!E101*100 -> 0 | P101: =SUM(L101:O101) -> 0 | Q101: =SUM($P$3:P101) -> #VALUE! | R101: =B101*中国_中债国债到期收益率_1年!B100/365*100 -> 0 | S101: =C101*中国_中债国债到期收益率_1年!C100/365*100 -> 20.426301 | T101: =D101*中国_中债国债到期收益率_1年!D100/365*100 -> 0 | U101: =E101*中国_中债国债到期收益率_1年!E100/365*100 -> 0 | V101: =SUM(R101:U101) -> 20.426301 | W101: =SUM($V$3:V101) -> #VALUE! | X101: =MAX(F101-50,0)*中国_中债国债到期收益率_1年!H101*100/365 -> 0 | Y101: =SUM($X$3:X101) -> 0 | AA101: -50 | AB101: =Z101*Return!F101*100 -> 0 | AC101: =AA101*Return!G101*100 -> -26.5 | AD101: =SUM($AB$3:AB101)+SUM($AC$3:AC101) -> 1240.8 | AE101: =Q101+W101+AD101-Y101 -> #VALUE! | AF101: =AE101/$AI$1+1 -> #VALUE! | AG101: =(AF101/AF100-1)-中国_中债国债到期收益率_1年!H101%/252 -> #VALUE! | AH101: =MIN((AF101-MAX($AF$3:AF101))/MAX($AF$3:AF101),0) -> #VALUE!
A102: 44860 | C102: 30 | D102: 0 | F102: =SUM(B102:E102) -> 30 | G102: =B102 -> 0 | I102: =9*D102 -> 0 | J102: =16*E102 -> 0 | K102: =SUM(G102:J102) -> 0 | L102: =G102*Return!B102*100 -> 0 | M102: =H102*Return!C102*100 -> 0 | N102: =I102*Return!D102*100 -> 0 | O102: =J102*Return!E102*100 -> 0 | P102: =SUM(L102:O102) -> 0 | Q102: =SUM($P$3:P102) -> #VALUE! | R102: =B102*中国_中债国债到期收益率_1年!B101/365*100 -> 0 | S102: =C102*中国_中债国债到期收益率_1年!C101/365*100 -> 20.573425 | T102: =D102*中国_中债国债到期收益率_1年!D101/365*100 -> 0 | U102: =E102*中国_中债国债到期收益率_1年!E101/365*100 -> 0 | V102: =SUM(R102:U102) -> 20.573425 | W102: =SUM($V$3:V102) -> #VALUE! | X102: =MAX(F102-50,0)*中国_中债国债到期收益率_1年!H102*100/365 -> 0 | Y102: =SUM($X$3:X102) -> 0 | AA102: -50 | AB102: =Z102*Return!F102*100 -> 0 | AC102: =AA102*Return!G102*100 -> 39 | AD102: =SUM($AB$3:AB102)+SUM($AC$3:AC102) -> 1279.8 | AE102: =Q102+W102+AD102-Y102 -> #VALUE! | AF102: =AE102/$AI$1+1 -> #VALUE! | AG102: =(AF102/AF101-1)-中国_中债国债到期收益率_1年!H102%/252 -> #VALUE! | AH102: =MIN((AF102-MAX($AF$3:AF102))/MAX($AF$3:AF102),0) -> #VALUE!
A103: 44861 | C103: 30 | D103: 0 | F103: =SUM(B103:E103) -> 30 | G103: =B103 -> 0 | I103: =9*D103 -> 0 | J103: =16*E103 -> 0 | K103: =SUM(G103:J103) -> 0 | L103: =G103*Return!B103*100 -> 0 | M103: =H103*Return!C103*100 -> 0 | N103: =I103*Return!D103*100 -> 0 | O103: =J103*Return!E103*100 -> 0 | P103: =SUM(L103:O103) -> 0 | Q103: =SUM($P$3:P103) -> #VALUE! | R103: =B103*中国_中债国债到期收益率_1年!B102/365*100 -> 0 | S103: =C103*中国_中债国债到期收益率_1年!C102/365*100 -> 20.412329 | T103: =D103*中国_中债国债到期收益率_1年!D102/365*100 -> 0 | U103: =E103*中国_中债国债到期收益率_1年!E102/365*100 -> 0 | V103: =SUM(R103:U103) -> 20.412329 | W103: =SUM($V$3:V103) -> #VALUE! | X103: =MAX(F103-50,0)*中国_中债国债到期收益率_1年!H103*100/365 -> 0 | Y103: =SUM($X$3:X103) -> 0 | AB103: =Z103*Return!F103*100 -> 0 | AC103: =AA103*Return!G103*100 -> 0 | AD103: =SUM($AB$3:AB103)+SUM($AC$3:AC103) -> 1279.8 | AE103: =Q103+W103+AD103-Y103 -> #VALUE! | AF103: =AE103/$AI$1+1 -> #VALUE! | AG103: =(AF103/AF102-1)-中国_中债国债到期收益率_1年!H103%/252 -> #VALUE! | AH103: =MIN((AF103-MAX($AF$3:AF103))/MAX($AF$3:AF103),0) -> #VALUE!
A104: 44862 | C104: 30 | D104: 0 | F104: =SUM(B104:E104) -> 30 | G104: =B104 -> 0 | I104: =9*D104 -> 0 | J104: =16*E104 -> 0 | K104: =SUM(G104:J104) -> 0 | L104: =G104*Return!B104*100 -> 0 | M104: =H104*Return!C104*100 -> 0 | N104: =I104*Return!D104*100 -> 0 | O104: =J104*Return!E104*100 -> 0 | P104: =SUM(L104:O104) -> 0 | Q104: =SUM($P$3:P104) -> #VALUE! | R104: =B104*中国_中债国债到期收益率_1年!B103/365*100 -> 0 | S104: =C104*中国_中债国债到期收益率_1年!C103/365*100 -> 20.248767 | T104: =D104*中国_中债国债到期收益率_1年!D103/365*100 -> 0 | U104: =E104*中国_中债国债到期收益率_1年!E103/365*100 -> 0 | V104: =SUM(R104:U104) -> 20.248767 | W104: =SUM($V$3:V104) -> #VALUE! | X104: =MAX(F104-50,0)*中国_中债国债到期收益率_1年!H104*100/365 -> 0 | Y104: =SUM($X$3:X104) -> 0 | AB104: =Z104*Return!F104*100 -> 0 | AC104: =AA104*Return!G104*100 -> 0 | AD104: =SUM($AB$3:AB104)+SUM($AC$3:AC104) -> 1279.8 | AE104: =Q104+W104+AD104-Y104 -> #VALUE! | AF104: =AE104/$AI$1+1 -> #VALUE! | AG104: =(AF104/AF103-1)-中国_中债国债到期收益率_1年!H104%/252 -> #VALUE! | AH104: =MIN((AF104-MAX($AF$3:AF104))/MAX($AF$3:AF104),0) -> #VALUE!
A105: 44865 | C105: 30 | D105: 0 | F105: =SUM(B105:E105) -> 30 | G105: =B105 -> 0 | I105: =9*D105 -> 0 | J105: =16*E105 -> 0 | K105: =SUM(G105:J105) -> 0 | L105: =G105*Return!B105*100 -> 0 | M105: =H105*Return!C105*100 -> 0 | N105: =I105*Return!D105*100 -> 0 | O105: =J105*Return!E105*100 -> 0 | P105: =SUM(L105:O105) -> 0 | Q105: =SUM($P$3:P105) -> #VALUE! | R105: =B105*中国_中债国债到期收益率_1年!B104/365*100 -> 0 | S105: =C105*中国_中债国债到期收益率_1年!C104/365*100 -> 20.003014 | T105: =D105*中国_中债国债到期收益率_1年!D104/365*100 -> 0 | U105: =E105*中国_中债国债到期收益率_1年!E104/365*100 -> 0 | V105: =SUM(R105:U105) -> 20.003014 | W105: =SUM($V$3:V105) -> #VALUE! | X105: =MAX(F105-50,0)*中国_中债国债到期收益率_1年!H105*100/365 -> 0 | Y105: =SUM($X$3:X105) -> 0 | AB105: =Z105*Return!F105*100 -> 0 | AC105: =AA105*Return!G105*100 -> 0 | AD105: =SUM($AB$3:AB105)+SUM($AC$3:AC105) -> 1279.8 | AE105: =Q105+W105+AD105-Y105 -> #VALUE! | AF105: =AE105/$AI$1+1 -> #VALUE! | AG105: =(AF105/AF104-1)-中国_中债国债到期收益率_1年!H105%/252 -> #VALUE! | AH105: =MIN((AF105-MAX($AF$3:AF105))/MAX($AF$3:AF105),0) -> #VALUE!
A106: 44866 | C106: 30 | D106: 0 | F106: =SUM(B106:E106) -> 30 | G106: =B106 -> 0 | I106: =9*D106 -> 0 | J106: =16*E106 -> 0 | K106: =SUM(G106:J106) -> 0 | L106: =G106*Return!B106*100 -> 0 | M106: =H106*Return!C106*100 -> 0 | N106: =I106*Return!D106*100 -> 0 | O106: =J106*Return!E106*100 -> 0 | P106: =SUM(L106:O106) -> 0 | Q106: =SUM($P$3:P106) -> #VALUE! | R106: =B106*中国_中债国债到期收益率_1年!B105/365*100 -> 0 | S106: =C106*中国_中债国债到期收益率_1年!C105/365*100 -> 19.949589 | T106: =D106*中国_中债国债到期收益率_1年!D105/365*100 -> 0 | U106: =E106*中国_中债国债到期收益率_1年!E105/365*100 -> 0 | V106: =SUM(R106:U106) -> 19.949589 | W106: =SUM($V$3:V106) -> #VALUE! | X106: =MAX(F106-50,0)*中国_中债国债到期收益率_1年!H106*100/365 -> 0 | Y106: =SUM($X$3:X106) -> 0 | AB106: =Z106*Return!F106*100 -> 0 | AC106: =AA106*Return!G106*100 -> 0 | AD106: =SUM($AB$3:AB106)+SUM($AC$3:AC106) -> 1279.8 | AE106: =Q106+W106+AD106-Y106 -> #VALUE! | AF106: =AE106/$AI$1+1 -> #VALUE! | AG106: =(AF106/AF105-1)-中国_中债国债到期收益率_1年!H106%/252 -> #VALUE! | AH106: =MIN((AF106-MAX($AF$3:AF106))/MAX($AF$3:AF106),0) -> #VALUE!
A107: 44867 | C107: 30 | D107: 0 | F107: =SUM(B107:E107) -> 30 | G107: =B107 -> 0 | I107: =9*D107 -> 0 | J107: =16*E107 -> 0 | K107: =SUM(G107:J107) -> 0 | L107: =G107*Return!B107*100 -> 0 | M107: =H107*Return!C107*100 -> 0 | N107: =I107*Return!D107*100 -> 0 | O107: =J107*Return!E107*100 -> 0 | P107: =SUM(L107:O107) -> 0 | Q107: =SUM($P$3:P107) -> #VALUE! | R107: =B107*中国_中债国债到期收益率_1年!B106/365*100 -> 0 | S107: =C107*中国_中债国债到期收益率_1年!C106/365*100 -> 20.11726 | T107: =D107*中国_中债国债到期收益率_1年!D106/365*100 -> 0 | U107: =E107*中国_中债国债到期收益率_1年!E106/365*100 -> 0 | V107: =SUM(R107:U107) -> 20.11726 | W107: =SUM($V$3:V107) -> #VALUE! | X107: =MAX(F107-50,0)*中国_中债国债到期收益率_1年!H107*100/365 -> 0 | Y107: =SUM($X$3:X107) -> 0 | AB107: =Z107*Return!F107*100 -> 0 | AC107: =AA107*Return!G107*100 -> 0 | AD107: =SUM($AB$3:AB107)+SUM($AC$3:AC107) -> 1279.8 | AE107: =Q107+W107+AD107-Y107 -> #VALUE! | AF107: =AE107/$AI$1+1 -> #VALUE! | AG107: =(AF107/AF106-1)-中国_中债国债到期收益率_1年!H107%/252 -> #VALUE! | AH107: =MIN((AF107-MAX($AF$3:AF107))/MAX($AF$3:AF107),0) -> #VALUE!
A108: 44868 | C108: 20 | D108: 0 | F108: =SUM(B108:E108) -> 20 | G108: =B108 -> 0 | I108: =9*D108 -> 0 | J108: =16*E108 -> 0 | K108: =SUM(G108:J108) -> 0 | L108: =G108*Return!B108*100 -> 0 | M108: =H108*Return!C108*100 -> 0 | N108: =I108*Return!D108*100 -> 0 | O108: =J108*Return!E108*100 -> 0 | P108: =SUM(L108:O108) -> 0 | Q108: =SUM($P$3:P108) -> #VALUE! | R108: =B108*中国_中债国债到期收益率_1年!B107/365*100 -> 0 | S108: =C108*中国_中债国债到期收益率_1年!C107/365*100 -> 13.495342 | T108: =D108*中国_中债国债到期收益率_1年!D107/365*100 -> 0 | U108: =E108*中国_中债国债到期收益率_1年!E107/365*100 -> 0 | V108: =SUM(R108:U108) -> 13.495342 | W108: =SUM($V$3:V108) -> #VALUE! | X108: =MAX(F108-50,0)*中国_中债国债到期收益率_1年!H108*100/365 -> 0 | Y108: =SUM($X$3:X108) -> 0 | AB108: =Z108*Return!F108*100 -> 0 | AC108: =AA108*Return!G108*100 -> 0 | AD108: =SUM($AB$3:AB108)+SUM($AC$3:AC108) -> 1279.8 | AE108: =Q108+W108+AD108-Y108 -> #VALUE! | AF108: =AE108/$AI$1+1 -> #VALUE! | AG108: =(AF108/AF107-1)-中国_中债国债到期收益率_1年!H108%/252 -> #VALUE! | AH108: =MIN((AF108-MAX($AF$3:AF108))/MAX($AF$3:AF108),0) -> #VALUE!
A109: 44869 | C109: 20 | D109: 0 | F109: =SUM(B109:E109) -> 20 | G109: =B109 -> 0 | I109: =9*D109 -> 0 | J109: =16*E109 -> 0 | K109: =SUM(G109:J109) -> 0 | L109: =G109*Return!B109*100 -> 0 | M109: =H109*Return!C109*100 -> 0 | N109: =I109*Return!D109*100 -> 0 | O109: =J109*Return!E109*100 -> 0 | P109: =SUM(L109:O109) -> 0 | Q109: =SUM($P$3:P109) -> #VALUE! | R109: =B109*中国_中债国债到期收益率_1年!B108/365*100 -> 0 | S109: =C109*中国_中债国债到期收益率_1年!C108/365*100 -> 13.496986 | T109: =D109*中国_中债国债到期收益率_1年!D108/365*100 -> 0 | U109: =E109*中国_中债国债到期收益率_1年!E108/365*100 -> 0 | V109: =SUM(R109:U109) -> 13.496986 | W109: =SUM($V$3:V109) -> #VALUE! | X109: =MAX(F109-50,0)*中国_中债国债到期收益率_1年!H109*100/365 -> 0 | Y109: =SUM($X$3:X109) -> 0 | AB109: =Z109*Return!F109*100 -> 0 | AC109: =AA109*Return!G109*100 -> 0 | AD109: =SUM($AB$3:AB109)+SUM($AC$3:AC109) -> 1279.8 | AE109: =Q109+W109+AD109-Y109 -> #VALUE! | AF109: =AE109/$AI$1+1 -> #VALUE! | AG109: =(AF109/AF108-1)-中国_中债国债到期收益率_1年!H109%/252 -> #VALUE! | AH109: =MIN((AF109-MAX($AF$3:AF109))/MAX($AF$3:AF109),0) -> #VALUE!
A110: 44872 | C110: 20 | D110: 0 | F110: =SUM(B110:E110) -> 20 | G110: =B110 -> 0 | I110: =9*D110 -> 0 | J110: =16*E110 -> 0 | K110: =SUM(G110:J110) -> 0 | L110: =G110*Return!B110*100 -> 0 | M110: =H110*Return!C110*100 -> 0 | N110: =I110*Return!D110*100 -> 0 | O110: =J110*Return!E110*100 -> 0 | P110: =SUM(L110:O110) -> 0 | Q110: =SUM($P$3:P110) -> #VALUE! | R110: =B110*中国_中债国债到期收益率_1年!B109/365*100 -> 0 | S110: =C110*中国_中债国债到期收益率_1年!C109/365*100 -> 13.636712 | T110: =D110*中国_中债国债到期收益率_1年!D109/365*100 -> 0 | U110: =E110*中国_中债国债到期收益率_1年!E109/365*100 -> 0 | V110: =SUM(R110:U110) -> 13.636712 | W110: =SUM($V$3:V110) -> #VALUE! | X110: =MAX(F110-50,0)*中国_中债国债到期收益率_1年!H110*100/365 -> 0 | Y110: =SUM($X$3:X110) -> 0 | AB110: =Z110*Return!F110*100 -> 0 | AC110: =AA110*Return!G110*100 -> 0 | AD110: =SUM($AB$3:AB110)+SUM($AC$3:AC110) -> 1279.8 | AE110: =Q110+W110+AD110-Y110 -> #VALUE! | AF110: =AE110/$AI$1+1 -> #VALUE! | AG110: =(AF110/AF109-1)-中国_中债国债到期收益率_1年!H110%/252 -> #VALUE! | AH110: =MIN((AF110-MAX($AF$3:AF110))/MAX($AF$3:AF110),0) -> #VALUE!
A111: 44873 | B111: 10 | C111: 20 | D111: 0 | F111: =SUM(B111:E111) -> 30 | G111: =B111 -> 10 | I111: =9*D111 -> 0 | J111: =16*E111 -> 0 | K111: =SUM(G111:J111) -> 10 | L111: =G111*Return!B111*100 -> 11.2 | M111: =H111*Return!C111*100 -> 0 | N111: =I111*Return!D111*100 -> 0 | O111: =J111*Return!E111*100 -> 0 | P111: =SUM(L111:O111) -> 11.2 | Q111: =SUM($P$3:P111) -> #VALUE! | R111: =B111*中国_中债国债到期收益率_1年!B110/365*100 -> 4.7989041 | S111: =C111*中国_中债国债到期收益率_1年!C110/365*100 -> 13.668493 | T111: =D111*中国_中债国债到期收益率_1年!D110/365*100 -> 0 | U111: =E111*中国_中债国债到期收益率_1年!E110/365*100 -> 0 | V111: =SUM(R111:U111) -> 18.467397 | W111: =SUM($V$3:V111) -> #VALUE! | X111: =MAX(F111-50,0)*中国_中债国债到期收益率_1年!H111*100/365 -> 0 | Y111: =SUM($X$3:X111) -> 0 | AB111: =Z111*Return!F111*100 -> 0 | AC111: =AA111*Return!G111*100 -> 0 | AD111: =SUM($AB$3:AB111)+SUM($AC$3:AC111) -> 1279.8 | AE111: =Q111+W111+AD111-Y111 -> #VALUE! | AF111: =AE111/$AI$1+1 -> #VALUE! | AG111: =(AF111/AF110-1)-中国_中债国债到期收益率_1年!H111%/252 -> #VALUE! | AH111: =MIN((AF111-MAX($AF$3:AF111))/MAX($AF$3:AF111),0) -> #VALUE!
A112: 44874 | B112: 10 | C112: 10 | D112: 0 | F112: =SUM(B112:E112) -> 20 | G112: =B112 -> 10 | I112: =9*D112 -> 0 | J112: =16*E112 -> 0 | K112: =SUM(G112:J112) -> 10 | L112: =G112*Return!B112*100 -> -25.8 | M112: =H112*Return!C112*100 -> 0 | N112: =I112*Return!D112*100 -> 0 | O112: =J112*Return!E112*100 -> 0 | P112: =SUM(L112:O112) -> -25.8 | Q112: =SUM($P$3:P112) -> #VALUE! | R112: =B112*中国_中债国债到期收益率_1年!B111/365*100 -> 4.869589 | S112: =C112*中国_中债国债到期收益率_1年!C111/365*100 -> 6.8057534 | T112: =D112*中国_中债国债到期收益率_1年!D111/365*100 -> 0 | U112: =E112*中国_中债国债到期收益率_1年!E111/365*100 -> 0 | V112: =SUM(R112:U112) -> 11.675342 | W112: =SUM($V$3:V112) -> #VALUE! | X112: =MAX(F112-50,0)*中国_中债国债到期收益率_1年!H112*100/365 -> 0 | Y112: =SUM($X$3:X112) -> 0 | AB112: =Z112*Return!F112*100 -> 0 | AC112: =AA112*Return!G112*100 -> 0 | AD112: =SUM($AB$3:AB112)+SUM($AC$3:AC112) -> 1279.8 | AE112: =Q112+W112+AD112-Y112 -> #VALUE! | AF112: =AE112/$AI$1+1 -> #VALUE! | AG112: =(AF112/AF111-1)-中国_中债国债到期收益率_1年!H112%/252 -> #VALUE! | AH112: =MIN((AF112-MAX($AF$3:AF112))/MAX($AF$3:AF112),0) -> #VALUE!
A113: 44875 | B113: 10 | C113: 10 | D113: 0 | F113: =SUM(B113:E113) -> 20 | G113: =B113 -> 10 | I113: =9*D113 -> 0 | J113: =16*E113 -> 0 | K113: =SUM(G113:J113) -> 10 | L113: =G113*Return!B113*100 -> -38.2 | M113: =H113*Return!C113*100 -> 0 | N113: =I113*Return!D113*100 -> 0 | O113: =J113*Return!E113*100 -> 0 | P113: =SUM(L113:O113) -> -38.2 | Q113: =SUM($P$3:P113) -> #VALUE! | R113: =B113*中国_中债国债到期收益率_1年!B112/365*100 -> 4.9742466 | S113: =C113*中国_中债国债到期收益率_1年!C112/365*100 -> 6.8405479 | T113: =D113*中国_中债国债到期收益率_1年!D112/365*100 -> 0 | U113: =E113*中国_中债国债到期收益率_1年!E112/365*100 -> 0 | V113: =SUM(R113:U113) -> 11.814795 | W113: =SUM($V$3:V113) -> #VALUE! | X113: =MAX(F113-50,0)*中国_中债国债到期收益率_1年!H113*100/365 -> 0 | Y113: =SUM($X$3:X113) -> 0 | AB113: =Z113*Return!F113*100 -> 0 | AC113: =AA113*Return!G113*100 -> 0 | AD113: =SUM($AB$3:AB113)+SUM($AC$3:AC113) -> 1279.8 | AE113: =Q113+W113+AD113-Y113 -> #VALUE! | AF113: =AE113/$AI$1+1 -> #VALUE! | AG113: =(AF113/AF112-1)-中国_中债国债到期收益率_1年!H113%/252 -> #VALUE! | AH113: =MIN((AF113-MAX($AF$3:AF113))/MAX($AF$3:AF113),0) -> #VALUE!
A114: 44876 | B114: 10 | C114: 10 | D114: 0 | F114: =SUM(B114:E114) -> 20 | G114: =B114 -> 10 | I114: =9*D114 -> 0 | J114: =16*E114 -> 0 | K114: =SUM(G114:J114) -> 10 | L114: =G114*Return!B114*100 -> -42.8 | M114: =H114*Return!C114*100 -> 0 | N114: =I114*Return!D114*100 -> 0 | O114: =J114*Return!E114*100 -> 0 | P114: =SUM(L114:O114) -> -42.8 | Q114: =SUM($P$3:P114) -> #VALUE! | R114: =B114*中国_中债国债到期收益率_1年!B113/365*100 -> 5.0915068 | S114: =C114*中国_中债国债到期收益率_1年!C113/365*100 -> 6.8553425 | T114: =D114*中国_中债国债到期收益率_1年!D113/365*100 -> 0 | U114: =E114*中国_中债国债到期收益率_1年!E113/365*100 -> 0 | V114: =SUM(R114:U114) -> 11.946849 | W114: =SUM($V$3:V114) -> #VALUE! | X114: =MAX(F114-50,0)*中国_中债国债到期收益率_1年!H114*100/365 -> 0 | Y114: =SUM($X$3:X114) -> 0 | AB114: =Z114*Return!F114*100 -> 0 | AC114: =AA114*Return!G114*100 -> 0 | AD114: =SUM($AB$3:AB114)+SUM($AC$3:AC114) -> 1279.8 | AE114: =Q114+W114+AD114-Y114 -> #VALUE! | AF114: =AE114/$AI$1+1 -> #VALUE! | AG114: =(AF114/AF113-1)-中国_中债国债到期收益率_1年!H114%/252 -> #VALUE! | AH114: =MIN((AF114-MAX($AF$3:AF114))/MAX($AF$3:AF114),0) -> #VALUE!
A115: 44879 | B115: 10 | C115: 10 | D115: 0 | F115: =SUM(B115:E115) -> 20 | G115: =B115 -> 10 | I115: =9*D115 -> 0 | J115: =16*E115 -> 0 | K115: =SUM(G115:J115) -> 10 | L115: =G115*Return!B115*100 -> -103 | M115: =H115*Return!C115*100 -> 0 | N115: =I115*Return!D115*100 -> 0 | O115: =J115*Return!E115*100 -> 0 | P115: =SUM(L115:O115) -> -103 | Q115: =SUM($P$3:P115) -> #VALUE! | R115: =B115*中国_中债国债到期收益率_1年!B114/365*100 -> 5.3736986 | S115: =C115*中国_中债国债到期收益率_1年!C114/365*100 -> 6.9446575 | T115: =D115*中国_中债国债到期收益率_1年!D114/365*100 -> 0 | U115: =E115*中国_中债国债到期收益率_1年!E114/365*100 -> 0 | V115: =SUM(R115:U115) -> 12.318356 | W115: =SUM($V$3:V115) -> #VALUE! | X115: =MAX(F115-50,0)*中国_中债国债到期收益率_1年!H115*100/365 -> 0 | Y115: =SUM($X$3:X115) -> 0 | AB115: =Z115*Return!F115*100 -> 0 | AC115: =AA115*Return!G115*100 -> 0 | AD115: =SUM($AB$3:AB115)+SUM($AC$3:AC115) -> 1279.8 | AE115: =Q115+W115+AD115-Y115 -> #VALUE! | AF115: =AE115/$AI$1+1 -> #VALUE! | AG115: =(AF115/AF114-1)-中国_中债国债到期收益率_1年!H115%/252 -> #VALUE! | AH115: =MIN((AF115-MAX($AF$3:AF115))/MAX($AF$3:AF115),0) -> #VALUE!
A116: 44880 | B116: 10 | C116: 10 | D116: 0 | F116: =SUM(B116:E116) -> 20 | G116: =B116 -> 10 | I116: =9*D116 -> 0 | J116: =16*E116 -> 0 | K116: =SUM(G116:J116) -> 10 | L116: =G116*Return!B116*100 -> -104.9 | M116: =H116*Return!C116*100 -> 0 | N116: =I116*Return!D116*100 -> 0 | O116: =J116*Return!E116*100 -> 0 | P116: =SUM(L116:O116) -> -104.9 | Q116: =SUM($P$3:P116) -> #VALUE! | R116: =B116*中国_中债国债到期收益率_1年!B115/365*100 -> 5.6610959 | S116: =C116*中国_中债国债到期收益率_1年!C115/365*100 -> 7.2531507 | T116: =D116*中国_中债国债到期收益率_1年!D115/365*100 -> 0 | U116: =E116*中国_中债国债到期收益率_1年!E115/365*100 -> 0 | V116: =SUM(R116:U116) -> 12.914247 | W116: =SUM($V$3:V116) -> #VALUE! | X116: =MAX(F116-50,0)*中国_中债国债到期收益率_1年!H116*100/365 -> 0 | Y116: =SUM($X$3:X116) -> 0 | AB116: =Z116*Return!F116*100 -> 0 | AC116: =AA116*Return!G116*100 -> 0 | AD116: =SUM($AB$3:AB116)+SUM($AC$3:AC116) -> 1279.8 | AE116: =Q116+W116+AD116-Y116 -> #VALUE! | AF116: =AE116/$AI$1+1 -> #VALUE! | AG116: =(AF116/AF115-1)-中国_中债国债到期收益率_1年!H116%/252 -> #VALUE! | AH116: =MIN((AF116-MAX($AF$3:AF116))/MAX($AF$3:AF116),0) -> #VALUE!
A117: 44881 | B117: 10 | C117: 10 | D117: 0 | F117: =SUM(B117:E117) -> 20 | G117: =B117 -> 10 | H117: 10 | I117: =9*D117 -> 0 | J117: =16*E117 -> 0 | K117: =SUM(G117:J117) -> 20 | L117: =G117*Return!B117*100 -> -67.9 | M117: =H117*Return!C117*100 -> -0.1 | N117: =I117*Return!D117*100 -> 0 | O117: =J117*Return!E117*100 -> 0 | P117: =SUM(L117:O117) -> -68 | Q117: =SUM($P$3:P117) -> #VALUE! | R117: =B117*中国_中债国债到期收益率_1年!B116/365*100 -> 5.8471233 | S117: =C117*中国_中债国债到期收益率_1年!C116/365*100 -> 7.2534247 | T117: =D117*中国_中债国债到期收益率_1年!D116/365*100 -> 0 | U117: =E117*中国_中债国债到期收益率_1年!E116/365*100 -> 0 | V117: =SUM(R117:U117) -> 13.100548 | W117: =SUM($V$3:V117) -> #VALUE! | X117: =MAX(F117-50,0)*中国_中债国债到期收益率_1年!H117*100/365 -> 0 | Y117: =SUM($X$3:X117) -> 0 | AB117: =Z117*Return!F117*100 -> 0 | AC117: =AA117*Return!G117*100 -> 0 | AD117: =SUM($AB$3:AB117)+SUM($AC$3:AC117) -> 1279.8 | AE117: =Q117+W117+AD117-Y117 -> #VALUE! | AF117: =AE117/$AI$1+1 -> #VALUE! | AG117: =(AF117/AF116-1)-中国_中债国债到期收益率_1年!H117%/252 -> #VALUE! | AH117: =MIN((AF117-MAX($AF$3:AF117))/MAX($AF$3:AF117),0) -> #VALUE!
A118: 44882 | B118: 10 | C118: 10 | D118: 0 | F118: =SUM(B118:E118) -> 20 | G118: =B118 -> 10 | H118: 10 | I118: =9*D118 -> 0 | J118: =16*E118 -> 0 | K118: =SUM(G118:J118) -> 20 | L118: =G118*Return!B118*100 -> -67.2 | M118: =H118*Return!C118*100 -> -34.9 | N118: =I118*Return!D118*100 -> 0 | O118: =J118*Return!E118*100 -> 0 | P118: =SUM(L118:O118) -> -102.1 | Q118: =SUM($P$3:P118) -> #VALUE! | R118: =B118*中国_中债国债到期收益率_1年!B117/365*100 -> 6.0312329 | S118: =C118*中国_中债国债到期收益率_1年!C117/365*100 -> 7.3490411 | T118: =D118*中国_中债国债到期收益率_1年!D117/365*100 -> 0 | U118: =E118*中国_中债国债到期收益率_1年!E117/365*100 -> 0 | V118: =SUM(R118:U118) -> 13.380274 | W118: =SUM($V$3:V118) -> #VALUE! | X118: =MAX(F118-50,0)*中国_中债国债到期收益率_1年!H118*100/365 -> 0 | Y118: =SUM($X$3:X118) -> 0 | AB118: =Z118*Return!F118*100 -> 0 | AC118: =AA118*Return!G118*100 -> 0 | AD118: =SUM($AB$3:AB118)+SUM($AC$3:AC118) -> 1279.8 | AE118: =Q118+W118+AD118-Y118 -> #VALUE! | AF118: =AE118/$AI$1+1 -> #VALUE! | AG118: =(AF118/AF117-1)-中国_中债国债到期收益率_1年!H118%/252 -> #VALUE! | AH118: =MIN((AF118-MAX($AF$3:AF118))/MAX($AF$3:AF118),0) -> #VALUE!
A119: 44883 | B119: 10 | C119: 10 | D119: 0 | F119: =SUM(B119:E119) -> 20 | G119: 20 | H119: 10 | I119: =9*D119 -> 0 | J119: =16*E119 -> 0 | K119: =SUM(G119:J119) -> 30 | L119: =G119*Return!B119*100 -> 59.8 | M119: =H119*Return!C119*100 -> 44.5 | N119: =I119*Return!D119*100 -> 0 | O119: =J119*Return!E119*100 -> 0 | P119: =SUM(L119:O119) -> 104.3 | Q119: =SUM($P$3:P119) -> #VALUE! | R119: =B119*中国_中债国债到期收益率_1年!B118/365*100 -> 5.9493151 | S119: =C119*中国_中债国债到期收益率_1年!C118/365*100 -> 7.2271233 | T119: =D119*中国_中债国债到期收益率_1年!D118/365*100 -> 0 | U119: =E119*中国_中债国债到期收益率_1年!E118/365*100 -> 0 | V119: =SUM(R119:U119) -> 13.176438 | W119: =SUM($V$3:V119) -> #VALUE! | X119: =MAX(F119-50,0)*中国_中债国债到期收益率_1年!H119*100/365 -> 0 | Y119: =SUM($X$3:X119) -> 0 | AB119: =Z119*Return!F119*100 -> 0 | AC119: =AA119*Return!G119*100 -> 0 | AD119: =SUM($AB$3:AB119)+SUM($AC$3:AC119) -> 1279.8 | AE119: =Q119+W119+AD119-Y119 -> #VALUE! | AF119: =AE119/$AI$1+1 -> #VALUE! | AG119: =(AF119/AF118-1)-中国_中债国债到期收益率_1年!H119%/252 -> #VALUE! | AH119: =MIN((AF119-MAX($AF$3:AF119))/MAX($AF$3:AF119),0) -> #VALUE!
...

Sheet Charts
B37: =DATE(2024,1,1) -> 45292 | C37: =DATE(2022,6,1) -> 44713 | D37: =DATE(2023,1,1) -> 44927
A38: size | B38: 50 | C38: 30 | D38: 50
A39: total | B39: =PnL!AE651 -> 52234.007 | C39: =PnL!AE150 -> #VALUE! | D39: =PnL!AE400 -> 24503.535
A40: return | B40: =B39/B38/10000*365/(PnL!A651-B37) -> 0.10446801 | C40: =C39/C38/10000*365/(PnL!A150-C37) -> #VALUE! | D40: =D39/D38/10000*365/(PnL!A400-D37) -> 0.049141704
A41: dev | B41: =_xlfn.STDEV.P(PnL!$AG401:'PnL'!$AG651)*SQRT(252) -> 0.023259516 | C41: =_xlfn.STDEV.P(PnL!$AG1:'PnL'!$AG150)*SQRT(126)*2 -> #VALUE! | D41: =_xlfn.STDEV.P(PnL!$AG151:'PnL'!$AG400)*SQRT(252) -> 0.010812943 | G41: 1.8
A42: rfr | B42: =AVERAGE(中国_中债国债到期收益率_1年!H401:'中国_中债国债到期收益率_1年'!H651)/100 -> 0.019622526 | C42: =AVERAGE(中国_中债国债到期收益率_1年!H1:'中国_中债国债到期收益率_1年'!H150)/100 -> 0.017852689 | D42: =AVERAGE(中国_中债国债到期收益率_1年!H151:'中国_中债国债到期收益率_1年'!H400)/100 -> 0.021695892
A43: sr | B43: =(B40-B42)/B41 -> 3.6477753 | C43: =(C40-C42)/C41 -> #VALUE! | D43: =(D40-D42)/D41 -> 2.5382369 | G43: 3.55
A44: MDD | B44: =MIN(PnL!$AH401:'PnL'!$AH651) -> -0.0076118896 | C44: =MIN(PnL!$AH1:'PnL'!$AH151) -> #VALUE! | D44: =MIN(PnL!$AH151:'PnL'!$AH400) -> -0.0054743654 | G44: 0.82

Sheet summary
A1: Date | B1: Return | C1: Short-term Bond Fund Index | D1: Long-term Bond Fund Index | E1: Compound Bond Fund Index | F1: NetValue
A2: 44742 | B2: =F2/1-1 -> #VALUE! | C2: =VLOOKUP($A2,中国_中债国债到期收益率_1年!$J:$R,6) -> #VALUE! | D2: =VLOOKUP($A2,中国_中债国债到期收益率_1年!$J:$R,7) -> 0.001113441 | E2: =VLOOKUP($A2,中国_中债国债到期收益率_1年!$J:$R,8) -> 0.0071291646 | F2: =VLOOKUP(A2,PnL!A:AF,32,FALSE) -> #VALUE!
A3: 44771 | B3: =F3/1-1 -> #VALUE! | C3: =VLOOKUP($A3,中国_中债国债到期收益率_1年!J:R,6) -> #VALUE! | D3: =VLOOKUP($A3,中国_中债国债到期收益率_1年!$J:$R,7) -> 0.0065181366 | E3: =VLOOKUP($A3,中国_中债国债到期收益率_1年!$J:$R,8) -> 0.011775949 | F3: =VLOOKUP(A3,PnL!A:AF,32,FALSE) -> #VALUE!
A4: 44804 | B4: =F4/1-1 -> #VALUE! | C4: =VLOOKUP($A4,中国_中债国债到期收益率_1年!J:R,6) -> #VALUE! | D4: =VLOOKUP($A4,中国_中债国债到期收益率_1年!$J:$R,7) -> 0.010462995 | E4: =VLOOKUP($A4,中国_中债国债到期收益率_1年!$J:$R,8) -> 0.012373996 | F4: =VLOOKUP(A4,PnL!A:AF,32,FALSE) -> #VALUE!
A5: 44834 | B5: =F5/1-1 -> #VALUE! | C5: =VLOOKUP($A5,中国_中债国债到期收益率_1年!J:R,6) -> #VALUE! | D5: =VLOOKUP($A5,中国_中债国债到期收益率_1年!$J:$R,7) -> 0.011270831 | E5: =VLOOKUP($A5,中国_中债国债到期收益率_1年!$J:$R,8) -> 0.010053686 | F5: =VLOOKUP(A5,PnL!A:AF,32,FALSE) -> #VALUE!
A6: 44865 | B6: =F6/1-1 -> #VALUE! | C6: =VLOOKUP($A6,中国_中债国债到期收益率_1年!J:R,6) -> #VALUE! | D6: =VLOOKUP($A6,中国_中债国债到期收益率_1年!$J:$R,7) -> 0.014601338 | E6: =VLOOKUP($A6,中国_中债国债到期收益率_1年!$J:$R,8) -> 0.010854825 | F6: =VLOOKUP(A6,PnL!A:AF,32,FALSE) -> #VALUE!
A7: 44895 | B7: =F7/1-1 -> #VALUE! | C7: =VLOOKUP($A7,中国_中债国债到期收益率_1年!J:R,6) -> #VALUE! | D7: =VLOOKUP($A7,中国_中债国债到期收益率_1年!$J:$R,7) -> 0.0081802708 | E7: =VLOOKUP($A7,中国_中债国债到期收益率_1年!$J:$R,8) -> 0.007035536 | F7: =VLOOKUP(A7,PnL!A:AF,32,FALSE) -> #VALUE!
A8: 44925 | B8: =F8/1-1 -> #VALUE! | C8: =VLOOKUP($A8,中国_中债国债到期收益率_1年!J:R,6) -> #VALUE! | D8: =VLOOKUP($A8,中国_中债国债到期收益率_1年!$J:$R,7) -> 0.0085685486 | E8: =VLOOKUP($A8,中国_中债国债到期收益率_1年!$J:$R,8) -> 0.0049494567 | F8: =VLOOKUP(A8,PnL!A:AF,32,FALSE) -> #VALUE!
A9: 44957 | B9: =F9/1-1 -> 0.0012596548 | C9: =VLOOKUP($A9,中国_中债国债到期收益率_1年!J:R,6) -> 0.0024040267 | D9: =VLOOKUP($A9,中国_中债国债到期收益率_1年!$J:$R,7) -> 0.0010032112 | E9: =VLOOKUP($A9,中国_中债国债到期收益率_1年!$J:$R,8) -> 0.0050447803 | F9: =VLOOKUP(A9,PnL!A:AF,32,FALSE) -> 1.0012597
A10: 44985 | B10: =F10/1-1 -> 0.0013963458 | C10: =VLOOKUP($A10,中国_中债国债到期收益率_1年!J:R,6) -> 0.0049683025 | D10: =VLOOKUP($A10,中国_中债国债到期收益率_1年!$J:$R,7) -> 0.0037675645 | E10: =VLOOKUP($A10,中国_中债国债到期收益率_1年!$J:$R,8) -> 0.0064215961 | F10: =VLOOKUP(A10,PnL!A:AF,32,FALSE) -> 1.0013963
A11: 45016 | B11: =F11/1-1 -> 0.0053679329 | C11: =VLOOKUP($A11,中国_中债国债到期收益率_1年!J:R,6) -> 0.008844303 | D11: =VLOOKUP($A11,中国_中债国债到期收益率_1年!$J:$R,7) -> 0.0087790383 | E11: =VLOOKUP($A11,中国_中债国债到期收益率_1年!$J:$R,8) -> 0.010500922 | F11: =VLOOKUP(A11,PnL!A:AF,32,FALSE) -> 1.0053679
A12: 45044 | B12: =F12/1-1 -> 0.01350836 | C12: =VLOOKUP($A12,中国_中债国债到期收益率_1年!J:R,6) -> 0.012006224 | D12: =VLOOKUP($A12,中国_中债国债到期收益率_1年!$J:$R,7) -> 0.01261953 | E12: =VLOOKUP($A12,中国_中债国债到期收益率_1年!$J:$R,8) -> 0.013827412 | F12: =VLOOKUP(A12,PnL!A:AF,32,FALSE) -> 1.0135084
A13: 45077 | B13: =F13/1-1 -> 0.022982123 | C13: =VLOOKUP($A13,中国_中债国债到期收益率_1年!J:R,6) -> 0.016022537 | D13: =VLOOKUP($A13,中国_中债国债到期收益率_1年!$J:$R,7) -> 0.017430595 | E13: =VLOOKUP($A13,中国_中债国债到期收益率_1年!$J:$R,8) -> 0.016082825 | F13: =VLOOKUP(A13,PnL!A:AF,32,FALSE) -> 1.0229821
A14: 45107 | B14: =F14/1-1 -> 0.027528113 | C14: =VLOOKUP($A14,中国_中债国债到期收益率_1年!J:R,6) -> 0.018181814 | D14: =VLOOKUP($A14,中国_中债国债到期收益率_1年!$J:$R,7) -> 0.020433009 | E14: =VLOOKUP($A14,中国_中债国债到期收益率_1年!$J:$R,8) -> 0.019496065 | F14: =VLOOKUP(A14,PnL!A:AF,32,FALSE) -> 1.0275281
... A33: 45657 | B33: =F33/1-1 -> 0.10446801 | C33: =VLOOKUP($A33,中国_中债国债到期收益率_1年!J:R,6) -> 0.030065126 | D33: =VLOOKUP($A33,中国_中债国债到期收益率_1年!$J:$R,7) -> 0.045979866 | E33: =VLOOKUP($A33,中国_中债国债到期收益率_1年!$J:$R,8) -> 0.044835366 | F33: =VLOOKUP(A33,PnL!A:AF,32,FALSE) -> 1.104468

Sheet Sheet1
A1: Item | B1: 2022.-2022.12 | C1: 2023.1-2023.12 | D1: 2024.1-2024.12
A2: Principal | B2: 3000M | C2: 5000M | D2: 5000M
A3: Leverage funding cost | B3: 0.0178 | C3: 0.0216 | D3: 0.0211
A4: Total net yield | B4: 0.021
A5: Total net return | B5: 8514K
A6: Volatility
A7: Sharpe ratio
