Workbook

Sheet 中国_中债国债到期收益率_1年
A1: 日期 | B1: 中债国债到期收益率:1年 | C1: 中债国债到期收益率:5年 | D1: 中国:中债国债到期收益率:10年 | E1: 中债国债到期收益率:30年 | F1: 利率互换:FR007:1年 | G1: 利率互换:FR007:5年 | H1: FR007
A2: 44713 | B2: =[1]!WSD("S0059744,S0059747,S0059749,S0059752,M0048486,M0048490,M0017153","EDBclose","2022-06-01","","TradingCalendar=SSE","PriceAdj=F","rptType=1","ShowCodes=N","ShowParams=Y","cols=7;rows=622") -> #NAME? | C2: 2.5594 | D2: 2.7551 | E2: 3.2643 | F2: 2.0815 | G2: 2.5254 | H2: 1.64
A3: 44714 | B3: 1.9564 | C3: 2.563 | D3: 2.7601 | E3: 3.2669 | F3: 2.0917 | G3: 2.5397 | H3: 1.65
A4: 44718 | B4: 2.0199 | C4: 2.5994 | D4: 2.7776 | E4: 3.2745 | F4: 2.1125 | G4: 2.5583 | H4: 1.68
A5: 44719 | B5: 2.018 | C5: 2.5842 | D5: 2.7576 | E5: 3.2671 | F5: 2.12 | G5: 2.5627 | H5: 1.65
A6: 44720 | B6: 2.0282 | C6: 2.585 | D6: 2.7661 | E6: 3.2746 | F6: 2.1052 | G6: 2.55 | H6: 1.65
A7: 44721 | B7: 2.0151 | C7: 2.5726 | D7: 2.7576 | E7: 3.2646 | F7: 2.0984 | G7: 2.5421 | H7: 1.65
A8: 44722 | B8: 2.0051 | C8: 2.568 | D8: 2.7526 | E8: 3.2622 | F8: 2.0934 | G8: 2.5368 | H8: 1.62
A9: 44725 | B9: 2.0026 | C9: 2.5899 | D9: 2.7652 | E9: 3.2698 | F9: 2.1035 | G9: 2.5507 | H9: 1.65
A10: 44726 | B10: 2.0176 | C10: 2.5952 | D10: 2.7702 | E10: 3.2698 | F10: 2.1193 | G10: 2.5675 | H10: 1.63
A11: 44727 | B11: 2.036 | C11: 2.6112 | D11: 2.7827 | E11: 3.2722 | F11: 2.127 | G11: 2.5755 | H11: 1.63
A12: 44728 | B12: 2.0352 | C12: 2.5936 | D12: 2.7728 | E12: 3.2623 | F12: 2.1182 | G12: 2.5698 | H12: 1.65
A13: 44729 | B13: 2.0102 | C13: 2.5944 | D13: 2.7752 | E13: 3.2598 | F13: 2.1058 | G13: 2.5594 | H13: 1.7
A14: 44732 | B14: 2.0056 | C14: 2.6163 | D14: 2.7853 | E14: 3.2674 | F14: 2.1311 | G14: 2.5829 | H14: 1.7
... A144: 44918 | B144: 2.2269 | C144: 2.6062 | D144: 2.8251 | E144: 3.2152 | F144: 2.1688 | G144: 2.7376 | H144: 1.8
A145: 44921 | B145: 2.2469 | C145: 2.6276 | D145: 2.8378 | E145: 3.2202 | H145: 2.0558
A146: 44922 | B146: 2.2469 | C146: 2.6703 | D146: 2.8657 | E146: 3.2175 | F146: 2.2315 | G146: 2.7833 | H146: 5
A147: 44923 | B147: 2.2369 | C147: 2.6704 | D147: 2.8503 | E147: 3.2127 | F147: 2.2309 | G147: 2.7813 | H147: 4.8
A148: 44924 | B148: 2.1669 | C148: 2.6382 | D148: 2.8376 | E148: 3.1926 | F148: 2.2007 | G148: 2.7574 | H148: 3.5
A149: 44925 | B149: 2.0969 | C149: 2.6446 | D149: 2.8353 | E149: 3.1952 | F149: 2.1801 | G149: 2.759 | H149: 3
A150: 44926 | B150: 2.0969 | C150: 2.6446 | D150: 2.8353 | E150: 3.1952
A151: 44929 | B151: 2.112 | C151: 2.6298 | D151: 2.8228 | E151: 3.193 | F151: 2.1752 | G151: 2.7651 | H151: 1.9243
A152: 44930 | B152: 2.067 | C152: 2.6071 | D152: 2.8103 | E152: 3.1931 | F152: 2.1469 | G152: 2.7342 | H152: 1.7
A153: 44931 | B153: 2.082 | C153: 2.625 | D153: 2.8304 | E153: 3.2056 | F153: 2.144 | G153: 2.7366 | H153: 1.7
A154: 44932 | B154: 2.097 | C154: 2.6495 | D154: 2.8328 | E154: 3.2106 | F154: 2.1611 | G154: 2.7604 | H154: 1.75
A155: 44935 | B155: 2.0996 | C155: 2.6649 | D155: 2.8428 | E155: 3.2156 | F155: 2.1796 | G155: 2.7701 | H155: 1.85
A156: 44936 | B156: 2.122 | C156: 2.7104 | D156: 2.8602 | E156: 3.2331 | F156: 2.2331 | G156: 2.8136 | H156: 1.98
A157: 44937 | B157: 2.127 | C157: 2.6989 | D157: 2.8603 | E157: 3.2331 | F157: 2.2547 | G157: 2.8284 | H157: 2.3
A158: 44938 | B158: 2.097 | C158: 2.6974 | D158: 2.8778 | E158: 3.2378 | F158: 2.2357 | G158: 2.8169 | H158: 2.2
A159: 44939 | B159: 2.097 | C159: 2.7096 | D159: 2.901 | E159: 3.2476 | F159: 2.2449 | G159: 2.8414 | H159: 1.95
A160: 44942 | B160: 2.127 | C160: 2.7571 | D160: 2.9167 | E160: 3.2677 | F160: 2.2877 | G160: 2.8972 | H160: 2.15
A161: 44943 | B161: 2.127 | C161: 2.7346 | D161: 2.9017 | E161: 3.2531 | F161: 2.297 | G161: 2.8954 | H161: 2.6
A162: 44944 | B162: 2.1615 | C162: 2.7257 | D162: 2.9222 | E162: 3.2754 | F162: 2.2933 | G162: 2.8874 | H162: 2.6
... A164: 44946 | B164: 2.1648 | C164: 2.7288 | D164: 2.9331 | E164: 3.2779 | F164: 2.2937 | G164: 2.9066 | H164: 2
A165: 44954 | B165: 2.1496 | C165: 2.7283 | D165: 2.9341 | E165: 3.283 | G165: 2.9434 | H165: 1.95
A166: 44955 | B166: 2.1519 | C166: 2.7225 | D166: 2.9219 | E166: 3.2805 | H166: 1.854
A167: 44956 | B167: 2.176 | C167: 2.7238 | D167: 2.9133 | E167: 3.2782 | F167: 2.3007 | G167: 2.9292 | H167: 2.14
A168: 44957 | B168: 2.1535 | C168: 2.7039 | D168: 2.8977 | E168: 3.2793 | F168: 2.2868 | G168: 2.9067 | H168: 2.2
A169: 44958 | B169: 2.1631 | C169: 2.7091 | D169: 2.9101 | E169: 3.2889 | F169: 2.2814 | G169: 2.9032 | H169: 2.05
A170: 44959 | B170: 2.1507 | C170: 2.6945 | D170: 2.897 | E170: 3.2853 | F170: 2.266 | G170: 2.8845 | H170: 2.05
A171: 44960 | B171: 2.1504 | C171: 2.6921 | D171: 2.8943 | E171: 3.283 | F171: 2.2525 | G171: 2.8571 | H171: 1.9
A172: 44963 | B172: 2.1581 | C172: 2.7054 | D172: 2.9017 | E172: 3.2879 | F172: 2.2653 | G172: 2.8654 | H172: 2.03
A173: 44964 | B173: 2.163 | C173: 2.6983 | D173: 2.8964 | E173: 3.2827 | F173: 2.2894 | G173: 2.8793 | H173: 2.3
A174: 44965 | B174: 2.1617 | C174: 2.703 | D174: 2.8973 | E174: 3.2808 | F174: 2.2994 | G174: 2.8748 | H174: 2.45
A175: 44966 | B175: 2.1673 | C175: 2.6959 | D175: 2.8912 | E175: 3.2784 | F175: 2.2948 | G175: 2.874 | H175: 2.4
A176: 44967 | B176: 2.1682 | C176: 2.6961 | D176: 2.9003 | E176: 3.2857 | F176: 2.2805 | G176: 2.8666 | H176: 2.08
A177: 44970 | B177: 2.1734 | C177: 2.6967 | D177: 2.8943 | E177: 3.2829 | F177: 2.2771 | G177: 2.8551 | H177: 2
A178: 44971 | B178: 2.1781 | C178: 2.695 | D178: 2.8914 | E178: 3.281 | F178: 2.2895 | G178: 2.8551 | H178: 2.13
... A225: 45037 | B225: 2.1894 | C225: 2.669 | D225: 2.8258 | E225: 3.1726 | F225: 2.387 | G225: 2.8434 | H225: 2.5
A226: 45039 | B226: 2.1906 | C226: 2.6682 | D226: 2.822 | E226: 3.1715 | F226: 2.37 | H226: 2.1
A227: 45040 | B227: 2.1855 | C227: 2.6632 | D227: 2.8176 | E227: 3.1608 | F227: 2.3791 | G227: 2.8272 | H227: 2.55
A228: 45041 | B228: 2.1754 | C228: 2.6599 | D228: 2.8157 | E228: 3.1584 | F228: 2.3815 | G228: 2.8264 | H228: 2.6
A229: 45042 | B229: 2.1727 | C229: 2.6375 | D229: 2.8058 | E229: 3.1574 | F229: 2.3632 | G229: 2.8108 | H229: 2.5
A230: 45043 | B230: 2.156 | C230: 2.6152 | D230: 2.7852 | E230: 3.1379 | F230: 2.3338 | G230: 2.7755 | H230: 2.5
A231: 45044 | B231: 2.1464 | C231: 2.613 | D231: 2.7788 | E231: 3.1355 | F231: 2.3372 | G231: 2.7793 | H231: 2.4
A232: 45050 | B232: 2.1362 | C232: 2.5968 | D232: 2.7613 | E232: 3.1182 | F232: 2.3003 | G232: 2.7403 | H232: 2.0145
A233: 45051 | B233: 2.1266 | C233: 2.5645 | D233: 2.7338 | E233: 3.0831 | F233: 2.2637 | G233: 2.7107 | H233: 1.95
A234: 45052 | B234: 2.1215 | C234: 2.5635 | D234: 2.7311 | E234: 3.0882 | F234: 2.2339 | G234: 2.682 | H234: 1.75
A235: 45054 | B235: 2.1323 | C235: 2.5854 | D235: 2.7484 | E235: 3.1058 | F235: 2.2538 | G235: 2.7032 | H235: 2
A236: 45055 | B236: 2.1203 | C236: 2.578 | D236: 2.7383 | E236: 3.0998 | F236: 2.2453 | G236: 2.6888 | H236: 1.93
A237: 45056 | B237: 2.0883 | C237: 2.5482 | D237: 2.721 | E237: 3.0849 | F237: 2.2196 | G237: 2.6612 | H237: 1.9
A238: 45057 | B238: 2.0353 | C238: 2.5211 | D238: 2.701 | E238: 3.0672 | F238: 2.1735 | G238: 2.6194 | H238: 1.85
... A337: 45197 | B337: 2.1677 | C337: 2.5256 | D337: 2.6751 | E337: 3.0022 | F337: 2.018 | G337: 2.4547 | H337: 2.2
A338: 45206 | B338: 2.1477 | C338: 2.5175 | D338: 2.6651 | E338: 2.9926 | H338: 1.85
A339: 45207 | B339: 2.1377 | C339: 2.5178 | D339: 2.6626 | E339: 2.9948 | H339: 1.8
A340: 45208 | B340: 2.1577 | C340: 2.5352 | D340: 2.6702 | E340: 2.999 | F340: 2.0345 | G340: 2.4585 | H340: 2.01
A341: 45209 | B341: 2.1977 | C341: 2.555 | D341: 2.6811 | E341: 3.0019 | F341: 2.0616 | G341: 2.481 | H341: 2.05
A342: 45210 | B342: 2.2377 | C342: 2.5899 | D342: 2.6976 | E342: 3.0153 | F342: 2.0856 | G342: 2.5085 | H342: 2.14
A343: 45211 | B343: 2.1977 | C343: 2.5803 | D343: 2.6911 | E343: 3.0139 | F343: 2.0857 | G343: 2.5174 | H343: 2.1
A344: 45212 | B344: 2.1777 | C344: 2.5528 | D344: 2.6702 | E344: 2.9952 | F344: 2.0721 | G344: 2.4907 | H344: 2.05
A345: 45215 | B345: 2.1877 | C345: 2.5629 | D345: 2.6777 | E345: 2.9997 | F345: 2.0716 | G345: 2.4864 | H345: 2.05
A346: 45216 | B346: 2.2227 | C346: 2.573 | D346: 2.6882 | E346: 3.0021 | F346: 2.0892 | G346: 2.5047 | H346: 2
A347: 45217 | B347: 2.2457 | C347: 2.6029 | D347: 2.7052 | E347: 3.0021 | F347: 2.0948 | G347: 2.5093 | H347: 2.05
A348: 45218 | B348: 2.2907 | C348: 2.6205 | D348: 2.7177 | E348: 3.0077 | F348: 2.1315 | G348: 2.5373 | H348: 2.3
A349: 45219 | B349: 2.3107 | C349: 2.5982 | D349: 2.7052 | E349: 2.9962 | F349: 2.1546 | G349: 2.543 | H349: 2.8
A350: 45222 | B350: 2.3007 | C350: 2.5887 | D350: 2.7047 | E350: 2.9903 | F350: 2.1248 | G350: 2.5147 | H350: 2.6
A351: 45223 | B351: 2.3257 | C351: 2.5862 | D351: 2.7177 | E351: 2.9978 | F351: 2.1514 | G351: 2.5376 | H351: 2.7
... A399: 45289 | B399: 2.0796 | C399: 2.4001 | D399: 2.5553 | E399: 2.8269 | F399: 1.9857 | G399: 2.3245 | H399: 2.4
A400: 45291 | B400: 2.0796 | C400: 2.4001 | D400: 2.5553 | E400: 2.8269
A401: 45293 | B401: 2.1166 | C401: 2.4374 | D401: 2.5601 | E401: 2.8422 | F401: 2.0208 | G401: 2.3324 | H401: 2.1
A402: 45294 | B402: 2.1416 | C402: 2.4212 | D402: 2.5531 | E402: 2.8402 | F402: 2.0652 | G402: 2.346 | H402: 2.15
A403: 45295 | B403: 2.1541 | C403: 2.4089 | D403: 2.5368 | E403: 2.817 | F403: 2.0672 | G403: 2.3387 | H403: 2.25
A404: 45296 | B404: 2.1091 | C404: 2.3903 | D404: 2.5175 | E404: 2.8043 | F404: 2.0512 | G404: 2.3121 | H404: 2.15
A405: 45299 | B405: 2.1191 | C405: 2.408 | D405: 2.5136 | E405: 2.802 | F405: 2.0606 | G405: 2.3141 | H405: 2.2
A406: 45300 | B406: 2.0991 | C406: 2.3905 | D406: 2.4862 | E406: 2.7693 | F406: 2.0431 | G406: 2.2903 | H406: 2.29
A407: 45301 | B407: 2.1091 | C407: 2.4062 | D407: 2.4982 | E407: 2.7758 | F407: 2.0585 | G407: 2.2951 | H407: 2.2
A408: 45302 | B408: 2.0941 | C408: 2.4042 | D408: 2.4992 | E408: 2.7769 | F408: 2.0534 | G408: 2.2941 | H408: 2.2
A409: 45303 | B409: 2.0941 | C409: 2.4156 | D409: 2.5172 | E409: 2.793 | F409: 2.0402 | G409: 2.2977 | H409: 2.2
A410: 45306 | B410: 2.0991 | C410: 2.4256 | D410: 2.5212 | E410: 2.7856 | F410: 2.0704 | G410: 2.2994 | H410: 2.25
A411: 45307 | B411: 2.1091 | C411: 2.4406 | D411: 2.5252 | E411: 2.7897 | F411: 2.1048 | G411: 2.317 | H411: 2.25
A412: 45308 | B412: 2.1041 | C412: 2.4003 | D412: 2.5077 | E412: 2.7747 | F412: 2.103 | G412: 2.305 | H412: 2.3
... A429: 45330 | B429: 1.9265 | C429: 2.2885 | D429: 2.4379 | E429: 2.6505 | F429: 1.9469 | G429: 2.1921 | H429: 1.8
A430: 45331 | B430: 1.9265 | C430: 2.2885 | D430: 2.4302 | E430: 2.6505 | G430: 2.21 | H430: 1.85
A431: 45340 | B431: 1.9292 | C431: 2.2972 | D431: 2.4393 | E431: 2.643 | F431: 1.9608 | G431: 2.2092 | H431: 1.81
A432: 45341 | B432: 1.9157 | C432: 2.3058 | D432: 2.4344 | E432: 2.627 | F432: 1.9744 | G432: 2.2149 | H432: 2.05
A433: 45342 | B433: 1.8649 | C433: 2.2759 | D433: 2.4134 | E433: 2.6004 | F433: 1.9593 | G433: 2.1944 | H433: 1.95
A434: 45343 | B434: 1.8149 | C434: 2.2683 | D434: 2.4119 | E434: 2.601 | F434: 1.9506 | G434: 2.1834 | H434: 2
A435: 45344 | B435: 1.7731 | C435: 2.2439 | D435: 2.4033 | E435: 2.591 | F435: 1.941 | G435: 2.1718 | H435: 2
A436: 45345 | B436: 1.7699 | C436: 2.2495 | D436: 2.4009 | E436: 2.5809 | F436: 1.9219 | G436: 2.1423 | H436: 2.2
A437: 45348 | B437: 1.767 | C437: 2.2244 | D437: 2.3789 | E437: 2.54 | F437: 1.9391 | G437: 2.1468 | H437: 2.15
...

Sheet Return
A1: 日期
A2: 44713
A3: 44714
A4: 44718 | B4: =-中国_中债国债到期收益率_1年!B3+中国_中债国债到期收益率_1年!B2 -> #NAME? | C4: =-中国_中债国债到期收益率_1年!C3+中国_中债国债到期收益率_1年!C2 -> -0.0036 | D4: =-中国_中债国债到期收益率_1年!D3+中国_中债国债到期收益率_1年!D2 -> -0.005 | E4: =-中国_中债国债到期收益率_1年!E3+中国_中债国债到期收益率_1年!E2 -> -0.0026 | F4: =-中国_中债国债到期收益率_1年!F3+中国_中债国债到期收益率_1年!F2 -> -0.0102 | G4: =-中国_中债国债到期收益率_1年!G3+中国_中债国债到期收益率_1年!G2 -> -0.0143
A5: 44719 | B5: =-中国_中债国债到期收益率_1年!B4+中国_中债国债到期收益率_1年!B3 -> -0.0635 | C5: =-中国_中债国债到期收益率_1年!C4+中国_中债国债到期收益率_1年!C3 -> -0.0364 | D5: =-中国_中债国债到期收益率_1年!D4+中国_中债国债到期收益率_1年!D3 -> -0.0175 | E5: =-中国_中债国债到期收益率_1年!E4+中国_中债国债到期收益率_1年!E3 -> -0.0076 | F5: =-中国_中债国债到期收益率_1年!F4+中国_中债国债到期收益率_1年!F3 -> -0.0208 | G5: =-中国_中债国债到期收益率_1年!G4+中国_中债国债到期收益率_1年!G3 -> -0.0186
A6: 44720 | B6: =-中国_中债国债到期收益率_1年!B5+中国_中债国债到期收益率_1年!B4 -> 0.0019 | C6: =-中国_中债国债到期收益率_1年!C5+中国_中债国债到期收益率_1年!C4 -> 0.0152 | D6: =-中国_中债国债到期收益率_1年!D5+中国_中债国债到期收益率_1年!D4 -> 0.02 | E6: =-中国_中债国债到期收益率_1年!E5+中国_中债国债到期收益率_1年!E4 -> 0.0074 | F6: =-中国_中债国债到期收益率_1年!F5+中国_中债国债到期收益率_1年!F4 -> -0.0075 | G6: =-中国_中债国债到期收益率_1年!G5+中国_中债国债到期收益率_1年!G4 -> -0.0044
A7: 44721 | B7: =-中国_中债国债到期收益率_1年!B6+中国_中债国债到期收益率_1年!B5 -> -0.0102 | C7: =-中国_中债国债到期收益率_1年!C6+中国_中债国债到期收益率_1年!C5 -> -0.0008 | D7: =-中国_中债国债到期收益率_1年!D6+中国_中债国债到期收益率_1年!D5 -> -0.0085 | E7: =-中国_中债国债到期收益率_1年!E6+中国_中债国债到期收益率_1年!E5 -> -0.0075 | F7: =-中国_中债国债到期收益率_1年!F6+中国_中债国债到期收益率_1年!F5 -> 0.0148 | G7: =-中国_中债国债到期收益率_1年!G6+中国_中债国债到期收益率_1年!G5 -> 0.0127
A8: 44722 | B8: =-中国_中债国债到期收益率_1年!B7+中国_中债国债到期收益率_1年!B6 -> 0.0131 | C8: =-中国_中债国债到期收益率_1年!C7+中国_中债国债到期收益率_1年!C6 -> 0.0124 | D8: =-中国_中债国债到期收益率_1年!D7+中国_中债国债到期收益率_1年!D6 -> 0.0085 | E8: =-中国_中债国债到期收益率_1年!E7+中国_中债国债到期收益率_1年!E6 -> 0.01 | F8: =-中国_中债国债到期收益率_1年!F7+中国_中债国债到期收益率_1年!F6 -> 0.0068 | G8: =-中国_中债国债到期收益率_1年!G7+中国_中债国债到期收益率_1年!G6 -> 0.0079
A9: 44725 | B9: =-中国_中债国债到期收益率_1年!B8+中国_中债国债到期收益率_1年!B7 -> 0.01 | C9: =-中国_中债国债到期收益率_1年!C8+中国_中债国债到期收益率_1年!C7 -> 0.0046 | D9: =-中国_中债国债到期收益率_1年!D8+中国_中债国债到期收益率_1年!D7 -> 0.005 | E9: =-中国_中债国债到期收益率_1年!E8+中国_中债国债到期收益率_1年!E7 -> 0.0024 | F9: =-中国_中债国债到期收益率_1年!F8+中国_中债国债到期收益率_1年!F7 -> 0.005 | G9: =-中国_中债国债到期收益率_1年!G8+中国_中债国债到期收益率_1年!G7 -> 0.0053
A10: 44726 | B10: =-中国_中债国债到期收益率_1年!B9+中国_中债国债到期收益率_1年!B8 -> 0.0025 | C10: =-中国_中债国债到期收益率_1年!C9+中国_中债国债到期收益率_1年!C8 -> -0.0219 | D10: =-中国_中债国债到期收益率_1年!D9+中国_中债国债到期收益率_1年!D8 -> -0.0126 | E10: =-中国_中债国债到期收益率_1年!E9+中国_中债国债到期收益率_1年!E8 -> -0.0076 | F10: =-中国_中债国债到期收益率_1年!F9+中国_中债国债到期收益率_1年!F8 -> -0.0101 | G10: =-中国_中债国债到期收益率_1年!G9+中国_中债国债到期收益率_1年!G8 -> -0.0139
A11: 44727 | B11: =-中国_中债国债到期收益率_1年!B10+中国_中债国债到期收益率_1年!B9 -> -0.015 | C11: =-中国_中债国债到期收益率_1年!C10+中国_中债国债到期收益率_1年!C9 -> -0.0053 | D11: =-中国_中债国债到期收益率_1年!D10+中国_中债国债到期收益率_1年!D9 -> -0.005 | E11: =-中国_中债国债到期收益率_1年!E10+中国_中债国债到期收益率_1年!E9 -> 0 | F11: =-中国_中债国债到期收益率_1年!F10+中国_中债国债到期收益率_1年!F9 -> -0.0158 | G11: =-中国_中债国债到期收益率_1年!G10+中国_中债国债到期收益率_1年!G9 -> -0.0168
A12: 44728 | B12: =-中国_中债国债到期收益率_1年!B11+中国_中债国债到期收益率_1年!B10 -> -0.0184 | C12: =-中国_中债国债到期收益率_1年!C11+中国_中债国债到期收益率_1年!C10 -> -0.016 | D12: =-中国_中债国债到期收益率_1年!D11+中国_中债国债到期收益率_1年!D10 -> -0.0125 | E12: =-中国_中债国债到期收益率_1年!E11+中国_中债国债到期收益率_1年!E10 -> -0.0024 | F12: =-中国_中债国债到期收益率_1年!F11+中国_中债国债到期收益率_1年!F10 -> -0.0077 | G12: =-中国_中债国债到期收益率_1年!G11+中国_中债国债到期收益率_1年!G10 -> -0.008
A13: 44729 | B13: =-中国_中债国债到期收益率_1年!B12+中国_中债国债到期收益率_1年!B11 -> 0.0008 | C13: =-中国_中债国债到期收益率_1年!C12+中国_中债国债到期收益率_1年!C11 -> 0.0176 | D13: =-中国_中债国债到期收益率_1年!D12+中国_中债国债到期收益率_1年!D11 -> 0.0099 | E13: =-中国_中债国债到期收益率_1年!E12+中国_中债国债到期收益率_1年!E11 -> 0.0099 | F13: =-中国_中债国债到期收益率_1年!F12+中国_中债国债到期收益率_1年!F11 -> 0.0088 | G13: =-中国_中债国债到期收益率_1年!G12+中国_中债国债到期收益率_1年!G11 -> 0.0057
A14: 44732 | B14: =-中国_中债国债到期收益率_1年!B13+中国_中债国债到期收益率_1年!B12 -> 0.025 | C14: =-中国_中债国债到期收益率_1年!C13+中国_中债国债到期收益率_1年!C12 -> -0.0008 | D14: =-中国_中债国债到期收益率_1年!D13+中国_中债国债到期收益率_1年!D12 -> -0.0024 | E14: =-中国_中债国债到期收益率_1年!E13+中国_中债国债到期收益率_1年!E12 -> 0.0025 | F14: =-中国_中债国债到期收益率_1年!F13+中国_中债国债到期收益率_1年!F12 -> 0.0124 | G14: =-中国_中债国债到期收益率_1年!G13+中国_中债国债到期收益率_1年!G12 -> 0.0104
A15: 44733 | B15: =-中国_中债国债到期收益率_1年!B14+中国_中债国债到期收益率_1年!B13 -> 0.0046 | C15: =-中国_中债国债到期收益率_1年!C14+中国_中债国债到期收益率_1年!C13 -> -0.0219 | D15: =-中国_中债国债到期收益率_1年!D14+中国_中债国债到期收益率_1年!D13 -> -0.0101 | E15: =-中国_中债国债到期收益率_1年!E14+中国_中债国债到期收益率_1年!E13 -> -0.0076 | F15: =-中国_中债国债到期收益率_1年!F14+中国_中债国债到期收益率_1年!F13 -> -0.0253 | G15: =-中国_中债国债到期收益率_1年!G14+中国_中债国债到期收益率_1年!G13 -> -0.0235
... A622: 45616 | B622: =-中国_中债国债到期收益率_1年!B621+中国_中债国债到期收益率_1年!B620 -> 0.0124 | C622: =-中国_中债国债到期收益率_1年!C621+中国_中债国债到期收益率_1年!C620 -> 0.0118 | D622: =-中国_中债国债到期收益率_1年!D621+中国_中债国债到期收益率_1年!D620 -> 0.017 | E622: =-中国_中债国债到期收益率_1年!E621+中国_中债国债到期收益率_1年!E620 -> 0.0315 | F622: =-中国_中债国债到期收益率_1年!F621+中国_中债国债到期收益率_1年!F620 -> 0.0035 | G622: =-中国_中债国债到期收益率_1年!G621+中国_中债国债到期收益率_1年!G620 -> 0.0037

Sheet PnL
A1: 日期 | B1: Bond1Y | C1: Bond5Y | D1: Bond10Y | E1: Bond30Y | F1: Sum | G1: Bond1Y | H1: Bond5Y | I1: Bond10Y | J1: Bond30Y | K1: Sum | L1: DVBond1Y | M1: Bond5Y | N1: Bond10Y | O1: Bond30Y | P1: Sum | Q1: Capcumsum | R1: CarryBond1Y | S1: Bond5Y | T1: Bond10Y | U1: Bond30Y | V1: Sum | W1: Carrycumsum | X1: Cost | Y1: CostCum | Z1: IRS1Y | AA1: IRS5Y | AB1: IRS1YPnL | AC1: IRS5YPnL | AD1: cumsum | AE1: total | AF1: NetValue | AG1: daliyRet | AH1: MDD | AI1: 500000
A2: 44713 | B2: 20 | C2: 10 | D2: 30 | F2: =SUM(B2:E2) -> 60 | G2: =B2 -> 20 | H2: =5*C2 -> 50 | I2: =9*D2 -> 270 | J2: =16*E2 -> 0 | K2: =SUM(G2:J2) -> 340
A3: 44714 | B3: 20 | C3: 10 | D3: 30 | F3: =SUM(B3:E3) -> 60 | G3: =B3 -> 20 | H3: =5*C3 -> 50 | I3: =9*D3 -> 270 | J3: =16*E3 -> 0 | K3: =SUM(G3:J3) -> 340 | L3: =G3*Return!B3*100 -> 0 | M3: =H3*Return!C3*100 -> 0 | N3: =I3*Return!D3*100 -> 0 | O3: =J3*Return!E3*100 -> 0 | P3: =SUM(L3:O3) -> 0 | Q3: =SUM($P$3:P3) -> 0 | R3: =B3*中国_中债国债到期收益率_1年!B2/365*100 -> #NAME? | S3: =C3*中国_中债国债到期收益率_1年!C2/365*100 -> 7.0120548 | T3: =D3*中国_中债国债到期收益率_1年!D2/365*100 -> 22.644658 | U3: =E3*中国_中债国债到期收益率_1年!E2/365*100 -> 0 | V3: =SUM(R3:U3) -> #NAME? | W3: =SUM($V$3:V3) -> #NAME? | X3: =MAX(F3-50,0)*中国_中债国债到期收益率_1年!H3*100/365 -> 4.5205479 | Y3: =SUM($X$3:X3) -> 4.5205479 | AB3: =Z3*Return!F3*100 -> 0 | AD3: =SUM($AB$3:AB3)+SUM($AC$3:AC3) -> 0 | AE3: =Q3+W3+AD3-Y3 -> #NAME? | AF3: =AE3/$AI$1+1 -> #NAME?
A4: 44718 | B4: 20 | C4: 10 | D4: 30 | F4: =SUM(B4:E4) -> 60 | G4: =B4 -> 20 | H4: =5*C4 -> 50 | I4: =9*D4 -> 270 | J4: =16*E4 -> 0 | K4: =SUM(G4:J4) -> 340 | L4: =G4*Return!B4*100 -> #NAME? | M4: =H4*Return!C4*100 -> -18 | N4: =I4*Return!D4*100 -> -135 | O4: =J4*Return!E4*100 -> 0 | P4: =SUM(L4:O4) -> #NAME? | Q4: =SUM($P$3:P4) -> #NAME? | R4: =B4*中国_中债国债到期收益率_1年!B3/365*100 -> 10.72 | S4: =C4*中国_中债国债到期收益率_1年!C3/365*100 -> 7.0219178 | T4: =D4*中国_中债国债到期收益率_1年!D3/365*100 -> 22.685753 | U4: =E4*中国_中债国债到期收益率_1年!E3/365*100 -> 0 | V4: =SUM(R4:U4) -> 40.427671 | W4: =SUM($V$3:V4) -> #NAME? | X4: =MAX(F4-50,0)*中国_中债国债到期收益率_1年!H4*100/365 -> 4.6027397 | Y4: =SUM($X$3:X4) -> 9.1232877 | AB4: =Z4*Return!F4*100 -> 0 | AD4: =SUM($AB$3:AB4)+SUM($AC$3:AC4) -> 0 | AE4: =Q4+W4+AD4-Y4 -> #NAME? | AF4: =AE4/$AI$1+1 -> #NAME? | AG4: =(AF4/AF3-1)-中国_中债国债到期收益率_1年!H4%/252 -> #NAME? | AH4: =MIN((AF4-MAX($AF$3:AF4))/MAX($AF$3:AF4),0) -> #NAME?
A5: 44719 | B5: 20 | C5: 10 | D5: 30 | F5: =SUM(B5:E5) -> 60 | G5: =B5 -> 20 | H5: =5*C5 -> 50 | I5: =9*D5 -> 270 | J5: =16*E5 -> 0 | K5: =SUM(G5:J5) -> 340 | L5: =G5*Return!B5*100 -> -127 | M5: =H5*Return!C5*100 -> -182 | N5: =I5*Return!D5*100 -> -472.5 | O5: =J5*Return!E5*100 -> 0 | P5: =SUM(L5:O5) -> -781.5 | Q5: =SUM($P$3:P5) -> #NAME? | R5: =B5*中国_中债国债到期收益率_1年!B4/365*100 -> 11.067945 | S5: =C5*中国_中债国债到期收益率_1年!C4/365*100 -> 7.1216438 | T5: =D5*中国_中债国债到期收益率_1年!D4/365*100 -> 22.829589 | U5: =E5*中国_中债国债到期收益率_1年!E4/365*100 -> 0 | V5: =SUM(R5:U5) -> 41.019178 | W5: =SUM($V$3:V5) -> #NAME? | X5: =MAX(F5-50,0)*中国_中债国债到期收益率_1年!H5*100/365 -> 4.5205479 | Y5: =SUM($X$3:X5) -> 13.643836 | AB5: =Z5*Return!F5*100 -> 0 | AD5: =SUM($AB$3:AB5)+SUM($AC$3:AC5) -> 0 | AE5: =Q5+W5+AD5-Y5 -> #NAME? | AF5: =AE5/$AI$1+1 -> #NAME? | AG5: =(AF5/AF4-1)-中国_中债国债到期收益率_1年!H5%/252 -> #NAME? | AH5: =MIN((AF5-MAX($AF$3:AF5))/MAX($AF$3:AF5),0) -> #NAME?
A6: 44720 | B6: 20 | C6: 10 | D6: 30 | F6: =SUM(B6:E6) -> 60 | G6: =B6 -> 20 | H6: =5*C6 -> 50 | I6: =9*D6 -> 270 | J6: =16*E6 -> 0 | K6: =SUM(G6:J6) -> 340 | L6: =G6*Return!B6*100 -> 3.8 | M6: =H6*Return!C6*100 -> 76 | N6: =I6*Return!D6*100 -> 540 | O6: =J6*Return!E6*100 -> 0 | P6: =SUM(L6:O6) -> 619.8 | Q6: =SUM($P$3:P6) -> #NAME? | R6: =B6*中国_中债国债到期收益率_1年!B5/365*100 -> 11.057534 | S6: =C6*中国_中债国债到期收益率_1年!C5/365*100 -> 7.08 | T6: =D6*中国_中债国债到期收益率_1年!D5/365*100 -> 22.665205 | U6: =E6*中国_中债国债到期收益率_1年!E5/365*100 -> 0 | V6: =SUM(R6:U6) -> 40.80274 | W6: =SUM($V$3:V6) -> #NAME? | X6: =MAX(F6-50,0)*中国_中债国债到期收益率_1年!H6*100/365 -> 4.5205479 | Y6: =SUM($X$3:X6) -> 18.164384 | AB6: =Z6*Return!F6*100 -> 0 | AD6: =SUM($AB$3:AB6)+SUM($AC$3:AC6) -> 0 | AE6: =Q6+W6+AD6-Y6 -> #NAME? | AF6: =AE6/$AI$1+1 -> #NAME? | AG6: =(AF6/AF5-1)-中国_中债国债到期收益率_1年!H6%/252 -> #NAME? | AH6: =MIN((AF6-MAX($AF$3:AF6))/MAX($AF$3:AF6),0) -> #NAME?
A7: 44721 | B7: 20 | C7: 10 | D7: 30 | F7: =SUM(B7:E7) -> 60 | G7: =B7 -> 20 | H7: =5*C7 -> 50 | I7: =9*D7 -> 270 | J7: =16*E7 -> 0 | K7: =SUM(G7:J7) -> 340 | L7: =G7*Return!B7*100 -> -20.4 | M7: =H7*Return!C7*100 -> -4 | N7: =I7*Return!D7*100 -> -229.5 | O7: =J7*Return!E7*100 -> 0 | P7: =SUM(L7:O7) -> -253.9 | Q7: =SUM($P$3:P7) -> #NAME? | R7: =B7*中国_中债国债到期收益率_1年!B6/365*100 -> 11.113425 | S7: =C7*中国_中债国债到期收益率_1年!C6/365*100 -> 7.0821918 | T7: =D7*中国_中债国债到期收益率_1年!D6/365*100 -> 22.735068 | U7: =E7*中国_中债国债到期收益率_1年!E6/365*100 -> 0 | V7: =SUM(R7:U7) -> 40.930685 | W7: =SUM($V$3:V7) -> #NAME? | X7: =MAX(F7-50,0)*中国_中债国债到期收益率_1年!H7*100/365 -> 4.5205479 | Y7: =SUM($X$3:X7) -> 22.684932 | AB7: =Z7*Return!F7*100 -> 0 | AD7: =SUM($AB$3:AB7)+SUM($AC$3:AC7) -> 0 | AE7: =Q7+W7+AD7-Y7 -> #NAME? | AF7: =AE7/$AI$1+1 -> #NAME? | AG7: =(AF7/AF6-1)-中国_中债国债到期收益率_1年!H7%/252 -> #NAME? | AH7: =MIN((AF7-MAX($AF$3:AF7))/MAX($AF$3:AF7),0) -> #NAME?
A8: 44722 | B8: 20 | C8: 10 | D8: 30 | F8: =SUM(B8:E8) -> 60 | G8: =B8 -> 20 | H8: =5*C8 -> 50 | I8: =9*D8 -> 270 | J8: =16*E8 -> 0 | K8: =SUM(G8:J8) -> 340 | L8: =G8*Return!B8*100 -> 26.2 | M8: =H8*Return!C8*100 -> 62 | N8: =I8*Return!D8*100 -> 229.5 | O8: =J8*Return!E8*100 -> 0 | P8: =SUM(L8:O8) -> 317.7 | Q8: =SUM($P$3:P8) -> #NAME? | R8: =B8*中国_中债国债到期收益率_1年!B7/365*100 -> 11.041644 | S8: =C8*中国_中债国债到期收益率_1年!C7/365*100 -> 7.0482192 | T8: =D8*中国_中债国债到期收益率_1年!D7/365*100 -> 22.665205 | U8: =E8*中国_中债国债到期收益率_1年!E7/365*100 -> 0 | V8: =SUM(R8:U8) -> 40.755068 | W8: =SUM($V$3:V8) -> #NAME? | X8: =MAX(F8-50,0)*中国_中债国债到期收益率_1年!H8*100/365 -> 4.4383562 | Y8: =SUM($X$3:X8) -> 27.123288 | AB8: =Z8*Return!F8*100 -> 0 | AD8: =SUM($AB$3:AB8)+SUM($AC$3:AC8) -> 0 | AE8: =Q8+W8+AD8-Y8 -> #NAME? | AF8: =AE8/$AI$1+1 -> #NAME? | AG8: =(AF8/AF7-1)-中国_中债国债到期收益率_1年!H8%/252 -> #NAME? | AH8: =MIN((AF8-MAX($AF$3:AF8))/MAX($AF$3:AF8),0) -> #NAME?
A9: 44725 | B9: 20 | C9: 30 | D9: 30 | F9: =SUM(B9:E9) -> 80 | G9: =B9 -> 20 | H9: =5*C9 -> 150 | I9: =9*D9 -> 270 | J9: =16*E9 -> 0 | K9: =SUM(G9:J9) -> 440 | L9: =G9*Return!B9*100 -> 20 | M9: =H9*Return!C9*100 -> 69 | N9: =I9*Return!D9*100 -> 135 | O9: =J9*Return!E9*100 -> 0 | P9: =SUM(L9:O9) -> 224 | Q9: =SUM($P$3:P9) -> #NAME? | R9: =B9*中国_中债国债到期收益率_1年!B8/365*100 -> 10.986849 | S9: =C9*中国_中债国债到期收益率_1年!C8/365*100 -> 21.106849 | T9: =D9*中国_中债国债到期收益率_1年!D8/365*100 -> 22.62411 | U9: =E9*中国_中债国债到期收益率_1年!E8/365*100 -> 0 | V9: =SUM(R9:U9) -> 54.717808 | W9: =SUM($V$3:V9) -> #NAME? | X9: =MAX(F9-50,0)*中国_中债国债到期收益率_1年!H9*100/365 -> 13.561644 | Y9: =SUM($X$3:X9) -> 40.684932 | AB9: =Z9*Return!F9*100 -> 0 | AD9: =SUM($AB$3:AB9)+SUM($AC$3:AC9) -> 0 | AE9: =Q9+W9+AD9-Y9 -> #NAME? | AF9: =AE9/$AI$1+1 -> #NAME? | AG9: =(AF9/AF8-1)-中国_中债国债到期收益率_1年!H9%/252 -> #NAME? | AH9: =MIN((AF9-MAX($AF$3:AF9))/MAX($AF$3:AF9),0) -> #NAME?
A10: 44726 | B10: 20 | C10: 30 | D10: 30 | F10: =SUM(B10:E10) -> 80 | G10: =B10 -> 20 | H10: =5*C10 -> 150 | I10: =9*D10 -> 270 | J10: =16*E10 -> 0 | K10: =SUM(G10:J10) -> 440 | L10: =G10*Return!B10*100 -> 5 | M10: =H10*Return!C10*100 -> -328.5 | N10: =I10*Return!D10*100 -> -340.2 | O10: =J10*Return!E10*100 -> 0 | P10: =SUM(L10:O10) -> -663.7 | Q10: =SUM($P$3:P10) -> #NAME? | R10: =B10*中国_中债国债到期收益率_1年!B9/365*100 -> 10.973151 | S10: =C10*中国_中债国债到期收益率_1年!C9/365*100 -> 21.286849 | T10: =D10*中国_中债国债到期收益率_1年!D9/365*100 -> 22.727671 | U10: =E10*中国_中债国债到期收益率_1年!E9/365*100 -> 0 | V10: =SUM(R10:U10) -> 54.987671 | W10: =SUM($V$3:V10) -> #NAME? | X10: =MAX(F10-50,0)*中国_中债国债到期收益率_1年!H10*100/365 -> 13.39726 | Y10: =SUM($X$3:X10) -> 54.082192 | AB10: =Z10*Return!F10*100 -> 0 | AD10: =SUM($AB$3:AB10)+SUM($AC$3:AC10) -> 0 | AE10: =Q10+W10+AD10-Y10 -> #NAME? | AF10: =AE10/$AI$1+1 -> #NAME? | AG10: =(AF10/AF9-1)-中国_中债国债到期收益率_1年!H10%/252 -> #NAME? | AH10: =MIN((AF10-MAX($AF$3:AF10))/MAX($AF$3:AF10),0) -> #NAME?
A11: 44727 | B11: 30 | C11: 30 | D11: 30 | F11: =SUM(B11:E11) -> 90 | G11: =B11 -> 30 | H11: =5*C11 -> 150 | I11: =9*D11 -> 270 | J11: =16*E11 -> 0 | K11: =SUM(G11:J11) -> 450 | L11: =G11*Return!B11*100 -> -45 | M11: =H11*Return!C11*100 -> -79.5 | N11: =I11*Return!D11*100 -> -135 | O11: =J11*Return!E11*100 -> 0 | P11: =SUM(L11:O11) -> -259.5 | Q11: =SUM($P$3:P11) -> #NAME? | R11: =B11*中国_中债国债到期收益率_1年!B10/365*100 -> 16.583014 | S11: =C11*中国_中债国债到期收益率_1年!C10/365*100 -> 21.330411 | T11: =D11*中国_中债国债到期收益率_1年!D10/365*100 -> 22.768767 | U11: =E11*中国_中债国债到期收益率_1年!E10/365*100 -> 0 | V11: =SUM(R11:U11) -> 60.682192 | W11: =SUM($V$3:V11) -> #NAME? | X11: =MAX(F11-50,0)*中国_中债国债到期收益率_1年!H11*100/365 -> 17.863014 | Y11: =SUM($X$3:X11) -> 71.945205 | AB11: =Z11*Return!F11*100 -> 0 | AD11: =SUM($AB$3:AB11)+SUM($AC$3:AC11) -> 0 | AE11: =Q11+W11+AD11-Y11 -> #NAME? | AF11: =AE11/$AI$1+1 -> #NAME? | AG11: =(AF11/AF10-1)-中国_中债国债到期收益率_1年!H11%/252 -> #NAME? | AH11: =MIN((AF11-MAX($AF$3:AF11))/MAX($AF$3:AF11),0) -> #NAME?
A12: 44728 | B12: 30 | C12: 30 | D12: 30 | F12: =SUM(B12:E12) -> 90 | G12: =B12 -> 30 | H12: =5*C12 -> 150 | I12: =9*D12 -> 270 | J12: =16*E12 -> 0 | K12: =SUM(G12:J12) -> 450 | L12: =G12*Return!B12*100 -> -55.2 | M12: =H12*Return!C12*100 -> -240 | N12: =I12*Return!D12*100 -> -337.5 | O12: =J12*Return!E12*100 -> 0 | P12: =SUM(L12:O12) -> -632.7 | Q12: =SUM($P$3:P12) -> #NAME? | R12: =B12*中国_中债国债到期收益率_1年!B11/365*100 -> 16.734247 | S12: =C12*中国_中债国债到期收益率_1年!C11/365*100 -> 21.461918 | T12: =D12*中国_中债国债到期收益率_1年!D11/365*100 -> 22.871507 | U12: =E12*中国_中债国债到期收益率_1年!E11/365*100 -> 0 | V12: =SUM(R12:U12) -> 61.067671 | W12: =SUM($V$3:V12) -> #NAME? | X12: =MAX(F12-50,0)*中国_中债国债到期收益率_1年!H12*100/365 -> 18.082192 | Y12: =SUM($X$3:X12) -> 90.027397 | AB12: =Z12*Return!F12*100 -> 0 | AD12: =SUM($AB$3:AB12)+SUM($AC$3:AC12) -> 0 | AE12: =Q12+W12+AD12-Y12 -> #NAME? | AF12: =AE12/$AI$1+1 -> #NAME? | AG12: =(AF12/AF11-1)-中国_中债国债到期收益率_1年!H12%/252 -> #NAME? | AH12: =MIN((AF12-MAX($AF$3:AF12))/MAX($AF$3:AF12),0) -> #NAME?
A13: 44729 | B13: 30 | C13: 30 | D13: 30 | F13: =SUM(B13:E13) -> 90 | G13: =B13 -> 30 | H13: =5*C13 -> 150 | I13: =9*D13 -> 270 | J13: =16*E13 -> 0 | K13: =SUM(G13:J13) -> 450 | L13: =G13*Return!B13*100 -> 2.4 | M13: =H13*Return!C13*100 -> 264 | N13: =I13*Return!D13*100 -> 267.3 | O13: =J13*Return!E13*100 -> 0 | P13: =SUM(L13:O13) -> 533.7 | Q13: =SUM($P$3:P13) -> #NAME? | R13: =B13*中国_中债国债到期收益率_1年!B12/365*100 -> 16.727671 | S13: =C13*中国_中债国债到期收益率_1年!C12/365*100 -> 21.31726 | T13: =D13*中国_中债国债到期收益率_1年!D12/365*100 -> 22.790137 | U13: =E13*中国_中债国债到期收益率_1年!E12/365*100 -> 0 | V13: =SUM(R13:U13) -> 60.835068 | W13: =SUM($V$3:V13) -> #NAME? | X13: =MAX(F13-50,0)*中国_中债国债到期收益率_1年!H13*100/365 -> 18.630137 | Y13: =SUM($X$3:X13) -> 108.65753 | AB13: =Z13*Return!F13*100 -> 0 | AD13: =SUM($AB$3:AB13)+SUM($AC$3:AC13) -> 0 | AE13: =Q13+W13+AD13-Y13 -> #NAME? | AF13: =AE13/$AI$1+1 -> #NAME? | AG13: =(AF13/AF12-1)-中国_中债国债到期收益率_1年!H13%/252 -> #NAME? | AH13: =MIN((AF13-MAX($AF$3:AF13))/MAX($AF$3:AF13),0) -> #NAME?
A14: 44732 | B14: 30 | C14: 30 | D14: 30 | F14: =SUM(B14:E14) -> 90 | G14: =B14 -> 30 | H14: =5*C14 -> 150 | I14: =9*D14 -> 270 | J14: =16*E14 -> 0 | K14: =SUM(G14:J14) -> 450 | L14: =G14*Return!B14*100 -> 75 | M14: =H14*Return!C14*100 -> -12 | N14: =I14*Return!D14*100 -> -64.8 | O14: =J14*Return!E14*100 -> 0 | P14: =SUM(L14:O14) -> -1.8 | Q14: =SUM($P$3:P14) -> #NAME? | R14: =B14*中国_中债国债到期收益率_1年!B13/365*100 -> 16.522192 | S14: =C14*中国_中债国债到期收益率_1年!C13/365*100 -> 21.323836 | T14: =D14*中国_中债国债到期收益率_1年!D13/365*100 -> 22.809863 | U14: =E14*中国_中债国债到期收益率_1年!E13/365*100 -> 0 | V14: =SUM(R14:U14) -> 60.65589 | W14: =SUM($V$3:V14) -> #NAME? | X14: =MAX(F14-50,0)*中国_中债国债到期收益率_1年!H14*100/365 -> 18.630137 | Y14: =SUM($X$3:X14) -> 127.28767 | AB14: =Z14*Return!F14*100 -> 0 | AD14: =SUM($AB$3:AB14)+SUM($AC$3:AC14) -> 0 | AE14: =Q14+W14+AD14-Y14 -> #NAME? | AF14: =AE14/$AI$1+1 -> #NAME? | AG14: =(AF14/AF13-1)-中国_中债国债到期收益率_1年!H14%/252 -> #NAME? | AH14: =MIN((AF14-MAX($AF$3:AF14))/MAX($AF$3:AF14),0) -> #NAME?
A15: 44733 | B15: 30 | C15: 30 | D15: 30 | F15: =SUM(B15:E15) -> 90 | G15: =B15 -> 30 | H15: =5*C15 -> 150 | I15: =9*D15 -> 270 | J15: =16*E15 -> 0 | K15: =SUM(G15:J15) -> 450 | L15: =G15*Return!B15*100 -> 13.8 | M15: =H15*Return!C15*100 -> -328.5 | N15: =I15*Return!D15*100 -> -272.7 | O15: =J15*Return!E15*100 -> 0 | P15: =SUM(L15:O15) -> -587.4 | Q15: =SUM($P$3:P15) -> #NAME? | R15: =B15*中国_中债国债到期收益率_1年!B14/365*100 -> 16.484384 | S15: =C15*中国_中债国债到期收益率_1年!C14/365*100 -> 21.503836 | T15: =D15*中国_中债国债到期收益率_1年!D14/365*100 -> 22.892877 | U15: =E15*中国_中债国债到期收益率_1年!E14/365*100 -> 0 | V15: =SUM(R15:U15) -> 60.881096 | W15: =SUM($V$3:V15) -> #NAME? | X15: =MAX(F15-50,0)*中国_中债国债到期收益率_1年!H15*100/365 -> 19.178082 | Y15: =SUM($X$3:X15) -> 146.46575 | AB15: =Z15*Return!F15*100 -> 0 | AD15: =SUM($AB$3:AB15)+SUM($AC$3:AC15) -> 0 | AE15: =Q15+W15+AD15-Y15 -> #NAME? | AF15: =AE15/$AI$1+1 -> #NAME? | AG15: =(AF15/AF14-1)-中国_中债国债到期收益率_1年!H15%/252 -> #NAME? | AH15: =MIN((AF15-MAX($AF$3:AF15))/MAX($AF$3:AF15),0) -> #NAME?
... A23: 44743 | B23: 30 | C23: 30 | D23: 20 | F23: =SUM(B23:E23) -> 80 | G23: =B23 -> 30 | H23: =5*C23 -> 150 | I23: =9*D23 -> 180 | J23: =16*E23 -> 0 | K23: =SUM(G23:J23) -> 360 | L23: =G23*Return!B23*100 -> 77.7 | M23: =H23*Return!C23*100 -> 304.5 | N23: =I23*Return!D23*100 -> 160.2 | O23: =J23*Return!E23*100 -> 0 | P23: =SUM(L23:O23) -> 542.4 | Q23: =SUM($P$3:P23) -> #NAME? | R23: =B23*中国_中债国债到期收益率_1年!B22/365*100 -> 16.030685 | S23: =C23*中国_中债国债到期收益率_1年!C22/365*100 -> 21.804658 | T23: =D23*中国_中债国债到期收益率_1年!D22/365*100 -> 15.454795 | U23: =E23*中国_中债国债到期收益率_1年!E22/365*100 -> 0 | V23: =SUM(R23:U23) -> 53.290137 | W23: =SUM($V$3:V23) -> #NAME? | X23: =MAX(F23-50,0)*中国_中债国债到期收益率_1年!H23*100/365 -> 14.383562 | Y23: =SUM($X$3:X23) -> 328.1074 | AB23: =Z23*Return!F23*100 -> 0 | AD23: =SUM($AB$3:AB23)+SUM($AC$3:AC23) -> 0 | AE23: =Q23+W23+AD23-Y23 -> #NAME? | AF23: =AE23/$AI$1+1 -> #NAME? | AG23: =(AF23/AF22-1)-中国_中债国债到期收益率_1年!H23%/252 -> #NAME? | AH23: =MIN((AF23-MAX($AF$3:AF23))/MAX($AF$3:AF23),0) -> #NAME?
A24: 44746 | B24: 30 | C24: 30 | D24: 20 | E24: 5 | F24: =SUM(B24:E24) -> 85 | G24: =B24 -> 30 | H24: =5*C24 -> 150 | I24: =9*D24 -> 180 | J24: =16*E24 -> 80 | K24: =SUM(G24:J24) -> 440 | L24: =G24*Return!B24*100 -> 54 | M24: =H24*Return!C24*100 -> 66 | N24: =I24*Return!D24*100 -> -90 | O24: =J24*Return!E24*100 -> -20.8 | P24: =SUM(L24:O24) -> 9.2 | Q24: =SUM($P$3:P24) -> #NAME? | R24: =B24*中国_中债国债到期收益率_1年!B23/365*100 -> 15.88274 | S24: =C24*中国_中债国债到期收益率_1年!C23/365*100 -> 21.768493 | T24: =D24*中国_中债国债到期收益率_1年!D23/365*100 -> 15.482192 | U24: =E24*中国_中债国债到期收益率_1年!E23/365*100 -> 4.510411 | V24: =SUM(R24:U24) -> 57.643836 | W24: =SUM($V$3:V24) -> #NAME? | X24: =MAX(F24-50,0)*中国_中债国债到期收益率_1年!H24*100/365 -> 15.342466 | Y24: =SUM($X$3:X24) -> 343.44986 | AB24: =Z24*Return!F24*100 -> 0 | AD24: =SUM($AB$3:AB24)+SUM($AC$3:AC24) -> 0 | AE24: =Q24+W24+AD24-Y24 -> #NAME? | AF24: =AE24/$AI$1+1 -> #NAME? | AG24: =(AF24/AF23-1)-中国_中债国债到期收益率_1年!H24%/252 -> #NAME? | AH24: =MIN((AF24-MAX($AF$3:AF24))/MAX($AF$3:AF24),0) -> #NAME?
A25: 44747 | B25: 30 | C25: 30 | D25: 20 | E25: 5 | F25: =SUM(B25:E25) -> 85 | G25: =B25 -> 30 | H25: =5*C25 -> 150 | I25: =9*D25 -> 180 | J25: =16*E25 -> 80 | K25: =SUM(G25:J25) -> 440 | L25: =G25*Return!B25*100 -> -152.1 | M25: =H25*Return!C25*100 -> -720 | N25: =I25*Return!D25*100 -> -342 | O25: =J25*Return!E25*100 -> -140 | P25: =SUM(L25:O25) -> -1354.1 | Q25: =SUM($P$3:P25) -> #NAME? | R25: =B25*中国_中债国债到期收益率_1年!B24/365*100 -> 16.299452 | S25: =C25*中国_中债国债到期收益率_1年!C24/365*100 -> 22.163014 | T25: =D25*中国_中债国债到期收益率_1年!D24/365*100 -> 15.586301 | U25: =E25*中国_中债国债到期收益率_1年!E24/365*100 -> 4.5343836 | V25: =SUM(R25:U25) -> 58.583151 | W25: =SUM($V$3:V25) -> #NAME? | X25: =MAX(F25-50,0)*中国_中债国债到期收益率_1年!H25*100/365 -> 16.30137 | Y25: =SUM($X$3:X25) -> 359.75123 | AB25: =Z25*Return!F25*100 -> 0 | AD25: =SUM($AB$3:AB25)+SUM($AC$3:AC25) -> 0 | AE25: =Q25+W25+AD25-Y25 -> #NAME? | AF25: =AE25/$AI$1+1 -> #NAME? | AG25: =(AF25/AF24-1)-中国_中债国债到期收益率_1年!H25%/252 -> #NAME? | AH25: =MIN((AF25-MAX($AF$3:AF25))/MAX($AF$3:AF25),0) -> #NAME?
A26: 44748 | B26: 30 | C26: 30 | D26: 20 | E26: 5 | F26: =SUM(B26:E26) -> 85 | G26: =B26 -> 30 | H26: =5*C26 -> 150 | I26: =9*D26 -> 180 | J26: =16*E26 -> 80 | K26: =SUM(G26:J26) -> 440 | L26: =G26*Return!B26*100 -> -80.7 | M26: =H26*Return!C26*100 -> 52.5 | N26: =I26*Return!D26*100 -> 201.6 | O26: =J26*Return!E26*100 -> -41.6 | P26: =SUM(L26:O26) -> 131.8 | Q26: =SUM($P$3:P26) -> #NAME? | R26: =B26*中国_中债国债到期收益率_1年!B25/365*100 -> 16.520548 | S26: =C26*中国_中债国债到期收益率_1年!C25/365*100 -> 22.134247 | T26: =D26*中国_中债国债到期收益率_1年!D25/365*100 -> 15.524932 | U26: =E26*中国_中债国债到期收益率_1年!E25/365*100 -> 4.5415068 | V26: =SUM(R26:U26) -> 58.721233 | W26: =SUM($V$3:V26) -> #NAME? | X26: =MAX(F26-50,0)*中国_中债国债到期收益率_1年!H26*100/365 -> 16.30137 | Y26: =SUM($X$3:X26) -> 376.0526 | AB26: =Z26*Return!F26*100 -> 0 | AD26: =SUM($AB$3:AB26)+SUM($AC$3:AC26) -> 0 | AE26: =Q26+W26+AD26-Y26 -> #NAME? | AF26: =AE26/$AI$1+1 -> #NAME? | AG26: =(AF26/AF25-1)-中国_中债国债到期收益率_1年!H26%/252 -> #NAME? | AH26: =MIN((AF26-MAX($AF$3:AF26))/MAX($AF$3:AF26),0) -> #NAME?
A27: 44749 | B27: 30 | C27: 30 | D27: 20 | E27: 5 | F27: =SUM(B27:E27) -> 85 | G27: =B27 -> 30 | H27: =5*C27 -> 150 | I27: =9*D27 -> 180 | J27: =16*E27 -> 80 | K27: =SUM(G27:J27) -> 440 | L27: =G27*Return!B27*100 -> 56.7 | M27: =H27*Return!C27*100 -> 42 | N27: =I27*Return!D27*100 -> -41.4 | O27: =J27*Return!E27*100 -> 0 | P27: =SUM(L27:O27) -> 57.3 | Q27: =SUM($P$3:P27) -> #NAME? | R27: =B27*中国_中债国债到期收益率_1年!B26/365*100 -> 16.365205 | S27: =C27*中国_中债国债到期收益率_1年!C26/365*100 -> 22.111233 | T27: =D27*中国_中债国债到期收益率_1年!D26/365*100 -> 15.537534 | U27: =E27*中国_中债国债到期收益率_1年!E26/365*100 -> 4.5415068 | V27: =SUM(R27:U27) -> 58.555479 | W27: =SUM($V$3:V27) -> #NAME? | X27: =MAX(F27-50,0)*中国_中债国债到期收益率_1年!H27*100/365 -> 15.821918 | Y27: =SUM($X$3:X27) -> 391.87452 | AB27: =Z27*Return!F27*100 -> 0 | AD27: =SUM($AB$3:AB27)+SUM($AC$3:AC27) -> 0 | AE27: =Q27+W27+AD27-Y27 -> #NAME? | AF27: =AE27/$AI$1+1 -> #NAME? | AG27: =(AF27/AF26-1)-中国_中债国债到期收益率_1年!H27%/252 -> #NAME? | AH27: =MIN((AF27-MAX($AF$3:AF27))/MAX($AF$3:AF27),0) -> #NAME?
A28: 44750 | B28: 30 | C28: 30 | D28: 20 | E28: 5 | F28: =SUM(B28:E28) -> 85 | G28: =B28 -> 30 | H28: =5*C28 -> 150 | I28: =9*D28 -> 180 | J28: =16*E28 -> 80 | K28: =SUM(G28:J28) -> 440 | L28: =G28*Return!B28*100 -> 26.1 | M28: =H28*Return!C28*100 -> 67.5 | N28: =I28*Return!D28*100 -> 0 | O28: =J28*Return!E28*100 -> -0.8 | P28: =SUM(L28:O28) -> 92.8 | Q28: =SUM($P$3:P28) -> #NAME? | R28: =B28*中国_中债国债到期收益率_1年!B27/365*100 -> 16.293699 | S28: =C28*中国_中债国债到期收益率_1年!C27/365*100 -> 22.074247 | T28: =D28*中国_中债国债到期收益率_1年!D27/365*100 -> 15.537534 | U28: =E28*中国_中债国债到期收益率_1年!E27/365*100 -> 4.5416438 | V28: =SUM(R28:U28) -> 58.447123 | W28: =SUM($V$3:V28) -> #NAME? | X28: =MAX(F28-50,0)*中国_中债国债到期收益率_1年!H28*100/365 -> 15.342466 | Y28: =SUM($X$3:X28) -> 407.21699 | AB28: =Z28*Return!F28*100 -> 0 | AD28: =SUM($AB$3:AB28)+SUM($AC$3:AC28) -> 0 | AE28: =Q28+W28+AD28-Y28 -> #NAME? | AF28: =AE28/$AI$1+1 -> #NAME? | AG28: =(AF28/AF27-1)-中国_中债国债到期收益率_1年!H28%/252 -> #NAME? | AH28: =MIN((AF28-MAX($AF$3:AF28))/MAX($AF$3:AF28),0) -> #NAME?
A29: 44753 | B29: 30 | C29: 30 | D29: 20 | E29: 5 | F29: =SUM(B29:E29) -> 85 | G29: =B29 -> 30 | H29: =5*C29 -> 150 | I29: =9*D29 -> 180 | J29: =16*E29 -> 80 | K29: =SUM(G29:J29) -> 440 | L29: =G29*Return!B29*100 -> 72 | M29: =H29*Return!C29*100 -> 108 | N29: =I29*Return!D29*100 -> -50.4 | O29: =J29*Return!E29*100 -> -202.4 | P29: =SUM(L29:O29) -> -72.8 | Q29: =SUM($P$3:P29) -> #NAME? | R29: =B29*中国_中债国债到期收益率_1年!B28/365*100 -> 16.096438 | S29: =C29*中国_中债国债到期收益率_1年!C28/365*100 -> 22.015068 | T29: =D29*中国_中债国债到期收益率_1年!D28/365*100 -> 15.552877 | U29: =E29*中国_中债国债到期收益率_1年!E28/365*100 -> 4.5763014 | V29: =SUM(R29:U29) -> 58.240685 | W29: =SUM($V$3:V29) -> #NAME? | X29: =MAX(F29-50,0)*中国_中债国债到期收益率_1年!H29*100/365 -> 15.342466 | Y29: =SUM($X$3:X29) -> 422.55945 | AB29: =Z29*Return!F29*100 -> 0 | AD29: =SUM($AB$3:AB29)+SUM($AC$3:AC29) -> 0 | AE29: =Q29+W29+AD29-Y29 -> #NAME? | AF29: =AE29/$AI$1+1 -> #NAME? | AG29: =(AF29/AF28-1)-中国_中债国债到期收益率_1年!H29%/252 -> #NAME? | AH29: =MIN((AF29-MAX($AF$3:AF29))/MAX($AF$3:AF29),0) -> #NAME?
A30: 44754 | B30: 30 | C30: 30 | D30: 20 | E30: 5 | F30: =SUM(B30:E30) -> 85 | G30: =B30 -> 30 | H30: =5*C30 -> 150 | I30: =9*D30 -> 180 | J30: =16*E30 -> 80 | K30: =SUM(G30:J30) -> 440 | L30: =G30*Return!B30*100 -> 50.1 | M30: =H30*Return!C30*100 -> 375 | N30: =I30*Return!D30*100 -> 212.4 | O30: =J30*Return!E30*100 -> 66.4 | P30: =SUM(L30:O30) -> 703.9 | Q30: =SUM($P$3:P30) -> #NAME? | R30: =B30*中国_中债国债到期收益率_1年!B29/365*100 -> 15.959178 | S30: =C30*中国_中债国债到期收益率_1年!C29/365*100 -> 21.809589 | T30: =D30*中国_中债国债到期收益率_1年!D29/365*100 -> 15.488219 | U30: =E30*中国_中债国债到期收益率_1年!E29/365*100 -> 4.5649315 | V30: =SUM(R30:U30) -> 57.821918 | W30: =SUM($V$3:V30) -> #NAME? | X30: =MAX(F30-50,0)*中国_中债国债到期收益率_1年!H30*100/365 -> 15.342466 | Y30: =SUM($X$3:X30) -> 437.90192 | AB30: =Z30*Return!F30*100 -> 0 | AD30: =SUM($AB$3:AB30)+SUM($AC$3:AC30) -> 0 | AE30: =Q30+W30+AD30-Y30 -> #NAME? | AF30: =AE30/$AI$1+1 -> #NAME? | AG30: =(AF30/AF29-1)-中国_中债国债到期收益率_1年!H30%/252 -> #NAME? | AH30: =MIN((AF30-MAX($AF$3:AF30))/MAX($AF$3:AF30),0) -> #NAME?
A31: 44755 | B31: 30 | C31: 30 | D31: 20 | E31: 5 | F31: =SUM(B31:E31) -> 85 | G31: =B31 -> 30 | H31: =5*C31 -> 150 | I31: =9*D31 -> 180 | J31: =16*E31 -> 80 | K31: =SUM(G31:J31) -> 440 | L31: =G31*Return!B31*100 -> 21.6 | M31: =H31*Return!C31*100 -> 489 | N31: =I31*Return!D31*100 -> 268.2 | O31: =J31*Return!E31*100 -> 112 | P31: =SUM(L31:O31) -> 890.8 | Q31: =SUM($P$3:P31) -> #NAME? | R31: =B31*中国_中债国债到期收益率_1年!B30/365*100 -> 15.9 | S31: =C31*中国_中债国债到期收益率_1年!C30/365*100 -> 21.541644 | T31: =D31*中国_中债国债到期收益率_1年!D30/365*100 -> 15.406575 | U31: =E31*中国_中债国债到期收益率_1年!E30/365*100 -> 4.5457534 | V31: =SUM(R31:U31) -> 57.393973 | W31: =SUM($V$3:V31) -> #NAME? | X31: =MAX(F31-50,0)*中国_中债国债到期收益率_1年!H31*100/365 -> 15.246575 | Y31: =SUM($X$3:X31) -> 453.14849 | AB31: =Z31*Return!F31*100 -> 0 | AD31: =SUM($AB$3:AB31)+SUM($AC$3:AC31) -> 0 | AE31: =Q31+W31+AD31-Y31 -> #NAME? | AF31: =AE31/$AI$1+1 -> #NAME? | AG31: =(AF31/AF30-1)-中国_中债国债到期收益率_1年!H31%/252 -> #NAME? | AH31: =MIN((AF31-MAX($AF$3:AF31))/MAX($AF$3:AF31),0) -> #NAME?
A32: 44756 | B32: 30 | C32: 30 | D32: 20 | E32: 5 | F32: =SUM(B32:E32) -> 85 | G32: =B32 -> 30 | H32: =5*C32 -> 150 | I32: =9*D32 -> 180 | J32: =16*E32 -> 80 | K32: =SUM(G32:J32) -> 440 | L32: =G32*Return!B32*100 -> -9.3 | M32: =H32*Return!C32*100 -> 112.5 | N32: =I32*Return!D32*100 -> 90 | O32: =J32*Return!E32*100 -> 19.2 | P32: =SUM(L32:O32) -> 212.4 | Q32: =SUM($P$3:P32) -> #NAME? | R32: =B32*中国_中债国债到期收益率_1年!B31/365*100 -> 15.925479 | S32: =C32*中国_中债国债到期收益率_1年!C31/365*100 -> 21.48 | T32: =D32*中国_中债国债到期收益率_1年!D31/365*100 -> 15.379178 | U32: =E32*中国_中债国债到期收益率_1年!E31/365*100 -> 4.5424658 | V32: =SUM(R32:U32) -> 57.327123 | W32: =SUM($V$3:V32) -> #NAME? | X32: =MAX(F32-50,0)*中国_中债国债到期收益率_1年!H32*100/365 -> 15.342466 | Y32: =SUM($X$3:X32) -> 468.49096 | AB32: =Z32*Return!F32*100 -> 0 | AD32: =SUM($AB$3:AB32)+SUM($AC$3:AC32) -> 0 | AE32: =Q32+W32+AD32-Y32 -> #NAME? | AF32: =AE32/$AI$1+1 -> #NAME? | AG32: =(AF32/AF31-1)-中国_中债国债到期收益率_1年!H32%/252 -> #NAME? | AH32: =MIN((AF32-MAX($AF$3:AF32))/MAX($AF$3:AF32),0) -> #NAME?
A33: 44757 | B33: 30 | C33: 30 | D33: 20 | E33: 5 | F33: =SUM(B33:E33) -> 85 | G33: =B33 -> 30 | H33: =5*C33 -> 150 | I33: =9*D33 -> 180 | J33: =16*E33 -> 80 | K33: =SUM(G33:J33) -> 440 | L33: =G33*Return!B33*100 -> 68.7 | M33: =H33*Return!C33*100 -> 396 | N33: =I33*Return!D33*100 -> 288 | O33: =J33*Return!E33*100 -> 160 | P33: =SUM(L33:O33) -> 912.7 | Q33: =SUM($P$3:P33) -> #NAME? | R33: =B33*中国_中债国债到期收益率_1年!B32/365*100 -> 15.73726 | S33: =C33*中国_中债国债到期收益率_1年!C32/365*100 -> 21.263014 | T33: =D33*中国_中债国债到期收益率_1年!D32/365*100 -> 15.291507 | U33: =E33*中国_中债国债到期收益率_1年!E32/365*100 -> 4.5150685 | V33: =SUM(R33:U33) -> 56.806849 | W33: =SUM($V$3:V33) -> #NAME? | X33: =MAX(F33-50,0)*中国_中债国债到期收益率_1年!H33*100/365 -> 15.054795 | Y33: =SUM($X$3:X33) -> 483.54575 | AB33: =Z33*Return!F33*100 -> 0 | AD33: =SUM($AB$3:AB33)+SUM($AC$3:AC33) -> 0 | AE33: =Q33+W33+AD33-Y33 -> #NAME? | AF33: =AE33/$AI$1+1 -> #NAME? | AG33: =(AF33/AF32-1)-中国_中债国债到期收益率_1年!H33%/252 -> #NAME? | AH33: =MIN((AF33-MAX($AF$3:AF33))/MAX($AF$3:AF33),0) -> #NAME?
A34: 44760 | B34: 30 | C34: 30 | D34: 20 | E34: 5 | F34: =SUM(B34:E34) -> 85 | G34: =B34 -> 30 | H34: =5*C34 -> 150 | I34: =9*D34 -> 180 | J34: =16*E34 -> 80 | K34: =SUM(G34:J34) -> 440 | L34: =G34*Return!B34*100 -> 93 | M34: =H34*Return!C34*100 -> 33 | N34: =I34*Return!D34*100 -> 90 | O34: =J34*Return!E34*100 -> 80.8 | P34: =SUM(L34:O34) -> 296.8 | Q34: =SUM($P$3:P34) -> #NAME? | R34: =B34*中国_中债国债到期收益率_1年!B33/365*100 -> 15.482466 | S34: =C34*中国_中债国债到期收益率_1年!C33/365*100 -> 21.244932 | T34: =D34*中国_中债国债到期收益率_1年!D33/365*100 -> 15.26411 | U34: =E34*中国_中债国债到期收益率_1年!E33/365*100 -> 4.5012329 | V34: =SUM(R34:U34) -> 56.49274 | W34: =SUM($V$3:V34) -> #NAME? | X34: =MAX(F34-50,0)*中国_中债国债到期收益率_1年!H34*100/365 -> 15.441233 | Y34: =SUM($X$3:X34) -> 498.98699 | AB34: =Z34*Return!F34*100 -> 0 | AD34: =SUM($AB$3:AB34)+SUM($AC$3:AC34) -> 0 | AE34: =Q34+W34+AD34-Y34 -> #NAME? | AF34: =AE34/$AI$1+1 -> #NAME? | AG34: =(AF34/AF33-1)-中国_中债国债到期收益率_1年!H34%/252 -> #NAME? | AH34: =MIN((AF34-MAX($AF$3:AF34))/MAX($AF$3:AF34),0) -> #NAME?
A35: 44761 | B35: 30 | C35: 30 | D35: 20 | E35: 5 | F35: =SUM(B35:E35) -> 85 | G35: =B35 -> 30 | H35: =5*C35 -> 150 | I35: =9*D35 -> 180 | J35: =16*E35 -> 80 | K35: =SUM(G35:J35) -> 440 | L35: =G35*Return!B35*100 -> 104.7 | M35: =H35*Return!C35*100 -> 88.5 | N35: =I35*Return!D35*100 -> 36 | O35: =J35*Return!E35*100 -> 59.2 | P35: =SUM(L35:O35) -> 288.4 | Q35: =SUM($P$3:P35) -> #NAME? | R35: =B35*中国_中债国债到期收益率_1年!B34/365*100 -> 15.195616 | S35: =C35*中国_中债国债到期收益率_1年!C34/365*100 -> 21.196438 | T35: =D35*中国_中债国债到期收益率_1年!D34/365*100 -> 15.253151 | U35: =E35*中国_中债国债到期收益率_1年!E34/365*100 -> 4.4910959 | V35: =SUM(R35:U35) -> 56.136301 | W35: =SUM($V$3:V35) -> #NAME? | X35: =MAX(F35-50,0)*中国_中债国债到期收益率_1年!H35*100/365 -> 15.342466 | Y35: =SUM($X$3:X35) -> 514.32945 | AB35: =Z35*Return!F35*100 -> 0 | AD35: =SUM($AB$3:AB35)+SUM($AC$3:AC35) -> 0 | AE35: =Q35+W35+AD35-Y35 -> #NAME? | AF35: =AE35/$AI$1+1 -> #NAME? | AG35: =(AF35/AF34-1)-中国_中债国债到期收益率_1年!H35%/252 -> #NAME? | AH35: =MIN((AF35-MAX($AF$3:AF35))/MAX($AF$3:AF35),0) -> #NAME?
... A58: 44792 | B58: 30 | C58: 30 | D58: 20 | E58: 5 | F58: =SUM(B58:E58) -> 85 | G58: =B58 -> 30 | H58: =5*C58 -> 150 | I58: =9*D58 -> 180 | J58: =16*E58 -> 80 | K58: =SUM(G58:J58) -> 440 | L58: =G58*Return!B58*100 -> 55.8 | M58: =H58*Return!C58*100 -> 334.5 | N58: =I58*Return!D58*100 -> 583.2 | O58: =J58*Return!E58*100 -> 264.8 | P58: =SUM(L58:O58) -> 1238.3 | Q58: =SUM($P$3:P58) -> #NAME? | R58: =B58*中国_中债国债到期收益率_1年!B57/365*100 -> 13.97589 | S58: =C58*中国_中债国债到期收益率_1年!C57/365*100 -> 19.379178 | T58: =D58*中国_中债国债到期收益率_1年!D57/365*100 -> 14.136986 | U58: =E58*中国_中债国债到期收益率_1年!E57/365*100 -> 4.2983562 | V58: =SUM(R58:U58) -> 51.790411 | W58: =SUM($V$3:V58) -> #NAME? | X58: =MAX(F58-50,0)*中国_中债国债到期收益率_1年!H58*100/365 -> 14.383562 | Y58: =SUM($X$3:X58) -> 849.02247 | AB58: =Z58*Return!F58*100 -> 0 | AD58: =SUM($AB$3:AB58)+SUM($AC$3:AC58) -> 0 | AE58: =Q58+W58+AD58-Y58 -> #NAME? | AF58: =AE58/$AI$1+1 -> #NAME? | AG58: =(AF58/AF57-1)-中国_中债国债到期收益率_1年!H58%/252 -> #NAME? | AH58: =MIN((AF58-MAX($AF$3:AF58))/MAX($AF$3:AF58),0) -> #NAME?
A59: 44795 | B59: 30 | C59: 30 | D59: 20 | F59: =SUM(B59:E59) -> 80 | G59: =B59 -> 30 | H59: =5*C59 -> 150 | I59: =9*D59 -> 180 | J59: =16*E59 -> 0 | K59: =SUM(G59:J59) -> 360 | L59: =G59*Return!B59*100 -> -73.2 | M59: =H59*Return!C59*100 -> -195 | N59: =I59*Return!D59*100 -> -135 | O59: =J59*Return!E59*100 -> 0 | P59: =SUM(L59:O59) -> -403.2 | Q59: =SUM($P$3:P59) -> #NAME? | R59: =B59*中国_中债国债到期收益率_1年!B58/365*100 -> 14.176438 | S59: =C59*中国_中债国债到期收益率_1年!C58/365*100 -> 19.486027 | T59: =D59*中国_中债国债到期收益率_1年!D58/365*100 -> 14.178082 | U59: =E59*中国_中债国债到期收益率_1年!E58/365*100 -> 0 | V59: =SUM(R59:U59) -> 47.840548 | W59: =SUM($V$3:V59) -> #NAME? | X59: =MAX(F59-50,0)*中国_中债国债到期收益率_1年!H59*100/365 -> 12.328767 | Y59: =SUM($X$3:X59) -> 861.35123 | AB59: =Z59*Return!F59*100 -> 0 | AD59: =SUM($AB$3:AB59)+SUM($AC$3:AC59) -> 0 | AE59: =Q59+W59+AD59-Y59 -> #NAME? | AF59: =AE59/$AI$1+1 -> #NAME? | AG59: =(AF59/AF58-1)-中国_中债国债到期收益率_1年!H59%/252 -> #NAME? | AH59: =MIN((AF59-MAX($AF$3:AF59))/MAX($AF$3:AF59),0) -> #NAME?
A60: 44796 | B60: 30 | C60: 30 | D60: 20 | F60: =SUM(B60:E60) -> 80 | G60: =B60 -> 30 | H60: =5*C60 -> 150 | I60: =9*D60 -> 180 | J60: =16*E60 -> 0 | K60: =SUM(G60:J60) -> 360 | L60: =G60*Return!B60*100 -> -96.6 | M60: =H60*Return!C60*100 -> -388.5 | N60: =I60*Return!D60*100 -> -90 | O60: =J60*Return!E60*100 -> 0 | P60: =SUM(L60:O60) -> -575.1 | Q60: =SUM($P$3:P60) -> #NAME? | R60: =B60*中国_中债国债到期收益率_1年!B59/365*100 -> 14.441096 | S60: =C60*中国_中债国债到期收益率_1年!C59/365*100 -> 19.698904 | T60: =D60*中国_中债国债到期收益率_1年!D59/365*100 -> 14.205479 | U60: =E60*中国_中债国债到期收益率_1年!E59/365*100 -> 0 | V60: =SUM(R60:U60) -> 48.345479 | W60: =SUM($V$3:V60) -> #NAME? | X60: =MAX(F60-50,0)*中国_中债国债到期收益率_1年!H60*100/365 -> 11.917808 | Y60: =SUM($X$3:X60) -> 873.26904 | AB60: =Z60*Return!F60*100 -> 0 | AD60: =SUM($AB$3:AB60)+SUM($AC$3:AC60) -> 0 | AE60: =Q60+W60+AD60-Y60 -> #NAME? | AF60: =AE60/$AI$1+1 -> #NAME? | AG60: =(AF60/AF59-1)-中国_中债国债到期收益率_1年!H60%/252 -> #NAME? | AH60: =MIN((AF60-MAX($AF$3:AF60))/MAX($AF$3:AF60),0) -> #NAME?
A61: 44797 | B61: 30 | C61: 30 | D61: 20 | F61: =SUM(B61:E61) -> 80 | G61: =B61 -> 30 | H61: =5*C61 -> 150 | I61: =9*D61 -> 180 | J61: =16*E61 -> 0 | K61: =SUM(G61:J61) -> 360 | L61: =G61*Return!B61*100 -> -0.3 | M61: =H61*Return!C61*100 -> -186 | N61: =I61*Return!D61*100 -> -270 | O61: =J61*Return!E61*100 -> 0 | P61: =SUM(L61:O61) -> -456.3 | Q61: =SUM($P$3:P61) -> #NAME? | R61: =B61*中国_中债国债到期收益率_1年!B60/365*100 -> 14.441918 | S61: =C61*中国_中债国债到期收益率_1年!C60/365*100 -> 19.800822 | T61: =D61*中国_中债国债到期收益率_1年!D60/365*100 -> 14.287671 | U61: =E61*中国_中债国债到期收益率_1年!E60/365*100 -> 0 | V61: =SUM(R61:U61) -> 48.530411 | W61: =SUM($V$3:V61) -> #NAME? | X61: =MAX(F61-50,0)*中国_中债国债到期收益率_1年!H61*100/365 -> 11.917808 | Y61: =SUM($X$3:X61) -> 885.18685 | AB61: =Z61*Return!F61*100 -> 0 | AD61: =SUM($AB$3:AB61)+SUM($AC$3:AC61) -> 0 | AE61: =Q61+W61+AD61-Y61 -> #NAME? | AF61: =AE61/$AI$1+1 -> #NAME? | AG61: =(AF61/AF60-1)-中国_中债国债到期收益率_1年!H61%/252 -> #NAME? | AH61: =MIN((AF61-MAX($AF$3:AF61))/MAX($AF$3:AF61),0) -> #NAME?
A62: 44798 | B62: 30 | C62: 30 | D62: 20 | F62: =SUM(B62:E62) -> 80 | G62: =B62 -> 30 | H62: =5*C62 -> 150 | I62: =9*D62 -> 180 | J62: =16*E62 -> 0 | K62: =SUM(G62:J62) -> 360 | L62: =G62*Return!B62*100 -> 22.5 | M62: =H62*Return!C62*100 -> -46.5 | N62: =I62*Return!D62*100 -> -45 | O62: =J62*Return!E62*100 -> 0 | P62: =SUM(L62:O62) -> -69 | Q62: =SUM($P$3:P62) -> #NAME? | R62: =B62*中国_中债国债到期收益率_1年!B61/365*100 -> 14.380274 | S62: =C62*中国_中债国债到期收益率_1年!C61/365*100 -> 19.826301 | T62: =D62*中国_中债国债到期收益率_1年!D61/365*100 -> 14.30137 | U62: =E62*中国_中债国债到期收益率_1年!E61/365*100 -> 0 | V62: =SUM(R62:U62) -> 48.507945 | W62: =SUM($V$3:V62) -> #NAME? | X62: =MAX(F62-50,0)*中国_中债国债到期收益率_1年!H62*100/365 -> 13.972603 | Y62: =SUM($X$3:X62) -> 899.15945 | AB62: =Z62*Return!F62*100 -> 0 | AD62: =SUM($AB$3:AB62)+SUM($AC$3:AC62) -> 0 | AE62: =Q62+W62+AD62-Y62 -> #NAME? | AF62: =AE62/$AI$1+1 -> #NAME? | AG62: =(AF62/AF61-1)-中国_中债国债到期收益率_1年!H62%/252 -> #NAME? | AH62: =MIN((AF62-MAX($AF$3:AF62))/MAX($AF$3:AF62),0) -> #NAME?
A63: 44799 | B63: 30 | C63: 30 | D63: 20 | F63: =SUM(B63:E63) -> 80 | G63: =B63 -> 30 | H63: =5*C63 -> 150 | I63: =9*D63 -> 180 | J63: =16*E63 -> 0 | K63: =SUM(G63:J63) -> 360 | L63: =G63*Return!B63*100 -> -124.8 | M63: =H63*Return!C63*100 -> -489 | N63: =I63*Return!D63*100 -> -522 | O63: =J63*Return!E63*100 -> 0 | P63: =SUM(L63:O63) -> -1135.8 | Q63: =SUM($P$3:P63) -> #NAME? | R63: =B63*中国_中债国债到期收益率_1年!B62/365*100 -> 14.722192 | S63: =C63*中国_中债国债到期收益率_1年!C62/365*100 -> 20.094247 | T63: =D63*中国_中债国债到期收益率_1年!D62/365*100 -> 14.460274 | U63: =E63*中国_中债国债到期收益率_1年!E62/365*100 -> 0 | V63: =SUM(R63:U63) -> 49.276712 | W63: =SUM($V$3:V63) -> #NAME? | X63: =MAX(F63-50,0)*中国_中债国债到期收益率_1年!H63*100/365 -> 14.794521 | Y63: =SUM($X$3:X63) -> 913.95397 | AB63: =Z63*Return!F63*100 -> 0 | AD63: =SUM($AB$3:AB63)+SUM($AC$3:AC63) -> 0 | AE63: =Q63+W63+AD63-Y63 -> #NAME? | AF63: =AE63/$AI$1+1 -> #NAME? | AG63: =(AF63/AF62-1)-中国_中债国债到期收益率_1年!H63%/252 -> #NAME? | AH63: =MIN((AF63-MAX($AF$3:AF63))/MAX($AF$3:AF63),0) -> #NAME?
A64: 44802 | B64: 20 | C64: 30 | D64: 30 | F64: =SUM(B64:E64) -> 80 | G64: =B64 -> 20 | H64: =5*C64 -> 150 | I64: =9*D64 -> 270 | J64: =16*E64 -> 0 | K64: =SUM(G64:J64) -> 440 | L64: =G64*Return!B64*100 -> -2 | M64: =H64*Return!C64*100 -> 22.5 | N64: =I64*Return!D64*100 -> -108 | O64: =J64*Return!E64*100 -> 0 | P64: =SUM(L64:O64) -> -87.5 | Q64: =SUM($P$3:P64) -> #NAME? | R64: =B64*中国_中债国债到期收益率_1年!B63/365*100 -> 9.820274 | S64: =C64*中国_中债国债到期收益率_1年!C63/365*100 -> 20.081918 | T64: =D64*中国_中债国债到期收益率_1年!D63/365*100 -> 21.723288 | U64: =E64*中国_中债国债到期收益率_1年!E63/365*100 -> 0 | V64: =SUM(R64:U64) -> 51.625479 | W64: =SUM($V$3:V64) -> #NAME? | X64: =MAX(F64-50,0)*中国_中债国债到期收益率_1年!H64*100/365 -> 14.794521 | Y64: =SUM($X$3:X64) -> 928.74849 | AB64: =Z64*Return!F64*100 -> 0 | AD64: =SUM($AB$3:AB64)+SUM($AC$3:AC64) -> 0 | AE64: =Q64+W64+AD64-Y64 -> #NAME? | AF64: =AE64/$AI$1+1 -> #NAME? | AG64: =(AF64/AF63-1)-中国_中债国债到期收益率_1年!H64%/252 -> #NAME? | AH64: =MIN((AF64-MAX($AF$3:AF64))/MAX($AF$3:AF64),0) -> #NAME?
A65: 44803 | B65: 20 | C65: 30 | D65: 30 | F65: =SUM(B65:E65) -> 80 | G65: =B65 -> 20 | H65: =5*C65 -> 150 | I65: =9*D65 -> 270 | J65: =16*E65 -> 0 | K65: =SUM(G65:J65) -> 440 | L65: =G65*Return!B65*100 -> 72.2 | M65: =H65*Return!C65*100 -> 454.5 | N65: =I65*Return!D65*100 -> 553.5 | O65: =J65*Return!E65*100 -> 0 | P65: =SUM(L65:O65) -> 1080.2 | Q65: =SUM($P$3:P65) -> #NAME? | R65: =B65*中国_中债国债到期收益率_1年!B64/365*100 -> 9.6224658 | S65: =C65*中国_中债国债到期收益率_1年!C64/365*100 -> 19.832877 | T65: =D65*中国_中债国债到期收益率_1年!D64/365*100 -> 21.554795 | U65: =E65*中国_中债国债到期收益率_1年!E64/365*100 -> 0 | V65: =SUM(R65:U65) -> 51.010137 | W65: =SUM($V$3:V65) -> #NAME? | X65: =MAX(F65-50,0)*中国_中债国债到期收益率_1年!H65*100/365 -> 14.383562 | Y65: =SUM($X$3:X65) -> 943.13205 | AB65: =Z65*Return!F65*100 -> 0 | AD65: =SUM($AB$3:AB65)+SUM($AC$3:AC65) -> 0 | AE65: =Q65+W65+AD65-Y65 -> #NAME? | AF65: =AE65/$AI$1+1 -> #NAME? | AG65: =(AF65/AF64-1)-中国_中债国债到期收益率_1年!H65%/252 -> #NAME? | AH65: =MIN((AF65-MAX($AF$3:AF65))/MAX($AF$3:AF65),0) -> #NAME?
A66: 44804 | B66: 20 | C66: 30 | D66: 30 | F66: =SUM(B66:E66) -> 80 | G66: =B66 -> 20 | H66: =5*C66 -> 150 | I66: =9*D66 -> 270 | J66: =16*E66 -> 0 | K66: =SUM(G66:J66) -> 440 | L66: =G66*Return!B66*100 -> 31 | M66: =H66*Return!C66*100 -> 88.5 | N66: =I66*Return!D66*100 -> 256.5 | O66: =J66*Return!E66*100 -> 0 | P66: =SUM(L66:O66) -> 376 | Q66: =SUM($P$3:P66) -> #NAME? | R66: =B66*中国_中债国债到期收益率_1年!B65/365*100 -> 9.5375342 | S66: =C66*中国_中债国债到期收益率_1年!C65/365*100 -> 19.784384 | T66: =D66*中国_中债国债到期收益率_1年!D65/365*100 -> 21.476712 | U66: =E66*中国_中债国债到期收益率_1年!E65/365*100 -> 0 | V66: =SUM(R66:U66) -> 50.79863 | W66: =SUM($V$3:V66) -> #NAME? | X66: =MAX(F66-50,0)*中国_中债国债到期收益率_1年!H66*100/365 -> 13.972603 | Y66: =SUM($X$3:X66) -> 957.10466 | AB66: =Z66*Return!F66*100 -> 0 | AD66: =SUM($AB$3:AB66)+SUM($AC$3:AC66) -> 0 | AE66: =Q66+W66+AD66-Y66 -> #NAME? | AF66: =AE66/$AI$1+1 -> #NAME? | AG66: =(AF66/AF65-1)-中国_中债国债到期收益率_1年!H66%/252 -> #NAME? | AH66: =MIN((AF66-MAX($AF$3:AF66))/MAX($AF$3:AF66),0) -> #NAME?
A67: 44805 | B67: 20 | C67: 30 | D67: 30 | F67: =SUM(B67:E67) -> 80 | G67: =B67 -> 20 | H67: =5*C67 -> 150 | I67: =9*D67 -> 270 | J67: =16*E67 -> 0 | K67: =SUM(G67:J67) -> 440 | L67: =G67*Return!B67*100 -> 5.6 | M67: =H67*Return!C67*100 -> 9 | N67: =I67*Return!D67*100 -> -256.5 | O67: =J67*Return!E67*100 -> 0 | P67: =SUM(L67:O67) -> -241.9 | Q67: =SUM($P$3:P67) -> #NAME? | R67: =B67*中国_中债国债到期收益率_1年!B66/365*100 -> 9.5221918 | S67: =C67*中国_中债国债到期收益率_1年!C66/365*100 -> 19.779452 | T67: =D67*中国_中债国债到期收益率_1年!D66/365*100 -> 21.554795 | U67: =E67*中国_中债国债到期收益率_1年!E66/365*100 -> 0 | V67: =SUM(R67:U67) -> 50.856438 | W67: =SUM($V$3:V67) -> #NAME? | X67: =MAX(F67-50,0)*中国_中债国债到期收益率_1年!H67*100/365 -> 12.328767 | Y67: =SUM($X$3:X67) -> 969.43342 | AB67: =Z67*Return!F67*100 -> 0 | AD67: =SUM($AB$3:AB67)+SUM($AC$3:AC67) -> 0 | AE67: =Q67+W67+AD67-Y67 -> #NAME? | AF67: =AE67/$AI$1+1 -> #NAME? | AG67: =(AF67/AF66-1)-中国_中债国债到期收益率_1年!H67%/252 -> #NAME? | AH67: =MIN((AF67-MAX($AF$3:AF67))/MAX($AF$3:AF67),0) -> #NAME?
A68: 44806 | B68: 20 | C68: 30 | D68: 30 | F68: =SUM(B68:E68) -> 80 | G68: =B68 -> 20 | H68: =5*C68 -> 150 | I68: =9*D68 -> 270 | J68: =16*E68 -> 0 | K68: =SUM(G68:J68) -> 440 | L68: =G68*Return!B68*100 -> 27 | M68: =H68*Return!C68*100 -> 150 | N68: =I68*Return!D68*100 -> 270 | O68: =J68*Return!E68*100 -> 0 | P68: =SUM(L68:O68) -> 447 | Q68: =SUM($P$3:P68) -> #NAME? | R68: =B68*中国_中债国债到期收益率_1年!B67/365*100 -> 9.4482192 | S68: =C68*中国_中债国债到期收益率_1年!C67/365*100 -> 19.69726 | T68: =D68*中国_中债国债到期收益率_1年!D67/365*100 -> 21.472603 | U68: =E68*中国_中债国债到期收益率_1年!E67/365*100 -> 0 | V68: =SUM(R68:U68) -> 50.618082 | W68: =SUM($V$3:V68) -> #NAME? | X68: =MAX(F68-50,0)*中国_中债国债到期收益率_1年!H68*100/365 -> 12.492329 | Y68: =SUM($X$3:X68) -> 981.92575 | AB68: =Z68*Return!F68*100 -> 0 | AD68: =SUM($AB$3:AB68)+SUM($AC$3:AC68) -> 0 | AE68: =Q68+W68+AD68-Y68 -> #NAME? | AF68: =AE68/$AI$1+1 -> #NAME? | AG68: =(AF68/AF67-1)-中国_中债国债到期收益率_1年!H68%/252 -> #NAME? | AH68: =MIN((AF68-MAX($AF$3:AF68))/MAX($AF$3:AF68),0) -> #NAME?
A69: 44809 | B69: 20 | C69: 30 | D69: 30 | F69: =SUM(B69:E69) -> 80 | G69: =B69 -> 20 | H69: =5*C69 -> 150 | I69: =9*D69 -> 270 | J69: =16*E69 -> 0 | K69: =SUM(G69:J69) -> 440 | L69: =G69*Return!B69*100 -> 10 | M69: =H69*Return!C69*100 -> -88.5 | N69: =I69*Return!D69*100 -> -272.7 | O69: =J69*Return!E69*100 -> 0 | P69: =SUM(L69:O69) -> -351.2 | Q69: =SUM($P$3:P69) -> #NAME? | R69: =B69*中国_中债国债到期收益率_1年!B68/365*100 -> 9.4208219 | S69: =C69*中国_中债国债到期收益率_1年!C68/365*100 -> 19.745753 | T69: =D69*中国_中债国债到期收益率_1年!D68/365*100 -> 21.555616 | U69: =E69*中国_中债国债到期收益率_1年!E68/365*100 -> 0 | V69: =SUM(R69:U69) -> 50.722192 | W69: =SUM($V$3:V69) -> #NAME? | X69: =MAX(F69-50,0)*中国_中债国债到期收益率_1年!H69*100/365 -> 12.328767 | Y69: =SUM($X$3:X69) -> 994.25452 | AB69: =Z69*Return!F69*100 -> 0 | AD69: =SUM($AB$3:AB69)+SUM($AC$3:AC69) -> 0 | AE69: =Q69+W69+AD69-Y69 -> #NAME? | AF69: =AE69/$AI$1+1 -> #NAME? | AG69: =(AF69/AF68-1)-中国_中债国债到期收益率_1年!H69%/252 -> #NAME? | AH69: =MIN((AF69-MAX($AF$3:AF69))/MAX($AF$3:AF69),0) -> #NAME?
A70: 44810 | B70: 20 | C70: 30 | D70: 30 | F70: =SUM(B70:E70) -> 80 | G70: =B70 -> 20 | H70: =5*C70 -> 150 | I70: =9*D70 -> 270 | J70: =16*E70 -> 0 | K70: =SUM(G70:J70) -> 440 | L70: =G70*Return!B70*100 -> 12.2 | M70: =H70*Return!C70*100 -> 213 | N70: =I70*Return!D70*100 -> 124.2 | O70: =J70*Return!E70*100 -> 0 | P70: =SUM(L70:O70) -> 349.4 | Q70: =SUM($P$3:P70) -> #NAME? | R70: =B70*中国_中债国债到期收益率_1年!B69/365*100 -> 9.3873973 | S70: =C70*中国_中债国债到期收益率_1年!C69/365*100 -> 19.629041 | T70: =D70*中国_中债国债到期收益率_1年!D69/365*100 -> 21.517808 | U70: =E70*中国_中债国债到期收益率_1年!E69/365*100 -> 0 | V70: =SUM(R70:U70) -> 50.534247 | W70: =SUM($V$3:V70) -> #NAME? | X70: =MAX(F70-50,0)*中国_中债国债到期收益率_1年!H70*100/365 -> 12.328767 | Y70: =SUM($X$3:X70) -> 1006.5833 | AB70: =Z70*Return!F70*100 -> 0 | AD70: =SUM($AB$3:AB70)+SUM($AC$3:AC70) -> 0 | AE70: =Q70+W70+AD70-Y70 -> #NAME? | AF70: =AE70/$AI$1+1 -> #NAME? | AG70: =(AF70/AF69-1)-中国_中债国债到期收益率_1年!H70%/252 -> #NAME? | AH70: =MIN((AF70-MAX($AF$3:AF70))/MAX($AF$3:AF70),0) -> #NAME?
... A82: 44827 | B82: 10 | C82: 30 | D82: 20 | F82: =SUM(B82:E82) -> 60 | G82: =B82 -> 10 | H82: =5*C82 -> 150 | I82: =9*D82 -> 180 | J82: =16*E82 -> 0 | K82: =SUM(G82:J82) -> 340 | L82: =G82*Return!B82*100 -> 5 | M82: =H82*Return!C82*100 -> -156 | N82: =I82*Return!D82*100 -> -90 | O82: =J82*Return!E82*100 -> 0 | P82: =SUM(L82:O82) -> -241 | Q82: =SUM($P$3:P82) -> #NAME? | R82: =B82*中国_中债国债到期收益率_1年!B81/365*100 -> 4.9950685 | S82: =C82*中国_中债国债到期收益率_1年!C81/365*100 -> 20.07863 | T82: =D82*中国_中债国债到期收益率_1年!D81/365*100 -> 14.521096 | U82: =E82*中国_中债国债到期收益率_1年!E81/365*100 -> 0 | V82: =SUM(R82:U82) -> 39.594795 | W82: =SUM($V$3:V82) -> #NAME? | X82: =MAX(F82-50,0)*中国_中债国债到期收益率_1年!H82*100/365 -> 4.2465753 | Y82: =SUM($X$3:X82) -> 1088.7751 | AB82: =Z82*Return!F82*100 -> 0 | AD82: =SUM($AB$3:AB82)+SUM($AC$3:AC82) -> 0 | AE82: =Q82+W82+AD82-Y82 -> #NAME? | AF82: =AE82/$AI$1+1 -> #NAME? | AG82: =(AF82/AF81-1)-中国_中债国债到期收益率_1年!H82%/252 -> #NAME? | AH82: =MIN((AF82-MAX($AF$3:AF82))/MAX($AF$3:AF82),0) -> #NAME?
A83: 44830 | B83: 10 | C83: 30 | D83: 20 | F83: =SUM(B83:E83) -> 60 | G83: =B83 -> 10 | H83: =5*C83 -> 150 | I83: =9*D83 -> 180 | J83: =16*E83 -> 0 | K83: =SUM(G83:J83) -> 340 | L83: =G83*Return!B83*100 -> -4.8 | M83: =H83*Return!C83*100 -> -388.5 | N83: =I83*Return!D83*100 -> -541.8 | O83: =J83*Return!E83*100 -> 0 | P83: =SUM(L83:O83) -> -935.1 | Q83: =SUM($P$3:P83) -> #NAME? | R83: =B83*中国_中债国债到期收益率_1年!B82/365*100 -> 5.0082192 | S83: =C83*中国_中债国债到期收益率_1年!C82/365*100 -> 20.291507 | T83: =D83*中国_中债国债到期收益率_1年!D82/365*100 -> 14.686027 | U83: =E83*中国_中债国债到期收益率_1年!E82/365*100 -> 0 | V83: =SUM(R83:U83) -> 39.985753 | W83: =SUM($V$3:V83) -> #NAME? | X83: =MAX(F83-50,0)*中国_中债国债到期收益率_1年!H83*100/365 -> 4.9041096 | Y83: =SUM($X$3:X83) -> 1093.6792 | Z83: -10 | AA83: -10 | AB83: =Z83*Return!F83*100 -> 7 | AC83: =AA83*Return!G83*100 -> 21.1 | AD83: =SUM($AB$3:AB83)+SUM($AC$3:AC83) -> 28.1 | AE83: =Q83+W83+AD83-Y83 -> #NAME? | AF83: =AE83/$AI$1+1 -> #NAME? | AG83: =(AF83/AF82-1)-中国_中债国债到期收益率_1年!H83%/252 -> #NAME? | AH83: =MIN((AF83-MAX($AF$3:AF83))/MAX($AF$3:AF83),0) -> #NAME?
A84: 44831 | B84: 10 | C84: 30 | D84: 20 | F84: =SUM(B84:E84) -> 60 | G84: =B84 -> 10 | H84: =5*C84 -> 150 | I84: =9*D84 -> 180 | J84: =16*E84 -> 0 | K84: =SUM(G84:J84) -> 340 | L84: =G84*Return!B84*100 -> -32.8 | M84: =H84*Return!C84*100 -> -648 | N84: =I84*Return!D84*100 -> -633.6 | O84: =J84*Return!E84*100 -> 0 | P84: =SUM(L84:O84) -> -1314.4 | Q84: =SUM($P$3:P84) -> #NAME? | R84: =B84*中国_中债国债到期收益率_1年!B83/365*100 -> 5.0980822 | S84: =C84*中国_中债国债到期收益率_1年!C83/365*100 -> 20.646575 | T84: =D84*中国_中债国债到期收益率_1年!D83/365*100 -> 14.878904 | U84: =E84*中国_中债国债到期收益率_1年!E83/365*100 -> 0 | V84: =SUM(R84:U84) -> 40.623562 | W84: =SUM($V$3:V84) -> #NAME? | X84: =MAX(F84-50,0)*中国_中债国债到期收益率_1年!H84*100/365 -> 3.9726027 | Y84: =SUM($X$3:X84) -> 1097.6518 | Z84: -10 | AA84: -10 | AB84: =Z84*Return!F84*100 -> 40.8 | AC84: =AA84*Return!G84*100 -> 36.1 | AD84: =SUM($AB$3:AB84)+SUM($AC$3:AC84) -> 105 | AE84: =Q84+W84+AD84-Y84 -> #NAME? | AF84: =AE84/$AI$1+1 -> #NAME? | AG84: =(AF84/AF83-1)-中国_中债国债到期收益率_1年!H84%/252 -> #NAME? | AH84: =MIN((AF84-MAX($AF$3:AF84))/MAX($AF$3:AF84),0) -> #NAME?
A85: 44832 | B85: 10 | C85: 30 | D85: 20 | F85: =SUM(B85:E85) -> 60 | G85: =B85 -> 10 | H85: =5*C85 -> 150 | I85: =9*D85 -> 180 | J85: =16*E85 -> 0 | K85: =SUM(G85:J85) -> 340 | L85: =G85*Return!B85*100 -> -10.3 | M85: =H85*Return!C85*100 -> 141 | N85: =I85*Return!D85*100 -> 185.4 | O85: =J85*Return!E85*100 -> 0 | P85: =SUM(L85:O85) -> 316.1 | Q85: =SUM($P$3:P85) -> #NAME? | R85: =B85*中国_中债国债到期收益率_1年!B84/365*100 -> 5.1263014 | S85: =C85*中国_中债国债到期收益率_1年!C84/365*100 -> 20.569315 | T85: =D85*中国_中债国债到期收益率_1年!D84/365*100 -> 14.822466 | U85: =E85*中国_中债国债到期收益率_1年!E84/365*100 -> 0 | V85: =SUM(R85:U85) -> 40.518082 | W85: =SUM($V$3:V85) -> #NAME? | X85: =MAX(F85-50,0)*中国_中债国债到期收益率_1年!H85*100/365 -> 4.6175342 | Y85: =SUM($X$3:X85) -> 1102.2693 | Z85: -10 | AA85: -10 | AB85: =Z85*Return!F85*100 -> -12.1 | AC85: =AA85*Return!G85*100 -> 7.6 | AD85: =SUM($AB$3:AB85)+SUM($AC$3:AC85) -> 100.5 | AE85: =Q85+W85+AD85-Y85 -> #NAME? | AF85: =AE85/$AI$1+1 -> #NAME? | AG85: =(AF85/AF84-1)-中国_中债国债到期收益率_1年!H85%/252 -> #NAME? | AH85: =MIN((AF85-MAX($AF$3:AF85))/MAX($AF$3:AF85),0) -> #NAME?
A86: 44833 | B86: 10 | C86: 30 | D86: 20 | F86: =SUM(B86:E86) -> 60 | G86: =B86 -> 10 | H86: =5*C86 -> 150 | I86: =9*D86 -> 180 | J86: =16*E86 -> 0 | K86: =SUM(G86:J86) -> 340 | L86: =G86*Return!B86*100 -> -31.3 | M86: =H86*Return!C86*100 -> -433.5 | N86: =I86*Return!D86*100 -> -630 | O86: =J86*Return!E86*100 -> 0 | P86: =SUM(L86:O86) -> -1094.8 | Q86: =SUM($P$3:P86) -> #NAME? | R86: =B86*中国_中债国债到期收益率_1年!B85/365*100 -> 5.2120548 | S86: =C86*中国_中债国债到期收益率_1年!C85/365*100 -> 20.806849 | T86: =D86*中国_中债国债到期收益率_1年!D85/365*100 -> 15.014247 | U86: =E86*中国_中债国债到期收益率_1年!E85/365*100 -> 0 | V86: =SUM(R86:U86) -> 41.033151 | W86: =SUM($V$3:V86) -> #NAME? | X86: =MAX(F86-50,0)*中国_中债国债到期收益率_1年!H86*100/365 -> 5.6438356 | Y86: =SUM($X$3:X86) -> 1107.9132 | Z86: -10 | AA86: -10 | AB86: =Z86*Return!F86*100 -> 1.7 | AC86: =AA86*Return!G86*100 -> 14.5 | AD86: =SUM($AB$3:AB86)+SUM($AC$3:AC86) -> 116.7 | AE86: =Q86+W86+AD86-Y86 -> #NAME? | AF86: =AE86/$AI$1+1 -> #NAME? | AG86: =(AF86/AF85-1)-中国_中债国债到期收益率_1年!H86%/252 -> #NAME? | AH86: =MIN((AF86-MAX($AF$3:AF86))/MAX($AF$3:AF86),0) -> #NAME?
A87: 44834 | B87: 10 | C87: 30 | D87: 10 | F87: =SUM(B87:E87) -> 50 | G87: =B87 -> 10 | H87: =5*C87 -> 150 | I87: =9*D87 -> 90 | J87: =16*E87 -> 0 | K87: =SUM(G87:J87) -> 250 | L87: =G87*Return!B87*100 -> 9.4 | M87: =H87*Return!C87*100 -> -451.5 | N87: =I87*Return!D87*100 -> -90 | O87: =J87*Return!E87*100 -> 0 | P87: =SUM(L87:O87) -> -532.1 | Q87: =SUM($P$3:P87) -> #NAME? | R87: =B87*中国_中债国债到期收益率_1年!B86/365*100 -> 5.1863014 | S87: =C87*中国_中债国债到期收益率_1年!C86/365*100 -> 21.054247 | T87: =D87*中国_中债国债到期收益率_1年!D86/365*100 -> 7.5345205 | U87: =E87*中国_中债国债到期收益率_1年!E86/365*100 -> 0 | V87: =SUM(R87:U87) -> 33.775068 | W87: =SUM($V$3:V87) -> #NAME? | X87: =MAX(F87-50,0)*中国_中债国债到期收益率_1年!H87*100/365 -> 0 | Y87: =SUM($X$3:X87) -> 1107.9132 | Z87: -10 | AA87: -20 | AB87: =Z87*Return!F87*100 -> 24.4 | AC87: =AA87*Return!G87*100 -> 31.6 | AD87: =SUM($AB$3:AB87)+SUM($AC$3:AC87) -> 172.7 | AE87: =Q87+W87+AD87-Y87 -> #NAME? | AF87: =AE87/$AI$1+1 -> #NAME? | AG87: =(AF87/AF86-1)-中国_中债国债到期收益率_1年!H87%/252 -> #NAME? | AH87: =MIN((AF87-MAX($AF$3:AF87))/MAX($AF$3:AF87),0) -> #NAME?
A88: 44842 | B88: 10 | C88: 30 | D88: 10 | F88: =SUM(B88:E88) -> 50 | G88: =B88 -> 10 | H88: =5*C88 -> 150 | I88: =9*D88 -> 90 | J88: =16*E88 -> 0 | K88: =SUM(G88:J88) -> 250 | L88: =G88*Return!B88*100 -> 39.5 | M88: =H88*Return!C88*100 -> -330 | N88: =I88*Return!D88*100 -> -90 | O88: =J88*Return!E88*100 -> 0 | P88: =SUM(L88:O88) -> -380.5 | Q88: =SUM($P$3:P88) -> #NAME? | R88: =B88*中国_中债国债到期收益率_1年!B87/365*100 -> 5.0780822 | S88: =C88*中国_中债国债到期收益率_1年!C87/365*100 -> 21.235068 | T88: =D88*中国_中债国债到期收益率_1年!D87/365*100 -> 7.5619178 | U88: =E88*中国_中债国债到期收益率_1年!E87/365*100 -> 0 | V88: =SUM(R88:U88) -> 33.875068 | W88: =SUM($V$3:V88) -> #NAME? | X88: =MAX(F88-50,0)*中国_中债国债到期收益率_1年!H88*100/365 -> 0 | Y88: =SUM($X$3:X88) -> 1107.9132 | Z88: -20 | AA88: -20 | AB88: =Z88*Return!F88*100 -> 0 | AC88: =AA88*Return!G88*100 -> 49.2 | AD88: =SUM($AB$3:AB88)+SUM($AC$3:AC88) -> 221.9 | AE88: =Q88+W88+AD88-Y88 -> #NAME? | AF88: =AE88/$AI$1+1 -> #NAME? | AG88: =(AF88/AF87-1)-中国_中债国债到期收益率_1年!H88%/252 -> #NAME? | AH88: =MIN((AF88-MAX($AF$3:AF88))/MAX($AF$3:AF88),0) -> #NAME?
A89: 44843 | B89: 0 | C89: 30 | D89: 10 | F89: =SUM(B89:E89) -> 40 | G89: =B89 -> 0 | H89: =5*C89 -> 150 | I89: =9*D89 -> 90 | J89: =16*E89 -> 0 | K89: =SUM(G89:J89) -> 240 | L89: =G89*Return!B89*100 -> 0 | M89: =H89*Return!C89*100 -> 37.5 | N89: =I89*Return!D89*100 -> -22.5 | O89: =J89*Return!E89*100 -> 0 | P89: =SUM(L89:O89) -> 15 | Q89: =SUM($P$3:P89) -> #NAME? | R89: =B89*中国_中债国债到期收益率_1年!B88/365*100 -> 0 | S89: =C89*中国_中债国债到期收益率_1年!C88/365*100 -> 21.214521 | T89: =D89*中国_中债国债到期收益率_1年!D88/365*100 -> 7.5687671 | U89: =E89*中国_中债国债到期收益率_1年!E88/365*100 -> 0 | V89: =SUM(R89:U89) -> 28.783288 | W89: =SUM($V$3:V89) -> #NAME? | X89: =MAX(F89-50,0)*中国_中债国债到期收益率_1年!H89*100/365 -> 0 | Y89: =SUM($X$3:X89) -> 1107.9132 | Z89: -40 | AA89: -30 | AB89: =Z89*Return!F89*100 -> -34 | AC89: =AA89*Return!G89*100 -> -62.1 | AD89: =SUM($AB$3:AB89)+SUM($AC$3:AC89) -> 125.8 | AE89: =Q89+W89+AD89-Y89 -> #NAME? | AF89: =AE89/$AI$1+1 -> #NAME? | AG89: =(AF89/AF88-1)-中国_中债国债到期收益率_1年!H89%/252 -> #NAME? | AH89: =MIN((AF89-MAX($AF$3:AF89))/MAX($AF$3:AF89),0) -> #NAME?
A90: 44844 | B90: 0 | C90: 30 | D90: 10 | F90: =SUM(B90:E90) -> 40 | G90: =B90 -> 0 | H90: =5*C90 -> 150 | I90: =9*D90 -> 90 | J90: =16*E90 -> 0 | K90: =SUM(G90:J90) -> 240 | L90: =G90*Return!B90*100 -> 0 | M90: =H90*Return!C90*100 -> 487.5 | N90: =I90*Return!D90*100 -> 156.6 | O90: =J90*Return!E90*100 -> 0 | P90: =SUM(L90:O90) -> 644.1 | Q90: =SUM($P$3:P90) -> #NAME? | R90: =B90*中国_中债国债到期收益率_1年!B89/365*100 -> 0 | S90: =C90*中国_中债国债到期收益率_1年!C89/365*100 -> 20.947397 | T90: =D90*中国_中债国债到期收益率_1年!D89/365*100 -> 7.5210959 | U90: =E90*中国_中债国债到期收益率_1年!E89/365*100 -> 0 | V90: =SUM(R90:U90) -> 28.468493 | W90: =SUM($V$3:V90) -> #NAME? | X90: =MAX(F90-50,0)*中国_中债国债到期收益率_1年!H90*100/365 -> 0 | Y90: =SUM($X$3:X90) -> 1107.9132 | Z90: -40 | AA90: -30 | AB90: =Z90*Return!F90*100 -> -46.8 | AC90: =AA90*Return!G90*100 -> 0.9 | AD90: =SUM($AB$3:AB90)+SUM($AC$3:AC90) -> 79.9 | AE90: =Q90+W90+AD90-Y90 -> #NAME? | AF90: =AE90/$AI$1+1 -> #NAME? | AG90: =(AF90/AF89-1)-中国_中债国债到期收益率_1年!H90%/252 -> #NAME? | AH90: =MIN((AF90-MAX($AF$3:AF90))/MAX($AF$3:AF90),0) -> #NAME?
A91: 44845 | B91: 0 | C91: 30 | D91: 10 | F91: =SUM(B91:E91) -> 40 | G91: =B91 -> 0 | H91: =5*C91 -> 150 | I91: =9*D91 -> 90 | J91: =16*E91 -> 0 | K91: =SUM(G91:J91) -> 240 | L91: =G91*Return!B91*100 -> 0 | M91: =H91*Return!C91*100 -> 270 | N91: =I91*Return!D91*100 -> 45 | O91: =J91*Return!E91*100 -> 0 | P91: =SUM(L91:O91) -> 315 | Q91: =SUM($P$3:P91) -> #NAME? | R91: =B91*中国_中债国债到期收益率_1年!B90/365*100 -> 0 | S91: =C91*中国_中债国债到期收益率_1年!C90/365*100 -> 20.799452 | T91: =D91*中国_中债国债到期收益率_1年!D90/365*100 -> 7.5073973 | U91: =E91*中国_中债国债到期收益率_1年!E90/365*100 -> 0 | V91: =SUM(R91:U91) -> 28.306849 | W91: =SUM($V$3:V91) -> #NAME? | X91: =MAX(F91-50,0)*中国_中债国债到期收益率_1年!H91*100/365 -> 0 | Y91: =SUM($X$3:X91) -> 1107.9132 | Z91: -40 | AA91: -30 | AB91: =Z91*Return!F91*100 -> -110.4 | AC91: =AA91*Return!G91*100 -> -38.7 | AD91: =SUM($AB$3:AB91)+SUM($AC$3:AC91) -> -69.2 | AE91: =Q91+W91+AD91-Y91 -> #NAME? | AF91: =AE91/$AI$1+1 -> #NAME? | AG91: =(AF91/AF90-1)-中国_中债国债到期收益率_1年!H91%/252 -> #NAME? | AH91: =MIN((AF91-MAX($AF$3:AF91))/MAX($AF$3:AF91),0) -> #NAME?
A92: 44846 | B92: 0 | C92: 30 | D92: 10 | F92: =SUM(B92:E92) -> 40 | G92: =B92 -> 0 | H92: =5*C92 -> 150 | I92: =9*D92 -> 90 | J92: =16*E92 -> 0 | K92: =SUM(G92:J92) -> 240 | L92: =G92*Return!B92*100 -> 0 | M92: =H92*Return!C92*100 -> -66 | N92: =I92*Return!D92*100 -> -21.6 | O92: =J92*Return!E92*100 -> 0 | P92: =SUM(L92:O92) -> -87.6 | Q92: =SUM($P$3:P92) -> #NAME? | R92: =B92*中国_中债国债到期收益率_1年!B91/365*100 -> 0 | S92: =C92*中国_中债国债到期收益率_1年!C91/365*100 -> 20.835616 | T92: =D92*中国_中债国债到期收益率_1年!D91/365*100 -> 7.5139726 | U92: =E92*中国_中债国债到期收益率_1年!E91/365*100 -> 0 | V92: =SUM(R92:U92) -> 28.349589 | W92: =SUM($V$3:V92) -> #NAME? | X92: =MAX(F92-50,0)*中国_中债国债到期收益率_1年!H92*100/365 -> 0 | Y92: =SUM($X$3:X92) -> 1107.9132 | Z92: -40 | AA92: -30 | AB92: =Z92*Return!F92*100 -> -13.6 | AC92: =AA92*Return!G92*100 -> -26.7 | AD92: =SUM($AB$3:AB92)+SUM($AC$3:AC92) -> -109.5 | AE92: =Q92+W92+AD92-Y92 -> #NAME? | AF92: =AE92/$AI$1+1 -> #NAME? | AG92: =(AF92/AF91-1)-中国_中债国债到期收益率_1年!H92%/252 -> #NAME? | AH92: =MIN((AF92-MAX($AF$3:AF92))/MAX($AF$3:AF92),0) -> #NAME?
A93: 44847 | B93: 0 | C93: 30 | D93: 10 | F93: =SUM(B93:E93) -> 40 | G93: =B93 -> 0 | H93: =5*C93 -> 150 | I93: =9*D93 -> 90 | J93: =16*E93 -> 0 | K93: =SUM(G93:J93) -> 240 | L93: =G93*Return!B93*100 -> 0 | M93: =H93*Return!C93*100 -> 196.5 | N93: =I93*Return!D93*100 -> 66.6 | O93: =J93*Return!E93*100 -> 0 | P93: =SUM(L93:O93) -> 263.1 | Q93: =SUM($P$3:P93) -> #NAME? | R93: =B93*中国_中债国债到期收益率_1年!B92/365*100 -> 0 | S93: =C93*中国_中债国债到期收益率_1年!C92/365*100 -> 20.727945 | T93: =D93*中国_中债国债到期收益率_1年!D92/365*100 -> 7.4936986 | U93: =E93*中国_中债国债到期收益率_1年!E92/365*100 -> 0 | V93: =SUM(R93:U93) -> 28.221644 | W93: =SUM($V$3:V93) -> #NAME? | X93: =MAX(F93-50,0)*中国_中债国债到期收益率_1年!H93*100/365 -> 0 | Y93: =SUM($X$3:X93) -> 1107.9132 | Z93: -50 | AA93: -30 | AB93: =Z93*Return!F93*100 -> -3.5 | AC93: =AA93*Return!G93*100 -> 5.1 | AD93: =SUM($AB$3:AB93)+SUM($AC$3:AC93) -> -107.9 | AE93: =Q93+W93+AD93-Y93 -> #NAME? | AF93: =AE93/$AI$1+1 -> #NAME? | AG93: =(AF93/AF92-1)-中国_中债国债到期收益率_1年!H93%/252 -> #NAME? | AH93: =MIN((AF93-MAX($AF$3:AF93))/MAX($AF$3:AF93),0) -> #NAME?
A94: 44848 | B94: 0 | C94: 30 | D94: 10 | F94: =SUM(B94:E94) -> 40 | G94: =B94 -> 0 | H94: =5*C94 -> 150 | I94: =9*D94 -> 90 | J94: =16*E94 -> 0 | K94: =SUM(G94:J94) -> 240 | L94: =G94*Return!B94*100 -> 0 | M94: =H94*Return!C94*100 -> 145.5 | N94: =I94*Return!D94*100 -> 90 | O94: =J94*Return!E94*100 -> 0 | P94: =SUM(L94:O94) -> 235.5 | Q94: =SUM($P$3:P94) -> #NAME? | R94: =B94*中国_中债国债到期收益率_1年!B93/365*100 -> 0 | S94: =C94*中国_中债国债到期收益率_1年!C93/365*100 -> 20.648219 | T94: =D94*中国_中债国债到期收益率_1年!D93/365*100 -> 7.4663014 | U94: =E94*中国_中债国债到期收益率_1年!E93/365*100 -> 0 | V94: =SUM(R94:U94) -> 28.114521 | W94: =SUM($V$3:V94) -> #NAME? | X94: =MAX(F94-50,0)*中国_中债国债到期收益率_1年!H94*100/365 -> 0 | Y94: =SUM($X$3:X94) -> 1107.9132 | Z94: -50 | AA94: -30 | AB94: =Z94*Return!F94*100 -> -54.5 | AC94: =AA94*Return!G94*100 -> -32.7 | AD94: =SUM($AB$3:AB94)+SUM($AC$3:AC94) -> -195.1 | AE94: =Q94+W94+AD94-Y94 -> #NAME? | AF94: =AE94/$AI$1+1 -> #NAME? | AG94: =(AF94/AF93-1)-中国_中债国债到期收益率_1年!H94%/252 -> #NAME? | AH94: =MIN((AF94-MAX($AF$3:AF94))/MAX($AF$3:AF94),0) -> #NAME?
... A144: 44918 | B144: 0 | C144: 10 | D144: 0 | F144: =SUM(B144:E144) -> 10 | G144: =B144 -> 0 | H144: =5*C144 -> 50 | I144: =9*D144 -> 0 | J144: =16*E144 -> 0 | K144: =SUM(G144:J144) -> 50 | L144: =G144*Return!B144*100 -> 0 | M144: =H144*Return!C144*100 -> 98 | N144: =I144*Return!D144*100 -> 0 | O144: =J144*Return!E144*100 -> 0 | P144: =SUM(L144:O144) -> 98 | Q144: =SUM($P$3:P144) -> #NAME? | R144: =B144*中国_中债国债到期收益率_1年!B143/365*100 -> 0 | S144: =C144*中国_中债国债到期收益率_1年!C143/365*100 -> 7.2372603 | T144: =D144*中国_中债国债到期收益率_1年!D143/365*100 -> 0 | U144: =E144*中国_中债国债到期收益率_1年!E143/365*100 -> 0 | V144: =SUM(R144:U144) -> 7.2372603 | W144: =SUM($V$3:V144) -> #NAME? | X144: =MAX(F144-50,0)*中国_中债国债到期收益率_1年!H144*100/365 -> 0 | Y144: =SUM($X$3:X144) -> 1107.9132 | Z144: 0 | AA144: 0 | AB144: =Z144*Return!F144*100 -> 0 | AC144: =AA144*Return!G144*100 -> 0 | AD144: =SUM($AB$3:AB144)+SUM($AC$3:AC144) -> 2241.8 | AE144: =Q144+W144+AD144-Y144 -> #NAME? | AF144: =AE144/$AI$1+1 -> #NAME? | AG144: =(AF144/AF143-1)-中国_中债国债到期收益率_1年!H144%/252 -> #NAME? | AH144: =MIN((AF144-MAX($AF$3:AF144))/MAX($AF$3:AF144),0) -> #NAME?
A145: 44921 | B145: 0 | C145: 10 | D145: 0 | F145: =SUM(B145:E145) -> 10 | G145: =B145 -> 0 | H145: =5*C145 -> 50 | I145: =9*D145 -> 0 | J145: =16*E145 -> 0 | K145: =SUM(G145:J145) -> 50 | L145: =G145*Return!B145*100 -> 0 | M145: =H145*Return!C145*100 -> 177 | N145: =I145*Return!D145*100 -> 0 | O145: =J145*Return!E145*100 -> 0 | P145: =SUM(L145:O145) -> 177 | Q145: =SUM($P$3:P145) -> #NAME? | R145: =B145*中国_中债国债到期收益率_1年!B144/365*100 -> 0 | S145: =C145*中国_中债国债到期收益率_1年!C144/365*100 -> 7.140274 | T145: =D145*中国_中债国债到期收益率_1年!D144/365*100 -> 0 | U145: =E145*中国_中债国债到期收益率_1年!E144/365*100 -> 0 | V145: =SUM(R145:U145) -> 7.140274 | W145: =SUM($V$3:V145) -> #NAME? | X145: =MAX(F145-50,0)*中国_中债国债到期收益率_1年!H145*100/365 -> 0 | Y145: =SUM($X$3:X145) -> 1107.9132 | Z145: 0 | AA145: 0 | AB145: =Z145*Return!F147*100 -> 0 | AC145: =AA145*Return!G147*100 -> 0 | AD145: =SUM($AB$3:AB145)+SUM($AC$3:AC145) -> 2241.8 | AE145: =Q145+W145+AD145-Y145 -> #NAME? | AF145: =AE145/$AI$1+1 -> #NAME? | AG145: =(AF145/AF144-1)-中国_中债国债到期收益率_1年!H145%/252 -> #NAME? | AH145: =MIN((AF145-MAX($AF$3:AF145))/MAX($AF$3:AF145),0) -> #NAME?
A146: 44922 | B146: 0 | C146: 10 | D146: 0 | F146: =SUM(B146:E146) -> 10 | G146: =B146 -> 0 | H146: =5*C146 -> 50 | I146: =9*D146 -> 0 | J146: =16*E146 -> 0 | K146: =SUM(G146:J146) -> 50 | L146: =G146*Return!B146*100 -> 0 | M146: =H146*Return!C146*100 -> -107 | N146: =I146*Return!D146*100 -> 0 | O146: =J146*Return!E146*100 -> 0 | P146: =SUM(L146:O146) -> -107 | Q146: =SUM($P$3:P146) -> #NAME? | R146: =B146*中国_中债国债到期收益率_1年!B145/365*100 -> 0 | S146: =C146*中国_中债国债到期收益率_1年!C145/365*100 -> 7.1989041 | T146: =D146*中国_中债国债到期收益率_1年!D145/365*100 -> 0 | U146: =E146*中国_中债国债到期收益率_1年!E145/365*100 -> 0 | V146: =SUM(R146:U146) -> 7.1989041 | W146: =SUM($V$3:V146) -> #NAME? | X146: =MAX(F146-50,0)*中国_中债国债到期收益率_1年!H146*100/365 -> 0 | Y146: =SUM($X$3:X146) -> 1107.9132 | Z146: 0 | AA146: 0 | AB146: =Z146*Return!F148*100 -> 0 | AC146: =AA146*Return!G148*100 -> 0 | AD146: =SUM($AB$3:AB146)+SUM($AC$3:AC146) -> 2241.8 | AE146: =Q146+W146+AD146-Y146 -> #NAME? | AF146: =AE146/$AI$1+1 -> #NAME? | AG146: =(AF146/AF145-1)-中国_中债国债到期收益率_1年!H146%/252 -> #NAME? | AH146: =MIN((AF146-MAX($AF$3:AF146))/MAX($AF$3:AF146),0) -> #NAME?
A147: 44923 | B147: 0 | C147: 10 | D147: 0 | F147: =SUM(B147:E147) -> 10 | G147: =B147 -> 0 | H147: =5*C147 -> 50 | I147: =9*D147 -> 0 | J147: =16*E147 -> 0 | K147: =SUM(G147:J147) -> 50 | L147: =G147*Return!B147*100 -> 0 | M147: =H147*Return!C147*100 -> -213.5 | N147: =I147*Return!D147*100 -> 0 | O147: =J147*Return!E147*100 -> 0 | P147: =SUM(L147:O147) -> -213.5 | Q147: =SUM($P$3:P147) -> #NAME? | R147: =B147*中国_中债国债到期收益率_1年!B146/365*100 -> 0 | S147: =C147*中国_中债国债到期收益率_1年!C146/365*100 -> 7.3158904 | T147: =D147*中国_中债国债到期收益率_1年!D146/365*100 -> 0 | U147: =E147*中国_中债国债到期收益率_1年!E146/365*100 -> 0 | V147: =SUM(R147:U147) -> 7.3158904 | W147: =SUM($V$3:V147) -> #NAME? | X147: =MAX(F147-50,0)*中国_中债国债到期收益率_1年!H147*100/365 -> 0 | Y147: =SUM($X$3:X147) -> 1107.9132 | Z147: 0 | AA147: 0 | AB147: =Z147*Return!F149*100 -> 0 | AC147: =AA147*Return!G149*100 -> 0 | AD147: =SUM($AB$3:AB147)+SUM($AC$3:AC147) -> 2241.8 | AE147: =Q147+W147+AD147-Y147 -> #NAME? | AF147: =AE147/$AI$1+1 -> #NAME? | AG147: =(AF147/AF146-1)-中国_中债国债到期收益率_1年!H147%/252 -> #NAME? | AH147: =MIN((AF147-MAX($AF$3:AF147))/MAX($AF$3:AF147),0) -> #NAME?
A148: 44924 | B148: 10 | C148: 10 | D148: 0 | F148: =SUM(B148:E148) -> 20 | G148: =B148 -> 10 | H148: =5*C148 -> 50 | I148: =9*D148 -> 0 | J148: =16*E148 -> 0 | K148: =SUM(G148:J148) -> 60 | L148: =G148*Return!B148*100 -> 10 | M148: =H148*Return!C148*100 -> -0.5 | N148: =I148*Return!D148*100 -> 0 | O148: =J148*Return!E148*100 -> 0 | P148: =SUM(L148:O148) -> 9.5 | Q148: =SUM($P$3:P148) -> #NAME? | R148: =B148*中国_中债国债到期收益率_1年!B147/365*100 -> 6.1284932 | S148: =C148*中国_中债国债到期收益率_1年!C147/365*100 -> 7.3161644 | T148: =D148*中国_中债国债到期收益率_1年!D147/365*100 -> 0 | U148: =E148*中国_中债国债到期收益率_1年!E147/365*100 -> 0 | V148: =SUM(R148:U148) -> 13.444658 | W148: =SUM($V$3:V148) -> #NAME? | X148: =MAX(F148-50,0)*中国_中债国债到期收益率_1年!H148*100/365 -> 0 | Y148: =SUM($X$3:X148) -> 1107.9132 | AB148: =Z148*Return!F152*100 -> 0 | AC148: =AA148*Return!G152*100 -> 0 | AD148: =SUM($AB$3:AB148)+SUM($AC$3:AC148) -> 2241.8 | AE148: =Q148+W148+AD148-Y148 -> #NAME? | AF148: =AE148/$AI$1+1 -> #NAME? | AG148: =(AF148/AF147-1)-中国_中债国债到期收益率_1年!H148%/252 -> #NAME? | AH148: =MIN((AF148-MAX($AF$3:AF148))/MAX($AF$3:AF148),0) -> #NAME?
A149: 44925 | B149: 10 | C149: 10 | F149: =SUM(B149:E149) -> 20 | G149: =B149 -> 10 | H149: =5*C149 -> 50 | I149: =9*D149 -> 0 | J149: =16*E149 -> 0 | K149: =SUM(G149:J149) -> 60 | L149: =G149*Return!B149*100 -> 70 | M149: =H149*Return!C149*100 -> 161 | N149: =I149*Return!D149*100 -> 0 | O149: =J149*Return!E149*100 -> 0 | P149: =SUM(L149:O149) -> 231 | Q149: =SUM($P$3:P149) -> #NAME? | R149: =B149*中国_中债国债到期收益率_1年!B148/365*100 -> 5.9367123 | S149: =C149*中国_中债国债到期收益率_1年!C148/365*100 -> 7.2279452 | T149: =D149*中国_中债国债到期收益率_1年!D148/365*100 -> 0 | U149: =E149*中国_中债国债到期收益率_1年!E148/365*100 -> 0 | V149: =SUM(R149:U149) -> 13.164658 | W149: =SUM($V$3:V149) -> #NAME? | X149: =MAX(F149-50,0)*中国_中债国债到期收益率_1年!H149*100/365 -> 0 | Y149: =SUM($X$3:X149) -> 1107.9132 | AB149: =Z149*Return!F153*100 -> 0 | AC149: =AA149*Return!G153*100 -> 0 | AD149: =SUM($AB$3:AB149)+SUM($AC$3:AC149) -> 2241.8 | AE149: =Q149+W149+AD149-Y149 -> #NAME? | AF149: =AE149/$AI$1+1 -> #NAME? | AG149: =(AF149/AF148-1)-中国_中债国债到期收益率_1年!H149%/252 -> #NAME? | AH149: =MIN((AF149-MAX($AF$3:AF149))/MAX($AF$3:AF149),0) -> #NAME?
A150: 44926 | B150: 10 | C150: 10 | F150: =SUM(B150:E150) -> 20 | G150: =B150 -> 10 | H150: =5*C150 -> 50 | I150: =9*D150 -> 0 | J150: =16*E150 -> 0 | K150: =SUM(G150:J150) -> 60 | L150: =G150*Return!B150*100 -> 70 | M150: =H150*Return!C150*100 -> -32 | N150: =I150*Return!D150*100 -> 0 | O150: =J150*Return!E150*100 -> 0 | P150: =SUM(L150:O150) -> 38 | Q150: =SUM($P$3:P150) -> #NAME? | R150: =B150*中国_中债国债到期收益率_1年!B149/365*100 -> 5.7449315 | S150: =C150*中国_中债国债到期收益率_1年!C149/365*100 -> 7.2454795 | T150: =D150*中国_中债国债到期收益率_1年!D149/365*100 -> 0 | U150: =E150*中国_中债国债到期收益率_1年!E149/365*100 -> 0 | V150: =SUM(R150:U150) -> 12.990411 | W150: =SUM($V$3:V150) -> #NAME? | X150: =MAX(F150-50,0)*中国_中债国债到期收益率_1年!H150*100/365 -> 0 | Y150: =SUM($X$3:X150) -> 1107.9132 | AB150: =Z150*Return!F154*100 -> 0 | AC150: =AA150*Return!G154*100 -> 0 | AD150: =SUM($AB$3:AB150)+SUM($AC$3:AC150) -> 2241.8 | AE150: =Q150+W150+AD150-Y150 -> #NAME? | AF150: =AE150/$AI$1+1 -> #NAME? | AG150: =(AF150/AF149-1)-中国_中债国债到期收益率_1年!H150%/252 -> #NAME? | AH150: =MIN((AF150-MAX($AF$3:AF150))/MAX($AF$3:AF150),0) -> #NAME?
A151: 44929 | B151: 30 | C151: 10 | F151: =SUM(B151:E151) -> 40 | G151: =B151 -> 30 | H151: =5*C151 -> 50 | I151: =9*D151 -> 0 | J151: =16*E151 -> 0 | K151: =SUM(G151:J151) -> 80 | L151: =G151*Return!B151*100 -> 0 | M151: =H151*Return!C151*100 -> 0 | N151: =I151*Return!D151*100 -> 0 | O151: =J151*Return!E151*100 -> 0 | P151: =SUM(L151:O151) -> 0 | Q151: =SUM($P$148:P151) -> 278.5 | R151: =B151*中国_中债国债到期收益率_1年!B150/365*100 -> 17.234795 | S151: =C151*中国_中债国债到期收益率_1年!C150/365*100 -> 7.2454795 | T151: =D151*中国_中债国债到期收益率_1年!D150/365*100 -> 0 | U151: =E151*中国_中债国债到期收益率_1年!E150/365*100 -> 0 | V151: =SUM(R151:U151) -> 24.480274 | W151: =SUM($V$148:V151) -> 64.08 | X151: =MAX(F151-50,0)*中国_中债国债到期收益率_1年!H151*100/365 -> 0 | Y151: =SUM($X$148:X151) -> 0 | AB151: =Z151*Return!F155*100 -> 0 | AC151: =AA151*Return!G155*100 -> 0 | AD151: =SUM($AB$148:AB151)+SUM($AC$148:AC151) -> 0 | AE151: =Q151+W151+AD151-Y151 -> 342.58 | AF151: =AE151/$AI$1+1 -> 1.0006852
A152: 44930 | B152: 30 | C152: 10 | F152: =SUM(B152:E152) -> 40 | G152: =B152 -> 30 | H152: =5*C152 -> 50 | I152: =9*D152 -> 0 | J152: =16*E152 -> 0 | K152: =SUM(G152:J152) -> 80 | L152: =G152*Return!B152*100 -> -45.3 | M152: =H152*Return!C152*100 -> 74 | N152: =I152*Return!D152*100 -> 0 | O152: =J152*Return!E152*100 -> 0 | P152: =SUM(L152:O152) -> 28.7 | Q152: =SUM($P$148:P152) -> 307.2 | R152: =B152*中国_中债国债到期收益率_1年!B151/365*100 -> 17.358904 | S152: =C152*中国_中债国债到期收益率_1年!C151/365*100 -> 7.2049315 | T152: =D152*中国_中债国债到期收益率_1年!D151/365*100 -> 0 | U152: =E152*中国_中债国债到期收益率_1年!E151/365*100 -> 0 | V152: =SUM(R152:U152) -> 24.563836 | W152: =SUM($V$148:V152) -> 88.643836 | X152: =MAX(F152-50,0)*中国_中债国债到期收益率_1年!H152*100/365 -> 0 | Y152: =SUM($X$148:X152) -> 0 | AB152: =Z152*Return!F156*100 -> 0 | AC152: =AA152*Return!G156*100 -> 0 | AD152: =SUM($AB$148:AB152)+SUM($AC$148:AC152) -> 0 | AE152: =Q152+W152+AD152-Y152 -> 395.84384 | AF152: =AE152/$AI$1+1 -> 1.0007917 | AG152: =(AF152/AF151-1)-中国_中债国债到期收益率_1年!H152%/252 -> 3.8994415e-05 | AH152: =MIN((AF152-MAX($AF$151:AF152))/MAX($AF$151:AF152),0) -> 0
A153: 44931 | B153: 30 | C153: 10 | F153: =SUM(B153:E153) -> 40 | G153: =B153 -> 30 | H153: =5*C153 -> 50 | I153: =9*D153 -> 0 | J153: =16*E153 -> 0 | K153: =SUM(G153:J153) -> 80 | L153: =G153*Return!B153*100 -> 135 | M153: =H153*Return!C153*100 -> 113.5 | N153: =I153*Return!D153*100 -> 0 | O153: =J153*Return!E153*100 -> 0 | P153: =SUM(L153:O153) -> 248.5 | Q153: =SUM($P$148:P153) -> 555.7 | R153: =B153*中国_中债国债到期收益率_1年!B152/365*100 -> 16.989041 | S153: =C153*中国_中债国债到期收益率_1年!C152/365*100 -> 7.1427397 | T153: =D153*中国_中债国债到期收益率_1年!D152/365*100 -> 0 | U153: =E153*中国_中债国债到期收益率_1年!E152/365*100 -> 0 | V153: =SUM(R153:U153) -> 24.131781 | W153: =SUM($V$148:V153) -> 112.77562 | X153: =MAX(F153-50,0)*中国_中债国债到期收益率_1年!H153*100/365 -> 0 | Y153: =SUM($X$148:X153) -> 0 | AB153: =Z153*Return!F157*100 -> 0 | AC153: =AA153*Return!G157*100 -> 0 | AD153: =SUM($AB$148:AB153)+SUM($AC$148:AC153) -> 0 | AE153: =Q153+W153+AD153-Y153 -> 668.47562 | AF153: =AE153/$AI$1+1 -> 1.001337 | AG153: =(AF153/AF152-1)-中国_中债国债到期收益率_1年!H153%/252 -> 0.00047737191 | AH153: =MIN((AF153-MAX($AF$151:AF153))/MAX($AF$151:AF153),0) -> 0
A154: 44932 | B154: 40 | C154: 10 | F154: =SUM(B154:E154) -> 50 | G154: =B154 -> 40 | H154: =5*C154 -> 50 | I154: =9*D154 -> 0 | J154: =16*E154 -> 0 | K154: =SUM(G154:J154) -> 90 | L154: =G154*Return!B154*100 -> -60 | M154: =H154*Return!C154*100 -> -89.5 | N154: =I154*Return!D154*100 -> 0 | O154: =J154*Return!E154*100 -> 0 | P154: =SUM(L154:O154) -> -149.5 | Q154: =SUM($P$148:P154) -> 406.2 | R154: =B154*中国_中债国债到期收益率_1年!B153/365*100 -> 22.816438 | S154: =C154*中国_中债国债到期收益率_1年!C153/365*100 -> 7.1917808 | T154: =D154*中国_中债国债到期收益率_1年!D153/365*100 -> 0 | U154: =E154*中国_中债国债到期收益率_1年!E153/365*100 -> 0 | V154: =SUM(R154:U154) -> 30.008219 | W154: =SUM($V$148:V154) -> 142.78384 | X154: =MAX(F154-50,0)*中国_中债国债到期收益率_1年!H154*100/365 -> 0 | Y154: =SUM($X$148:X154) -> 0 | AA154: -20 | AB154: =Z154*Return!F158*100 -> 0 | AC154: =AA154*Return!G158*100 -> 29.6 | AD154: =SUM($AB$148:AB154)+SUM($AC$148:AC154) -> 29.6 | AE154: =Q154+W154+AD154-Y154 -> 578.58384 | AF154: =AE154/$AI$1+1 -> 1.0011572 | AG154: =(AF154/AF153-1)-中国_中债国债到期收益率_1年!H154%/252 -> -0.00024898797 | AH154: =MIN((AF154-MAX($AF$151:AF154))/MAX($AF$151:AF154),0) -> -0.00017954352
A155: 44935 | B155: 40 | C155: 10 | F155: =SUM(B155:E155) -> 50 | G155: =B155 -> 40 | H155: =5*C155 -> 50 | I155: =9*D155 -> 0 | J155: =16*E155 -> 0 | K155: =SUM(G155:J155) -> 90 | L155: =G155*Return!B155*100 -> -60 | M155: =H155*Return!C155*100 -> -122.5 | N155: =I155*Return!D155*100 -> 0 | O155: =J155*Return!E155*100 -> 0 | P155: =SUM(L155:O155) -> -182.5 | Q155: =SUM($P$148:P155) -> 223.7 | R155: =B155*中国_中债国债到期收益率_1年!B154/365*100 -> 22.980822 | S155: =C155*中国_中债国债到期收益率_1年!C154/365*100 -> 7.2589041 | T155: =D155*中国_中债国债到期收益率_1年!D154/365*100 -> 0 | U155: =E155*中国_中债国债到期收益率_1年!E154/365*100 -> 0 | V155: =SUM(R155:U155) -> 30.239726 | W155: =SUM($V$148:V155) -> 173.02356 | X155: =MAX(F155-50,0)*中国_中债国债到期收益率_1年!H155*100/365 -> 0 | Y155: =SUM($X$148:X155) -> 0 | AA155: -30 | AB155: =Z155*Return!F159*100 -> 0 | AC155: =AA155*Return!G159*100 -> -34.5 | AD155: =SUM($AB$148:AB155)+SUM($AC$148:AC155) -> -4.9 | AE155: =Q155+W155+AD155-Y155 -> 391.82356 | AF155: =AE155/$AI$1+1 -> 1.0007836 | AG155: =(AF155/AF154-1)-中国_中债国债到期收益率_1年!H155%/252 -> -0.00044650152 | AH155: =MIN((AF155-MAX($AF$151:AF155))/MAX($AF$151:AF155),0) -> -0.00055256536
A156: 44936 | B156: 40 | C156: 10 | F156: =SUM(B156:E156) -> 50 | G156: =B156 -> 40 | H156: =5*C156 -> 50 | I156: =9*D156 -> 0 | J156: =16*E156 -> 0 | K156: =SUM(G156:J156) -> 90 | L156: =G156*Return!B156*100 -> -10.4 | M156: =H156*Return!C156*100 -> -77 | N156: =I156*Return!D156*100 -> 0 | O156: =J156*Return!E156*100 -> 0 | P156: =SUM(L156:O156) -> -87.4 | Q156: =SUM($P$148:P156) -> 136.3 | R156: =B156*中国_中债国债到期收益率_1年!B155/365*100 -> 23.009315 | S156: =C156*中国_中债国债到期收益率_1年!C155/365*100 -> 7.3010959 | T156: =D156*中国_中债国债到期收益率_1年!D155/365*100 -> 0 | U156: =E156*中国_中债国债到期收益率_1年!E155/365*100 -> 0 | V156: =SUM(R156:U156) -> 30.310411 | W156: =SUM($V$148:V156) -> 203.33397 | X156: =MAX(F156-50,0)*中国_中债国债到期收益率_1年!H156*100/365 -> 0 | Y156: =SUM($X$148:X156) -> 0 | AA156: -50 | AB156: =Z156*Return!F160*100 -> 0 | AC156: =AA156*Return!G160*100 -> 122.5 | AD156: =SUM($AB$148:AB156)+SUM($AC$148:AC156) -> 117.6 | AE156: =Q156+W156+AD156-Y156 -> 457.23397 | AF156: =AE156/$AI$1+1 -> 1.0009145 | AG156: =(AF156/AF155-1)-中国_中债国债到期收益率_1年!H156%/252 -> 5.2146956e-05 | AH156: =MIN((AF156-MAX($AF$151:AF156))/MAX($AF$151:AF156),0) -> -0.0004219192
A157: 44937 | B157: 40 | C157: 10 | F157: =SUM(B157:E157) -> 50 | G157: =B157 -> 40 | H157: =5*C157 -> 50 | I157: =9*D157 -> 0 | J157: =16*E157 -> 0 | K157: =SUM(G157:J157) -> 90 | L157: =G157*Return!B157*100 -> -89.6 | M157: =H157*Return!C157*100 -> -227.5 | N157: =I157*Return!D157*100 -> 0 | O157: =J157*Return!E157*100 -> 0 | P157: =SUM(L157:O157) -> -317.1 | Q157: =SUM($P$148:P157) -> -180.8 | R157: =B157*中国_中债国债到期收益率_1年!B156/365*100 -> 23.254795 | S157: =C157*中国_中债国债到期收益率_1年!C156/365*100 -> 7.4257534 | T157: =D157*中国_中债国债到期收益率_1年!D156/365*100 -> 0 | U157: =E157*中国_中债国债到期收益率_1年!E156/365*100 -> 0 | V157: =SUM(R157:U157) -> 30.680548 | W157: =SUM($V$148:V157) -> 234.01452 | X157: =MAX(F157-50,0)*中国_中债国债到期收益率_1年!H157*100/365 -> 0 | Y157: =SUM($X$148:X157) -> 0 | AA157: -50 | AB157: =Z157*Return!F161*100 -> 0 | AC157: =AA157*Return!G161*100 -> 279 | AD157: =SUM($AB$148:AB157)+SUM($AC$148:AC157) -> 396.6 | AE157: =Q157+W157+AD157-Y157 -> 449.81452 | AF157: =AE157/$AI$1+1 -> 1.0008996 | AG157: =(AF157/AF156-1)-中国_中债国债到期收益率_1年!H157%/252 -> -0.00010609519 | AH157: =MIN((AF157-MAX($AF$151:AF157))/MAX($AF$151:AF157),0) -> -0.00043673829
A158: 44938 | B158: 40 | C158: 10 | F158: =SUM(B158:E158) -> 50 | G158: =B158 -> 40 | H158: =5*C158 -> 50 | I158: =9*D158 -> 0 | J158: =16*E158 -> 0 | K158: =SUM(G158:J158) -> 90 | L158: =G158*Return!B158*100 -> -20 | M158: =H158*Return!C158*100 -> 57.5 | N158: =I158*Return!D158*100 -> 0 | O158: =J158*Return!E158*100 -> 0 | P158: =SUM(L158:O158) -> 37.5 | Q158: =SUM($P$148:P158) -> -143.3 | R158: =B158*中国_中债国债到期收益率_1年!B157/365*100 -> 23.309589 | S158: =C158*中国_中债国债到期收益率_1年!C157/365*100 -> 7.3942466 | T158: =D158*中国_中债国债到期收益率_1年!D157/365*100 -> 0 | U158: =E158*中国_中债国债到期收益率_1年!E157/365*100 -> 0 | V158: =SUM(R158:U158) -> 30.703836 | W158: =SUM($V$148:V158) -> 264.71836 | X158: =MAX(F158-50,0)*中国_中债国债到期收益率_1年!H158*100/365 -> 0 | Y158: =SUM($X$148:X158) -> 0 | AA158: -50 | AB158: =Z158*Return!F162*100 -> 0 | AC158: =AA158*Return!G162*100 -> -9 | AD158: =SUM($AB$148:AB158)+SUM($AC$148:AC158) -> 387.6 | AE158: =Q158+W158+AD158-Y158 -> 509.01836 | AF158: =AE158/$AI$1+1 -> 1.001018 | AG158: =(AF158/AF157-1)-中国_中债国债到期收益率_1年!H158%/252 -> 3.0999657e-05 | AH158: =MIN((AF158-MAX($AF$151:AF158))/MAX($AF$151:AF158),0) -> -0.00031848872
A159: 44939 | B159: 40 | C159: 10 | F159: =SUM(B159:E159) -> 50 | G159: =B159 -> 40 | H159: =5*C159 -> 50 | I159: =9*D159 -> 0 | J159: =16*E159 -> 0 | K159: =SUM(G159:J159) -> 90 | L159: =G159*Return!B159*100 -> 120 | M159: =H159*Return!C159*100 -> 7.5 | N159: =I159*Return!D159*100 -> 0 | O159: =J159*Return!E159*100 -> 0 | P159: =SUM(L159:O159) -> 127.5 | Q159: =SUM($P$148:P159) -> -15.8 | R159: =B159*中国_中债国债到期收益率_1年!B158/365*100 -> 22.980822 | S159: =C159*中国_中债国债到期收益率_1年!C158/365*100 -> 7.390137 | T159: =D159*中国_中债国债到期收益率_1年!D158/365*100 -> 0 | U159: =E159*中国_中债国债到期收益率_1年!E158/365*100 -> 0 | V159: =SUM(R159:U159) -> 30.370959 | W159: =SUM($V$148:V159) -> 295.08932 | X159: =MAX(F159-50,0)*中国_中债国债到期收益率_1年!H159*100/365 -> 0 | Y159: =SUM($X$148:X159) -> 0 | AA159: -50 | AB159: =Z159*Return!F163*100 -> 0 | AC159: =AA159*Return!G163*100 -> -40 | AD159: =SUM($AB$148:AB159)+SUM($AC$148:AC159) -> 347.6 | AE159: =Q159+W159+AD159-Y159 -> 626.88932 | AF159: =AE159/$AI$1+1 -> 1.0012538 | AG159: =(AF159/AF158-1)-中国_中债国债到期收益率_1年!H159%/252 -> 0.00015812122 | AH159: =MIN((AF159-MAX($AF$151:AF159))/MAX($AF$151:AF159),0) -> -8.3061553e-05
A160: 44942 | B160: 40 | C160: 10 | F160: =SUM(B160:E160) -> 50 | G160: =B160 -> 40 | H160: =5*C160 -> 50 | I160: =9*D160 -> 0 | J160: =16*E160 -> 0 | K160: =SUM(G160:J160) -> 90 | L160: =G160*Return!B160*100 -> 0 | M160: =H160*Return!C160*100 -> -61 | N160: =I160*Return!D160*100 -> 0 | O160: =J160*Return!E160*100 -> 0 | P160: =SUM(L160:O160) -> -61 | Q160: =SUM($P$148:P160) -> -76.8 | R160: =B160*中国_中债国债到期收益率_1年!B159/365*100 -> 22.980822 | S160: =C160*中国_中债国债到期收益率_1年!C159/365*100 -> 7.4235616 | T160: =D160*中国_中债国债到期收益率_1年!D159/365*100 -> 0 | U160: =E160*中国_中债国债到期收益率_1年!E159/365*100 -> 0 | V160: =SUM(R160:U160) -> 30.404384 | W160: =SUM($V$148:V160) -> 325.4937 | X160: =MAX(F160-50,0)*中国_中债国债到期收益率_1年!H160*100/365 -> 0 | Y160: =SUM($X$148:X160) -> 0 | AA160: -20 | AB160: =Z160*Return!F164*100 -> 0 | AC160: =AA160*Return!G164*100 -> 49.8 | AD160: =SUM($AB$148:AB160)+SUM($AC$148:AC160) -> 397.4 | AE160: =Q160+W160+AD160-Y160 -> 646.0937 | AF160: =AE160/$AI$1+1 -> 1.0012922 | AG160: =(AF160/AF159-1)-中国_中债国债到期收益率_1年!H160%/252 -> -4.6956789e-05 | AH160: =MIN((AF160-MAX($AF$151:AF160))/MAX($AF$151:AF160),0) -> -4.4704068e-05
A161: 44943 | B161: 40 | C161: 10 | F161: =SUM(B161:E161) -> 50 | G161: =B161 -> 40 | H161: =5*C161 -> 50 | I161: =9*D161 -> 0 | J161: =16*E161 -> 0 | K161: =SUM(G161:J161) -> 90 | L161: =G161*Return!B161*100 -> -120 | M161: =H161*Return!C161*100 -> -237.5 | N161: =I161*Return!D161*100 -> 0 | O161: =J161*Return!E161*100 -> 0 | P161: =SUM(L161:O161) -> -357.5 | Q161: =SUM($P$148:P161) -> -434.3 | R161: =B161*中国_中债国债到期收益率_1年!B160/365*100 -> 23.309589 | S161: =C161*中国_中债国债到期收益率_1年!C160/365*100 -> 7.5536986 | T161: =D161*中国_中债国债到期收益率_1年!D160/365*100 -> 0 | U161: =E161*中国_中债国债到期收益率_1年!E160/365*100 -> 0 | V161: =SUM(R161:U161) -> 30.863288 | W161: =SUM($V$148:V161) -> 356.35699 | X161: =MAX(F161-50,0)*中国_中债国债到期收益率_1年!H161*100/365 -> 0 | Y161: =SUM($X$148:X161) -> 0 | AA161: -20 | AB161: =Z161*Return!F165*100 -> 0 | AC161: =AA161*Return!G165*100 -> -11.4 | AD161: =SUM($AB$148:AB161)+SUM($AC$148:AC161) -> 386 | AE161: =Q161+W161+AD161-Y161 -> 308.05699 | AF161: =AE161/$AI$1+1 -> 1.0006161 | AG161: =(AF161/AF160-1)-中国_中债国债到期收益率_1年!H161%/252 -> -0.00077837554 | AH161: =MIN((AF161-MAX($AF$151:AF161))/MAX($AF$151:AF161),0) -> -0.00071987482
A162: 44944 | B162: 40 | C162: 10 | F162: =SUM(B162:E162) -> 50 | G162: =B162 -> 40 | H162: =5*C162 -> 50 | I162: =9*D162 -> 0 | J162: =16*E162 -> 0 | K162: =SUM(G162:J162) -> 90 | L162: =G162*Return!B162*100 -> 0 | M162: =H162*Return!C162*100 -> 112.5 | N162: =I162*Return!D162*100 -> 0 | O162: =J162*Return!E162*100 -> 0 | P162: =SUM(L162:O162) -> 112.5 | Q162: =SUM($P$148:P162) -> -321.8 | R162: =B162*中国_中债国债到期收益率_1年!B161/365*100 -> 23.309589 | S162: =C162*中国_中债国债到期收益率_1年!C161/365*100 -> 7.4920548 | T162: =D162*中国_中债国债到期收益率_1年!D161/365*100 -> 0 | U162: =E162*中国_中债国债到期收益率_1年!E161/365*100 -> 0 | V162: =SUM(R162:U162) -> 30.801644 | W162: =SUM($V$148:V162) -> 387.15863 | X162: =MAX(F162-50,0)*中国_中债国债到期收益率_1年!H162*100/365 -> 0 | Y162: =SUM($X$148:X162) -> 0 | AA162: -20 | AB162: =Z162*Return!F166*100 -> 0 | AC162: =AA162*Return!G166*100 -> 73.6 | AD162: =SUM($AB$148:AB162)+SUM($AC$148:AC162) -> 459.6 | AE162: =Q162+W162+AD162-Y162 -> 524.95863 | AF162: =AE162/$AI$1+1 -> 1.0010499 | AG162: =(AF162/AF161-1)-中国_中债国债到期收益率_1年!H162%/252 -> 0.00033036158 | AH162: =MIN((AF162-MAX($AF$151:AF162))/MAX($AF$151:AF162),0) -> -0.00028665073
A163: 44945 | B163: 40 | C163: 10 | F163: =SUM(B163:E163) -> 50 | G163: =B163 -> 40 | H163: =5*C163 -> 50 | I163: =9*D163 -> 0 | J163: =16*E163 -> 0 | K163: =SUM(G163:J163) -> 90 | L163: =G163*Return!B163*100 -> -138 | M163: =H163*Return!C163*100 -> 44.5 | N163: =I163*Return!D163*100 -> 0 | O163: =J163*Return!E163*100 -> 0 | P163: =SUM(L163:O163) -> -93.5 | Q163: =SUM($P$148:P163) -> -415.3 | R163: =B163*中国_中债国债到期收益率_1年!B162/365*100 -> 23.687671 | S163: =C163*中国_中债国债到期收益率_1年!C162/365*100 -> 7.4676712 | T163: =D163*中国_中债国债到期收益率_1年!D162/365*100 -> 0 | U163: =E163*中国_中债国债到期收益率_1年!E162/365*100 -> 0 | V163: =SUM(R163:U163) -> 31.155342 | W163: =SUM($V$148:V163) -> 418.31397 | X163: =MAX(F163-50,0)*中国_中债国债到期收益率_1年!H163*100/365 -> 0 | Y163: =SUM($X$148:X163) -> 0 | AB163: =Z163*Return!F167*100 -> 0 | AC163: =AA163*Return!G167*100 -> 0 | AD163: =SUM($AB$148:AB163)+SUM($AC$148:AC163) -> 459.6 | AE163: =Q163+W163+AD163-Y163 -> 462.61397 | AF163: =AE163/$AI$1+1 -> 1.0009252 | AG163: =(AF163/AF162-1)-中国_中债国债到期收益率_1年!H163%/252 -> -0.00021979663 | AH163: =MIN((AF163-MAX($AF$151:AF163))/MAX($AF$151:AF163),0) -> -0.00041117357
A164: 44946 | B164: 40 | C164: 10 | F164: =SUM(B164:E164) -> 50 | G164: =B164 -> 40 | H164: =5*C164 -> 50 | I164: =9*D164 -> 0 | J164: =16*E164 -> 0 | K164: =SUM(G164:J164) -> 90 | L164: =G164*Return!B164*100 -> -24.8 | M164: =H164*Return!C164*100 -> 23.5 | N164: =I164*Return!D164*100 -> 0 | O164: =J164*Return!E164*100 -> 0 | P164: =SUM(L164:O164) -> -1.3 | Q164: =SUM($P$148:P164) -> -416.6 | R164: =B164*中国_中债国债到期收益率_1年!B163/365*100 -> 23.755616 | S164: =C164*中国_中债国债到期收益率_1年!C163/365*100 -> 7.4547945 | T164: =D164*中国_中债国债到期收益率_1年!D163/365*100 -> 0 | U164: =E164*中国_中债国债到期收益率_1年!E163/365*100 -> 0 | V164: =SUM(R164:U164) -> 31.210411 | W164: =SUM($V$148:V164) -> 449.52438 | X164: =MAX(F164-50,0)*中国_中债国债到期收益率_1年!H164*100/365 -> 0 | Y164: =SUM($X$148:X164) -> 0 | Z164: 20 | AC164: =AA164*Return!G168*100 -> 0 | AD164: =SUM($AB$148:AB164)+SUM($AC$148:AC164) -> 459.6 | AE164: =Q164+W164+AD164-Y164 -> 492.52438 | AF164: =AE164/$AI$1+1 -> 1.000985 | AG164: =(AF164/AF163-1)-中国_中债国债到期收益率_1年!H164%/252 -> -1.9599554e-05 | AH164: =MIN((AF164-MAX($AF$151:AF164))/MAX($AF$151:AF164),0) -> -0.00035143262
A165: 44954 | B165: 40 | C165: 10 | F165: =SUM(B165:E165) -> 50 | G165: =B165 -> 40 | H165: =5*C165 -> 50 | I165: =9*D165 -> 0 | J165: =16*E165 -> 0 | K165: =SUM(G165:J165) -> 90 | L165: =G165*Return!B165*100 -> 11.6 | M165: =H165*Return!C165*100 -> -39 | N165: =I165*Return!D165*100 -> 0 | O165: =J165*Return!E165*100 -> 0 | P165: =SUM(L165:O165) -> -27.4 | Q165: =SUM($P$148:P165) -> -444 | R165: =B165*中国_中债国债到期收益率_1年!B164/365*100 -> 23.723836 | S165: =C165*中国_中债国债到期收益率_1年!C164/365*100 -> 7.4761644 | T165: =D165*中国_中债国债到期收益率_1年!D164/365*100 -> 0 | U165: =E165*中国_中债国债到期收益率_1年!E164/365*100 -> 0 | V165: =SUM(R165:U165) -> 31.2 | W165: =SUM($V$148:V165) -> 480.72438 | X165: =MAX(F165-50,0)*中国_中债国债到期收益率_1年!H165*100/365 -> 0 | Y165: =SUM($X$148:X165) -> 0 | Z165: 20 | AA165: 0 | AB165: =Z165*Return!F169*100 -> 27.8 | AC165: =AA165*Return!G169*100 -> 0 | AD165: =SUM($AB$148:AB165)+SUM($AC$148:AC165) -> 487.4 | AE165: =Q165+W165+AD165-Y165 -> 524.12438 | AF165: =AE165/$AI$1+1 -> 1.0010482 | AG165: =(AF165/AF164-1)-中国_中债国债到期收益率_1年!H165%/252 -> -1.4243146e-05 | AH165: =MIN((AF165-MAX($AF$151:AF165))/MAX($AF$151:AF165),0) -> -0.000288317
A166: 44955 | B166: 40 | C166: 10 | F166: =SUM(B166:E166) -> 50 | G166: =B166 -> 40 | H166: =5*C166 -> 50 | I166: =9*D166 -> 0 | J166: =16*E166 -> 0 | K166: =SUM(G166:J166) -> 90 | L166: =G166*Return!B166*100 -> 60.8 | M166: =H166*Return!C166*100 -> 2.5 | N166: =I166*Return!D166*100 -> 0 | O166: =J166*Return!E166*100 -> 0 | P166: =SUM(L166:O166) -> 63.3 | Q166: =SUM($P$148:P166) -> -380.7 | R166: =B166*中国_中债国债到期收益率_1年!B165/365*100 -> 23.55726 | S166: =C166*中国_中债国债到期收益率_1年!C165/365*100 -> 7.4747945 | T166: =D166*中国_中债国债到期收益率_1年!D165/365*100 -> 0 | U166: =E166*中国_中债国债到期收益率_1年!E165/365*100 -> 0 | V166: =SUM(R166:U166) -> 31.032055 | W166: =SUM($V$148:V166) -> 511.75644 | X166: =MAX(F166-50,0)*中国_中债国债到期收益率_1年!H166*100/365 -> 0 | Y166: =SUM($X$148:X166) -> 0 | Z166: 20 | AA166: 0 | AB166: =Z166*Return!F170*100 -> 10.8 | AC166: =AA166*Return!G170*100 -> 0 | AD166: =SUM($AB$148:AB166)+SUM($AC$148:AC166) -> 498.2 | AE166: =Q166+W166+AD166-Y166 -> 629.25644 | AF166: =AE166/$AI$1+1 -> 1.0012585 | AG166: =(AF166/AF165-1)-中国_中债国债到期收益率_1年!H166%/252 -> 0.0001364725 | AH166: =MIN((AF166-MAX($AF$151:AF166))/MAX($AF$151:AF166),0) -> -7.8333628e-05
A167: 44956 | B167: 40 | C167: 10 | F167: =SUM(B167:E167) -> 50 | G167: =B167 -> 40 | H167: =5*C167 -> 50 | I167: =9*D167 -> 0 | J167: =16*E167 -> 0 | K167: =SUM(G167:J167) -> 90 | L167: =G167*Return!B167*100 -> -9.2 | M167: =H167*Return!C167*100 -> 29 | N167: =I167*Return!D167*100 -> 0 | O167: =J167*Return!E167*100 -> 0 | P167: =SUM(L167:O167) -> 19.8 | Q167: =SUM($P$148:P167) -> -360.9 | R167: =B167*中国_中债国债到期收益率_1年!B166/365*100 -> 23.582466 | S167: =C167*中国_中债国债到期收益率_1年!C166/365*100 -> 7.4589041 | T167: =D167*中国_中债国债到期收益率_1年!D166/365*100 -> 0 | U167: =E167*中国_中债国债到期收益率_1年!E166/365*100 -> 0 | V167: =SUM(R167:U167) -> 31.04137 | W167: =SUM($V$148:V167) -> 542.79781 | X167: =MAX(F167-50,0)*中国_中债国债到期收益率_1年!H167*100/365 -> 0 | Y167: =SUM($X$148:X167) -> 0 | Z167: 20 | AA167: 0 | AB167: =Z167*Return!F171*100 -> 30.8 | AC167: =AA167*Return!G171*100 -> 0 | AD167: =SUM($AB$148:AB167)+SUM($AC$148:AC167) -> 529 | AE167: =Q167+W167+AD167-Y167 -> 710.89781 | AF167: =AE167/$AI$1+1 -> 1.0014218 | AG167: =(AF167/AF166-1)-中国_中债国债到期收益率_1年!H167%/252 -> 7.815687e-05 | AH167: =MIN((AF167-MAX($AF$151:AF167))/MAX($AF$151:AF167),0) -> 0
A168: 44957 | B168: 40 | C168: 10 | F168: =SUM(B168:E168) -> 50 | G168: =B168 -> 40 | H168: =5*C168 -> 50 | I168: =9*D168 -> 0 | J168: =16*E168 -> 0 | K168: =SUM(G168:J168) -> 90 | L168: =G168*Return!B168*100 -> -96.4 | M168: =H168*Return!C168*100 -> -6.5 | N168: =I168*Return!D168*100 -> 0 | O168: =J168*Return!E168*100 -> 0 | P168: =SUM(L168:O168) -> -102.9 | Q168: =SUM($P$148:P168) -> -463.8 | R168: =B168*中国_中债国债到期收益率_1年!B167/365*100 -> 23.846575 | S168: =C168*中国_中债国债到期收益率_1年!C167/365*100 -> 7.4624658 | T168: =D168*中国_中债国债到期收益率_1年!D167/365*100 -> 0 | U168: =E168*中国_中债国债到期收益率_1年!E167/365*100 -> 0 | V168: =SUM(R168:U168) -> 31.309041 | W168: =SUM($V$148:V168) -> 574.10685 | X168: =MAX(F168-50,0)*中国_中债国债到期收益率_1年!H168*100/365 -> 0 | Y168: =SUM($X$148:X168) -> 0 | Z168: -20 | AA168: 0 | AB168: =Z168*Return!F172*100 -> -27 | AC168: =AA168*Return!G172*100 -> 0 | AD168: =SUM($AB$148:AB168)+SUM($AC$148:AC168) -> 502 | AE168: =Q168+W168+AD168-Y168 -> 612.30685 | AF168: =AE168/$AI$1+1 -> 1.0012246 | AG168: =(AF168/AF167-1)-中国_中债国债到期收益率_1年!H168%/252 -> -0.00028420355 | AH168: =MIN((AF168-MAX($AF$151:AF168))/MAX($AF$151:AF168),0) -> -0.00019690196
A169: 44958 | B169: 40 | C169: 40 | F169: =SUM(B169:E169) -> 80 | G169: =B169 -> 40 | H169: =5*C169 -> 200 | I169: =9*D169 -> 0 | J169: =16*E169 -> 0 | K169: =SUM(G169:J169) -> 240 | L169: =G169*Return!B169*100 -> 90 | M169: =H169*Return!C169*100 -> 398 | N169: =I169*Return!D169*100 -> 0 | O169: =J169*Return!E169*100 -> 0 | P169: =SUM(L169:O169) -> 488 | Q169: =SUM($P$148:P169) -> 24.2 | R169: =B169*中国_中债国债到期收益率_1年!B168/365*100 -> 23.6 | S169: =C169*中国_中债国债到期收益率_1年!C168/365*100 -> 29.631781 | T169: =D169*中国_中债国债到期收益率_1年!D168/365*100 -> 0 | U169: =E169*中国_中债国债到期收益率_1年!E168/365*100 -> 0 | V169: =SUM(R169:U169) -> 53.231781 | W169: =SUM($V$148:V169) -> 627.33863 | X169: =MAX(F169-50,0)*中国_中债国债到期收益率_1年!H169*100/365 -> 16.849315 | Y169: =SUM($X$148:X169) -> 16.849315 | Z169: -20 | AA169: 0 | AB169: =Z169*Return!F173*100 -> 25.6 | AC169: =AA169*Return!G173*100 -> 0 | AD169: =SUM($AB$148:AB169)+SUM($AC$148:AC169) -> 527.6 | AE169: =Q169+W169+AD169-Y169 -> 1162.2893 | AF169: =AE169/$AI$1+1 -> 1.0023246 | AG169: =(AF169/AF168-1)-中国_中债国债到期收益率_1年!H169%/252 -> 0.0010172703 | AH169: =MIN((AF169-MAX($AF$151:AF169))/MAX($AF$151:AF169),0) -> 0
A170: 44959 | B170: 40 | C170: 40 | F170: =SUM(B170:E170) -> 80 | G170: =B170 -> 40 | H170: =5*C170 -> 200 | I170: =9*D170 -> 0 | J170: =16*E170 -> 0 | K170: =SUM(G170:J170) -> 240 | L170: =G170*Return!B170*100 -> -38.4 | M170: =H170*Return!C170*100 -> -104 | N170: =I170*Return!D170*100 -> 0 | O170: =J170*Return!E170*100 -> 0 | P170: =SUM(L170:O170) -> -142.4 | Q170: =SUM($P$148:P170) -> -118.2 | R170: =B170*中国_中债国债到期收益率_1年!B169/365*100 -> 23.705205 | S170: =C170*中国_中债国债到期收益率_1年!C169/365*100 -> 29.688767 | T170: =D170*中国_中债国债到期收益率_1年!D169/365*100 -> 0 | U170: =E170*中国_中债国债到期收益率_1年!E169/365*100 -> 0 | V170: =SUM(R170:U170) -> 53.393973 | W170: =SUM($V$148:V170) -> 680.7326 | X170: =MAX(F170-50,0)*中国_中债国债到期收益率_1年!H170*100/365 -> 16.849315 | Y170: =SUM($X$148:X170) -> 33.69863 | Z170: -20 | AB170: =Z170*Return!F174*100 -> 48.2 | AC170: =AA170*Return!G174*100 -> 0 | AD170: =SUM($AB$148:AB170)+SUM($AC$148:AC170) -> 575.8 | AE170: =Q170+W170+AD170-Y170 -> 1104.634 | AF170: =AE170/$AI$1+1 -> 1.0022093 | AG170: =(AF170/AF169-1)-中国_中债国债到期收益率_1年!H170%/252 -> -0.00019639246 | AH170: =MIN((AF170-MAX($AF$151:AF170))/MAX($AF$151:AF170),0) -> -0.00011504326
A171: 44960 | B171: 50 | C171: 40 | F171: =SUM(B171:E171) -> 90 | G171: =B171 -> 50 | H171: =5*C171 -> 200 | I171: =9*D171 -> 0 | J171: =16*E171 -> 0 | K171: =SUM(G171:J171) -> 250 | L171: =G171*Return!B171*100 -> 62 | M171: =H171*Return!C171*100 -> 292 | N171: =I171*Return!D171*100 -> 0 | O171: =J171*Return!E171*100 -> 0 | P171: =SUM(L171:O171) -> 354 | Q171: =SUM($P$148:P171) -> 235.8 | R171: =B171*中国_中债国债到期收益率_1年!B170/365*100 -> 29.461644 | S171: =C171*中国_中债国债到期收益率_1年!C170/365*100 -> 29.528767 | T171: =D171*中国_中债国债到期收益率_1年!D170/365*100 -> 0 | U171: =E171*中国_中债国债到期收益率_1年!E170/365*100 -> 0 | V171: =SUM(R171:U171) -> 58.990411 | W171: =SUM($V$148:V171) -> 739.72301 | X171: =MAX(F171-50,0)*中国_中债国债到期收益率_1年!H171*100/365 -> 20.821918 | Y171: =SUM($X$148:X171) -> 54.520548 | Z171: -20 | AB171: =Z171*Return!F175*100 -> 20 | AC171: =AA171*Return!G175*100 -> 0 | AD171: =SUM($AB$148:AB171)+SUM($AC$148:AC171) -> 595.8 | AE171: =Q171+W171+AD171-Y171 -> 1516.8025 | AF171: =AE171/$AI$1+1 -> 1.0030336 | AG171: =(AF171/AF170-1)-中国_中债国债到期收益率_1年!H171%/252 -> 0.00074712299 | AH171: =MIN((AF171-MAX($AF$151:AF171))/MAX($AF$151:AF171),0) -> 0
A172: 44963 | B172: 50 | C172: 40 | F172: =SUM(B172:E172) -> 90 | G172: =B172 -> 50 | H172: =5*C172 -> 200 | I172: =9*D172 -> 0 | J172: =16*E172 -> 0 | K172: =SUM(G172:J172) -> 250 | L172: =G172*Return!B172*100 -> 1.5 | M172: =H172*Return!C172*100 -> 48 | N172: =I172*Return!D172*100 -> 0 | O172: =J172*Return!E172*100 -> 0 | P172: =SUM(L172:O172) -> 49.5 | Q172: =SUM($P$148:P172) -> 285.3 | R172: =B172*中国_中债国债到期收益率_1年!B171/365*100 -> 29.457534 | S172: =C172*中国_中债国债到期收益率_1年!C171/365*100 -> 29.502466 | T172: =D172*中国_中债国债到期收益率_1年!D171/365*100 -> 0 | U172: =E172*中国_中债国债到期收益率_1年!E171/365*100 -> 0 | V172: =SUM(R172:U172) -> 58.96 | W172: =SUM($V$148:V172) -> 798.68301 | X172: =MAX(F172-50,0)*中国_中债国债到期收益率_1年!H172*100/365 -> 22.246575 | Y172: =SUM($X$148:X172) -> 76.767123 | Z172: -20 | AB172: =Z172*Return!F176*100 -> -9.2 | AC172: =AA172*Return!G176*100 -> 0 | AD172: =SUM($AB$148:AB172)+SUM($AC$148:AC172) -> 586.6 | AE172: =Q172+W172+AD172-Y172 -> 1593.8159 | AF172: =AE172/$AI$1+1 -> 1.0031876 | AG172: =(AF172/AF171-1)-中国_中债国债到期收益率_1年!H172%/252 -> 7.300545e-05 | AH172: =MIN((AF172-MAX($AF$151:AF172))/MAX($AF$151:AF172),0) -> 0
A173: 44964 | B173: 50 | C173: 40 | F173: =SUM(B173:E173) -> 90 | G173: =B173 -> 50 | H173: =5*C173 -> 200 | I173: =9*D173 -> 0 | J173: =16*E173 -> 0 | K173: =SUM(G173:J173) -> 250 | L173: =G173*Return!B173*100 -> -38.5 | M173: =H173*Return!C173*100 -> -266 | N173: =I173*Return!D173*100 -> 0 | O173: =J173*Return!E173*100 -> 0 | P173: =SUM(L173:O173) -> -304.5 | Q173: =SUM($P$148:P173) -> -19.2 | R173: =B173*中国_中债国债到期收益率_1年!B172/365*100 -> 29.563014 | S173: =C173*中国_中债国债到期收益率_1年!C172/365*100 -> 29.648219 | T173: =D173*中国_中债国债到期收益率_1年!D172/365*100 -> 0 | U173: =E173*中国_中债国债到期收益率_1年!E172/365*100 -> 0 | V173: =SUM(R173:U173) -> 59.211233 | W173: =SUM($V$148:V173) -> 857.89425 | X173: =MAX(F173-50,0)*中国_中债国债到期收益率_1年!H173*100/365 -> 25.205479 | Y173: =SUM($X$148:X173) -> 101.9726 | Z173: -20 | AB173: =Z173*Return!F177*100 -> -28.6 | AC173: =AA173*Return!G177*100 -> 0 | AD173: =SUM($AB$148:AB173)+SUM($AC$148:AC173) -> 558 | AE173: =Q173+W173+AD173-Y173 -> 1294.7216 | AF173: =AE173/$AI$1+1 -> 1.0025894 | AG173: =(AF173/AF172-1)-中国_中债国债到期收益率_1年!H173%/252 -> -0.00068755759 | AH173: =MIN((AF173-MAX($AF$151:AF173))/MAX($AF$151:AF173),0) -> -0.00059628775
A174: 44965 | B174: 50 | C174: 40 | F174: =SUM(B174:E174) -> 90 | G174: =B174 -> 50 | H174: =5*C174 -> 200 | I174: =9*D174 -> 0 | J174: =16*E174 -> 0 | K174: =SUM(G174:J174) -> 250 | L174: =G174*Return!B174*100 -> -24.5 | M174: =H174*Return!C174*100 -> 142 | N174: =I174*Return!D174*100 -> 0 | O174: =J174*Return!E174*100 -> 0 | P174: =SUM(L174:O174) -> 117.5 | Q174: =SUM($P$148:P174) -> 98.3 | R174: =B174*中国_中债国债到期收益率_1年!B173/365*100 -> 29.630137 | S174: =C174*中国_中债国债到期收益率_1年!C173/365*100 -> 29.570411 | T174: =D174*中国_中债国债到期收益率_1年!D173/365*100 -> 0 | U174: =E174*中国_中债国债到期收益率_1年!E173/365*100 -> 0 | V174: =SUM(R174:U174) -> 59.200548 | W174: =SUM($V$148:V174) -> 917.09479 | X174: =MAX(F174-50,0)*中国_中债国债到期收益率_1年!H174*100/365 -> 26.849315 | Y174: =SUM($X$148:X174) -> 128.82192 | Z174: -20 | AB174: =Z174*Return!F178*100 -> -6.8 | AC174: =AA174*Return!G178*100 -> 0 | AD174: =SUM($AB$148:AB174)+SUM($AC$148:AC174) -> 551.2 | AE174: =Q174+W174+AD174-Y174 -> 1437.7729 | AF174: =AE174/$AI$1+1 -> 1.0028755 | AG174: =(AF174/AF173-1)-中国_中债国债到期收益率_1年!H174%/252 -> 0.00018814131 | AH174: =MIN((AF174-MAX($AF$151:AF174))/MAX($AF$151:AF174),0) -> -0.00031109437
A175: 44966 | B175: 50 | C175: 40 | F175: =SUM(B175:E175) -> 90 | G175: =B175 -> 50 | H175: =5*C175 -> 200 | I175: =9*D175 -> 0 | J175: =16*E175 -> 0 | K175: =SUM(G175:J175) -> 250 | L175: =G175*Return!B175*100 -> 6.5 | M175: =H175*Return!C175*100 -> -94 | N175: =I175*Return!D175*100 -> 0 | O175: =J175*Return!E175*100 -> 0 | P175: =SUM(L175:O175) -> -87.5 | Q175: =SUM($P$148:P175) -> 10.8 | R175: =B175*中国_中债国债到期收益率_1年!B174/365*100 -> 29.612329 | S175: =C175*中国_中债国债到期收益率_1年!C174/365*100 -> 29.621918 | T175: =D175*中国_中债国债到期收益率_1年!D174/365*100 -> 0 | U175: =E175*中国_中债国债到期收益率_1年!E174/365*100 -> 0 | V175: =SUM(R175:U175) -> 59.234247 | W175: =SUM($V$148:V175) -> 976.32904 | X175: =MAX(F175-50,0)*中国_中债国债到期收益率_1年!H175*100/365 -> 26.30137 | Y175: =SUM($X$148:X175) -> 155.12329 | Z175: -20 | AB175: =Z175*Return!F179*100 -> 24.8 | AC175: =AA175*Return!G179*100 -> 0 | AD175: =SUM($AB$148:AB175)+SUM($AC$148:AC175) -> 576 | AE175: =Q175+W175+AD175-Y175 -> 1408.0058 | AF175: =AE175/$AI$1+1 -> 1.002816 | AG175: =(AF175/AF174-1)-中国_中债国债到期收益率_1年!H175%/252 -> -0.00015460164 | AH175: =MIN((AF175-MAX($AF$151:AF175))/MAX($AF$151:AF175),0) -> -0.00037043945
A176: 44967 | B176: 50 | C176: 40 | F176: =SUM(B176:E176) -> 90 | G176: =B176 -> 50 | H176: =5*C176 -> 200 | I176: =9*D176 -> 0 | J176: =16*E176 -> 0 | K176: =SUM(G176:J176) -> 250 | L176: =G176*Return!B176*100 -> -28 | M176: =H176*Return!C176*100 -> 142 | N176: =I176*Return!D176*100 -> 0 | O176: =J176*Return!E176*100 -> 0 | P176: =SUM(L176:O176) -> 114 | Q176: =SUM($P$148:P176) -> 124.8 | R176: =B176*中国_中债国债到期收益率_1年!B175/365*100 -> 29.689041 | S176: =C176*中国_中债国债到期收益率_1年!C175/365*100 -> 29.54411 | T176: =D176*中国_中债国债到期收益率_1年!D175/365*100 -> 0 | U176: =E176*中国_中债国债到期收益率_1年!E175/365*100 -> 0 | V176: =SUM(R176:U176) -> 59.233151 | W176: =SUM($V$148:V176) -> 1035.5622 | X176: =MAX(F176-50,0)*中国_中债国债到期收益率_1年!H176*100/365 -> 22.794521 | Y176: =SUM($X$148:X176) -> 177.91781 | Z176: -20 | AB176: =Z176*Return!F180*100 -> 37.2 | AC176: =AA176*Return!G180*100 -> 0 | AD176: =SUM($AB$148:AB176)+SUM($AC$148:AC176) -> 613.2 | AE176: =Q176+W176+AD176-Y176 -> 1595.6444 | AF176: =AE176/$AI$1+1 -> 1.0031913 | AG176: =(AF176/AF175-1)-中国_中债国债到期收益率_1年!H176%/252 -> 0.00029168376 | AH176: =MIN((AF176-MAX($AF$151:AF176))/MAX($AF$151:AF176),0) -> 0
A177: 44970 | B177: 50 | C177: 40 | F177: =SUM(B177:E177) -> 90 | G177: =B177 -> 50 | H177: =5*C177 -> 200 | I177: =9*D177 -> 0 | J177: =16*E177 -> 0 | K177: =SUM(G177:J177) -> 250 | L177: =G177*Return!B177*100 -> -4.5 | M177: =H177*Return!C177*100 -> -4 | N177: =I177*Return!D177*100 -> 0 | O177: =J177*Return!E177*100 -> 0 | P177: =SUM(L177:O177) -> -8.5 | Q177: =SUM($P$148:P177) -> 116.3 | R177: =B177*中国_中债国债到期收益率_1年!B176/365*100 -> 29.70137 | S177: =C177*中国_中债国债到期收益率_1年!C176/365*100 -> 29.546301 | T177: =D177*中国_中债国债到期收益率_1年!D176/365*100 -> 0 | U177: =E177*中国_中债国债到期收益率_1年!E176/365*100 -> 0 | V177: =SUM(R177:U177) -> 59.247671 | W177: =SUM($V$148:V177) -> 1094.8099 | X177: =MAX(F177-50,0)*中国_中债国债到期收益率_1年!H177*100/365 -> 21.917808 | Y177: =SUM($X$148:X177) -> 199.83562 | Z177: -20 | AB177: =Z177*Return!F181*100 -> 16.8 | AC177: =AA177*Return!G181*100 -> 0 | AD177: =SUM($AB$148:AB177)+SUM($AC$148:AC177) -> 630 | AE177: =Q177+W177+AD177-Y177 -> 1641.2742 | AF177: =AE177/$AI$1+1 -> 1.0032825 | AG177: =(AF177/AF176-1)-中国_中债国债到期收益率_1年!H177%/252 -> 1.1604337e-05 | AH177: =MIN((AF177-MAX($AF$151:AF177))/MAX($AF$151:AF177),0) -> 0
A178: 44971 | B178: 50 | C178: 40 | F178: =SUM(B178:E178) -> 90 | G178: =B178 -> 50 | H178: =5*C178 -> 200 | I178: =9*D178 -> 0 | J178: =16*E178 -> 0 | K178: =SUM(G178:J178) -> 250 | L178: =G178*Return!B178*100 -> -26 | M178: =H178*Return!C178*100 -> -12 | N178: =I178*Return!D178*100 -> 0 | O178: =J178*Return!E178*100 -> 0 | P178: =SUM(L178:O178) -> -38 | Q178: =SUM($P$148:P178) -> 78.3 | R178: =B178*中国_中债国债到期收益率_1年!B177/365*100 -> 29.772603 | S178: =C178*中国_中债国债到期收益率_1年!C177/365*100 -> 29.552877 | T178: =D178*中国_中债国债到期收益率_1年!D177/365*100 -> 0 | U178: =E178*中国_中债国债到期收益率_1年!E177/365*100 -> 0 | V178: =SUM(R178:U178) -> 59.325479 | W178: =SUM($V$148:V178) -> 1154.1353 | X178: =MAX(F178-50,0)*中国_中债国债到期收益率_1年!H178*100/365 -> 23.342466 | Y178: =SUM($X$148:X178) -> 223.17808 | Z178: -20 | AB178: =Z178*Return!F182*100 -> 5.4 | AC178: =AA178*Return!G182*100 -> 0 | AD178: =SUM($AB$148:AB178)+SUM($AC$148:AC178) -> 635.4 | AE178: =Q178+W178+AD178-Y178 -> 1644.6573 | AF178: =AE178/$AI$1+1 -> 1.0032893 | AG178: =(AF178/AF177-1)-中国_中债国债到期收益率_1年!H178%/252 -> -7.7779919e-05 | AH178: =MIN((AF178-MAX($AF$151:AF178))/MAX($AF$151:AF178),0) -> 0
A179: 44972 | B179: 50 | C179: 40 | F179: =SUM(B179:E179) -> 90 | G179: =B179 -> 50 | H179: =5*C179 -> 200 | I179: =9*D179 -> 0 | J179: =16*E179 -> 0 | K179: =SUM(G179:J179) -> 250 | L179: =G179*Return!B179*100 -> -23.5 | M179: =H179*Return!C179*100 -> 34 | N179: =I179*Return!D179*100 -> 0 | O179: =J179*Return!E179*100 -> 0 | P179: =SUM(L179:O179) -> 10.5 | Q179: =SUM($P$148:P179) -> 88.8 | R179: =B179*中国_中债国债到期收益率_1年!B178/365*100 -> 29.836986 | S179: =C179*中国_中债国债到期收益率_1年!C178/365*100 -> 29.534247 | T179: =D179*中国_中债国债到期收益率_1年!D178/365*100 -> 0 | U179: =E179*中国_中债国债到期收益率_1年!E178/365*100 -> 0 | V179: =SUM(R179:U179) -> 59.371233 | W179: =SUM($V$148:V179) -> 1213.5066 | X179: =MAX(F179-50,0)*中国_中债国债到期收益率_1年!H179*100/365 -> 23.013699 | Y179: =SUM($X$148:X179) -> 246.19178 | Z179: -20 | AB179: =Z179*Return!F183*100 -> 39.6 | AC179: =AA179*Return!G183*100 -> 0 | AD179: =SUM($AB$148:AB179)+SUM($AC$148:AC179) -> 675 | AE179: =Q179+W179+AD179-Y179 -> 1731.1148 | AF179: =AE179/$AI$1+1 -> 1.0034622 | AG179: =(AF179/AF178-1)-中国_中债国债到期收益率_1年!H179%/252 -> 8.9014828e-05 | AH179: =MIN((AF179-MAX($AF$151:AF179))/MAX($AF$151:AF179),0) -> 0
A180: 44973 | B180: 50 | C180: 40 | F180: =SUM(B180:E180) -> 90 | G180: =B180 -> 50 | H180: =5*C180 -> 200 | I180: =9*D180 -> 0 | J180: =16*E180 -> 0 | K180: =SUM(G180:J180) -> 250 | L180: =G180*Return!B180*100 -> -5.5 | M180: =H180*Return!C180*100 -> 10 | N180: =I180*Return!D180*100 -> 0 | O180: =J180*Return!E180*100 -> 0 | P180: =SUM(L180:O180) -> 4.5 | Q180: =SUM($P$148:P180) -> 93.3 | R180: =B180*中国_中债国债到期收益率_1年!B179/365*100 -> 29.852055 | S180: =C180*中国_中债国债到期收益率_1年!C179/365*100 -> 29.528767 | T180: =D180*中国_中债国债到期收益率_1年!D179/365*100 -> 0 | U180: =E180*中国_中债国债到期收益率_1年!E179/365*100 -> 0 | V180: =SUM(R180:U180) -> 59.380822 | W180: =SUM($V$148:V180) -> 1272.8874 | X180: =MAX(F180-50,0)*中国_中债国债到期收益率_1年!H180*100/365 -> 23.342466 | Y180: =SUM($X$148:X180) -> 269.53425 | Z180: -20 | AB180: =Z180*Return!F184*100 -> 47.4 | AC180: =AA180*Return!G184*100 -> 0 | AD180: =SUM($AB$148:AB180)+SUM($AC$148:AC180) -> 722.4 | AE180: =Q180+W180+AD180-Y180 -> 1819.0532 | AF180: =AE180/$AI$1+1 -> 1.0036381 | AG180: =(AF180/AF179-1)-中国_中债国债到期收益率_1年!H180%/252 -> 9.0746078e-05 | AH180: =MIN((AF180-MAX($AF$151:AF180))/MAX($AF$151:AF180),0) -> 0
A181: 44974 | B181: 50 | C181: 40 | F181: =SUM(B181:E181) -> 90 | G181: =B181 -> 50 | H181: =5*C181 -> 200 | I181: =9*D181 -> 0 | J181: =16*E181 -> 0 | K181: =SUM(G181:J181) -> 250 | L181: =G181*Return!B181*100 -> -62 | M181: =H181*Return!C181*100 -> 48 | N181: =I181*Return!D181*100 -> 0 | O181: =J181*Return!E181*100 -> 0 | P181: =SUM(L181:O181) -> -14 | Q181: =SUM($P$148:P181) -> 79.3 | R181: =B181*中国_中债国债到期收益率_1年!B180/365*100 -> 30.021918 | S181: =C181*中国_中债国债到期收益率_1年!C180/365*100 -> 29.502466 | T181: =D181*中国_中债国债到期收益率_1年!D180/365*100 -> 0 | U181: =E181*中国_中债国债到期收益率_1年!E180/365*100 -> 0 | V181: =SUM(R181:U181) -> 59.524384 | W181: =SUM($V$148:V181) -> 1332.4118 | X181: =MAX(F181-50,0)*中国_中债国债到期收益率_1年!H181*100/365 -> 27.39726 | Y181: =SUM($X$148:X181) -> 296.93151 | Z181: -20 | AB181: =Z181*Return!F185*100 -> 26 | AC181: =AA181*Return!G185*100 -> 0 | AD181: =SUM($AB$148:AB181)+SUM($AC$148:AC181) -> 748.4 | AE181: =Q181+W181+AD181-Y181 -> 1863.1803 | AF181: =AE181/$AI$1+1 -> 1.0037264 | AG181: =(AF181/AF180-1)-中国_中债国债到期收益率_1年!H181%/252 -> -1.1272017e-05 | AH181: =MIN((AF181-MAX($AF$151:AF181))/MAX($AF$151:AF181),0) -> 0
... A207: 45012 | B207: 50 | C207: 30 | F207: =SUM(B207:E207) -> 80 | G207: =B207 -> 50 | H207: =5*C207 -> 150 | I207: =9*D207 -> 0 | J207: =16*E207 -> 0 | K207: =SUM(G207:J207) -> 200 | L207: =G207*Return!B207*100 -> -125 | M207: =H207*Return!C207*100 -> -189 | N207: =I207*Return!D207*100 -> 0 | O207: =J207*Return!E207*100 -> 0 | P207: =SUM(L207:O207) -> -314 | Q207: =SUM($P$148:P207) -> -667.7 | R207: =B207*中国_中债国债到期收益率_1年!B206/365*100 -> 31.408219 | S207: =C207*中国_中债国债到期收益率_1年!C206/365*100 -> 22.246027 | T207: =D207*中国_中债国债到期收益率_1年!D206/365*100 -> 0 | U207: =E207*中国_中债国债到期收益率_1年!E206/365*100 -> 0 | V207: =SUM(R207:U207) -> 53.654247 | W207: =SUM($V$148:V207) -> 2855.9674 | X207: =MAX(F207-50,0)*中国_中债国债到期收益率_1年!H207*100/365 -> 23.424658 | Y207: =SUM($X$148:X207) -> 898.11726 | Z207: 30 | AB207: =Z207*Return!F211*100 -> 25.2 | AC207: =AA207*Return!G211*100 -> 0 | AD207: =SUM($AB$148:AB207)+SUM($AC$148:AC207) -> 986.1 | AE207: =Q207+W207+AD207-Y207 -> 2276.2501 | AF207: =AE207/$AI$1+1 -> 1.0045525 | AG207: =(AF207/AF206-1)-中国_中债国债到期收益率_1年!H207%/252 -> -0.00062762757 | AH207: =MIN((AF207-MAX($AF$151:AF207))/MAX($AF$151:AF207),0) -> -0.00166999
A208: 45013 | B208: 50 | C208: 30 | D208: 10 | E208: 5 | F208: =SUM(B208:E208) -> 95 | G208: =B208 -> 50 | H208: =5*C208 -> 150 | I208: =9*D208 -> 90 | J208: =16*E208 -> 80 | K208: =SUM(G208:J208) -> 370 | L208: =G208*Return!B208*100 -> 100 | M208: =H208*Return!C208*100 -> 216 | N208: =I208*Return!D208*100 -> 112.5 | O208: =J208*Return!E208*100 -> 80 | P208: =SUM(L208:O208) -> 508.5 | Q208: =SUM($P$148:P208) -> -159.2 | R208: =B208*中国_中债国债到期收益率_1年!B207/365*100 -> 31.134247 | S208: =C208*中国_中债国债到期收益率_1年!C207/365*100 -> 22.127671 | T208: =D208*中国_中债国债到期收益率_1年!D207/365*100 -> 7.8221918 | U208: =E208*中国_中债国债到期收益率_1年!E207/365*100 -> 4.4272603 | V208: =SUM(R208:U208) -> 65.51137 | W208: =SUM($V$148:V208) -> 2921.4788 | X208: =MAX(F208-50,0)*中国_中债国债到期收益率_1年!H208*100/365 -> 44.383562 | Y208: =SUM($X$148:X208) -> 942.50082 | Z208: 30 | AB208: =Z208*Return!F212*100 -> 32.4 | AC208: =AA208*Return!G212*100 -> 0 | AD208: =SUM($AB$148:AB208)+SUM($AC$148:AC208) -> 1018.5 | AE208: =Q208+W208+AD208-Y208 -> 2838.2779 | AF208: =AE208/$AI$1+1 -> 1.0056766 | AG208: =(AF208/AF207-1)-中国_中债国债到期收益率_1年!H208%/252 -> 0.0009761044 | AH208: =MIN((AF208-MAX($AF$151:AF208))/MAX($AF$151:AF208),0) -> -0.00055289714
A209: 45014 | B209: 50 | C209: 30 | D209: 10 | E209: 5 | F209: =SUM(B209:E209) -> 95 | G209: =B209 -> 50 | H209: =5*C209 -> 150 | I209: =9*D209 -> 90 | J209: =16*E209 -> 80 | K209: =SUM(G209:J209) -> 370 | L209: =G209*Return!B209*100 -> -25 | M209: =H209*Return!C209*100 -> -121.5 | N209: =I209*Return!D209*100 -> -4.5 | O209: =J209*Return!E209*100 -> 0 | P209: =SUM(L209:O209) -> -151 | Q209: =SUM($P$148:P209) -> -310.2 | R209: =B209*中国_中债国债到期收益率_1年!B208/365*100 -> 31.20274 | S209: =C209*中国_中债国债到期收益率_1年!C208/365*100 -> 22.194247 | T209: =D209*中国_中债国债到期收益率_1年!D208/365*100 -> 7.8235616 | U209: =E209*中国_中债国债到期收益率_1年!E208/365*100 -> 4.4272603 | V209: =SUM(R209:U209) -> 65.647808 | W209: =SUM($V$148:V209) -> 2987.1266 | X209: =MAX(F209-50,0)*中国_中债国债到期收益率_1年!H209*100/365 -> 43.027397 | Y209: =SUM($X$148:X209) -> 985.52822 | Z209: 30 | AB209: =Z209*Return!F213*100 -> 39.9 | AC209: =AA209*Return!G213*100 -> 0 | AD209: =SUM($AB$148:AB209)+SUM($AC$148:AC209) -> 1058.4 | AE209: =Q209+W209+AD209-Y209 -> 2749.7984 | AF209: =AE209/$AI$1+1 -> 1.0054996 | AG209: =(AF209/AF208-1)-中国_中债国债到期收益率_1年!H209%/252 -> -0.00031445239 | AH209: =MIN((AF209-MAX($AF$151:AF209))/MAX($AF$151:AF209),0) -> -0.00072876018
A210: 45015 | B210: 50 | C210: 30 | D210: 10 | E210: 5 | F210: =SUM(B210:E210) -> 95 | G210: =B210 -> 50 | H210: =5*C210 -> 150 | I210: =9*D210 -> 90 | J210: =16*E210 -> 80 | K210: =SUM(G210:J210) -> 370 | L210: =G210*Return!B210*100 -> 12.5 | M210: =H210*Return!C210*100 -> 73.5 | N210: =I210*Return!D210*100 -> 21.6 | O210: =J210*Return!E210*100 -> 26.4 | P210: =SUM(L210:O210) -> 134 | Q210: =SUM($P$148:P210) -> -176.2 | R210: =B210*中国_中债国债到期收益率_1年!B209/365*100 -> 31.168493 | S210: =C210*中国_中债国债到期收益率_1年!C209/365*100 -> 22.153973 | T210: =D210*中国_中债国债到期收益率_1年!D209/365*100 -> 7.8169863 | U210: =E210*中国_中债国债到期收益率_1年!E209/365*100 -> 4.4227397 | V210: =SUM(R210:U210) -> 65.562192 | W210: =SUM($V$148:V210) -> 3052.6888 | X210: =MAX(F210-50,0)*中国_中债国债到期收益率_1年!H210*100/365 -> 38.219178 | Y210: =SUM($X$148:X210) -> 1023.7474 | Z210: 30 | AB210: =Z210*Return!F214*100 -> -43.8 | AC210: =AA210*Return!G214*100 -> 0 | AD210: =SUM($AB$148:AB210)+SUM($AC$148:AC210) -> 1014.6 | AE210: =Q210+W210+AD210-Y210 -> 2867.3414 | AF210: =AE210/$AI$1+1 -> 1.0057347 | AG210: =(AF210/AF209-1)-中国_中债国债到期收益率_1年!H210%/252 -> 0.00011078435 | AH210: =MIN((AF210-MAX($AF$151:AF210))/MAX($AF$151:AF210),0) -> -0.00049513034
A211: 45016 | B211: 50 | C211: 30 | D211: 10 | E211: 5 | F211: =SUM(B211:E211) -> 95 | G211: =B211 -> 50 | H211: =5*C211 -> 150 | I211: =9*D211 -> 90 | J211: =16*E211 -> 80 | K211: =SUM(G211:J211) -> 370 | L211: =G211*Return!B211*100 -> 12.5 | M211: =H211*Return!C211*100 -> -79.5 | N211: =I211*Return!D211*100 -> -63.9 | O211: =J211*Return!E211*100 -> -7.2 | P211: =SUM(L211:O211) -> -138.1 | Q211: =SUM($P$148:P211) -> -314.3 | R211: =B211*中国_中债国债到期收益率_1年!B210/365*100 -> 31.134247 | S211: =C211*中国_中债国债到期收益率_1年!C210/365*100 -> 22.197534 | T211: =D211*中国_中债国债到期收益率_1年!D210/365*100 -> 7.8364384 | U211: =E211*中国_中债国债到期收益率_1年!E210/365*100 -> 4.4239726 | V211: =SUM(R211:U211) -> 65.592192 | W211: =SUM($V$148:V211) -> 3118.281 | X211: =MAX(F211-50,0)*中国_中债国债到期收益率_1年!H211*100/365 -> 33.287671 | Y211: =SUM($X$148:X211) -> 1057.0351 | Z211: 30 | AB211: =Z211*Return!F215*100 -> -95.1 | AC211: =AA211*Return!G215*100 -> 0 | AD211: =SUM($AB$148:AB211)+SUM($AC$148:AC211) -> 919.5 | AE211: =Q211+W211+AD211-Y211 -> 2666.4459 | AF211: =AE211/$AI$1+1 -> 1.0053329 | AG211: =(AF211/AF210-1)-中国_中债国债到期收益率_1年!H211%/252 -> -0.00050664281 | AH211: =MIN((AF211-MAX($AF$151:AF211))/MAX($AF$151:AF211),0) -> -0.00089443249
A212: 45019 | B212: 50 | C212: 30 | D212: 10 | E212: 5 | F212: =SUM(B212:E212) -> 95 | G212: =B212 -> 50 | H212: =5*C212 -> 150 | I212: =9*D212 -> 90 | J212: =16*E212 -> 80 | K212: =SUM(G212:J212) -> 370 | L212: =G212*Return!B212*100 -> 200 | M212: =H212*Return!C212*100 -> 255 | N212: =I212*Return!D212*100 -> 67.5 | O212: =J212*Return!E212*100 -> -29.6 | P212: =SUM(L212:O212) -> 492.9 | Q212: =SUM($P$148:P212) -> 178.6 | R212: =B212*中国_中债国债到期收益率_1年!B211/365*100 -> 30.586301 | S212: =C212*中国_中债国债到期收益率_1年!C211/365*100 -> 22.057808 | T212: =D212*中国_中债国债到期收益率_1年!D211/365*100 -> 7.8158904 | U212: =E212*中国_中债国债到期收益率_1年!E211/365*100 -> 4.4290411 | V212: =SUM(R212:U212) -> 64.889041 | W212: =SUM($V$148:V212) -> 3183.17 | X212: =MAX(F212-50,0)*中国_中债国债到期收益率_1年!H212*100/365 -> 24.90411 | Y212: =SUM($X$148:X212) -> 1081.9392 | Z212: 40 | AB212: =Z212*Return!F216*100 -> -20.4 | AC212: =AA212*Return!G216*100 -> 0 | AD212: =SUM($AB$148:AB212)+SUM($AC$148:AC212) -> 899.1 | AE212: =Q212+W212+AD212-Y212 -> 3178.9308 | AF212: =AE212/$AI$1+1 -> 1.0063579 | AG212: =(AF212/AF211-1)-中国_中债国债到期收益率_1年!H212%/252 -> 0.00093937407 | AH212: =MIN((AF212-MAX($AF$151:AF212))/MAX($AF$151:AF212),0) -> 0
A213: 45020 | B213: 50 | C213: 30 | D213: 10 | E213: 5 | F213: =SUM(B213:E213) -> 95 | G213: =B213 -> 50 | H213: =5*C213 -> 150 | I213: =9*D213 -> 90 | J213: =16*E213 -> 80 | K213: =SUM(G213:J213) -> 370 | L213: =G213*Return!B213*100 -> 0 | M213: =H213*Return!C213*100 -> -168 | N213: =I213*Return!D213*100 -> -68.4 | O213: =J213*Return!E213*100 -> -60 | P213: =SUM(L213:O213) -> -296.4 | Q213: =SUM($P$148:P213) -> -117.8 | R213: =B213*中国_中债国债到期收益率_1年!B212/365*100 -> 30.586301 | S213: =C213*中国_中债国债到期收益率_1年!C212/365*100 -> 22.149863 | T213: =D213*中国_中债国债到期收益率_1年!D212/365*100 -> 7.8367123 | U213: =E213*中国_中债国债到期收益率_1年!E212/365*100 -> 4.4393151 | V213: =SUM(R213:U213) -> 65.012192 | W213: =SUM($V$148:V213) -> 3248.1822 | X213: =MAX(F213-50,0)*中国_中债国债到期收益率_1年!H213*100/365 -> 24.657534 | Y213: =SUM($X$148:X213) -> 1106.5967 | Z213: 40 | AB213: =Z213*Return!F217*100 -> 20.8 | AC213: =AA213*Return!G217*100 -> 0 | AD213: =SUM($AB$148:AB213)+SUM($AC$148:AC213) -> 919.9 | AE213: =Q213+W213+AD213-Y213 -> 2943.6855 | AF213: =AE213/$AI$1+1 -> 1.0058874 | AG213: =(AF213/AF212-1)-中国_中债国债到期收益率_1年!H213%/252 -> -0.00054688335 | AH213: =MIN((AF213-MAX($AF$151:AF213))/MAX($AF$151:AF213),0) -> -0.00046751827
A214: 45022 | B214: 50 | C214: 30 | D214: 10 | E214: 5 | F214: =SUM(B214:E214) -> 95 | G214: =B214 -> 50 | H214: =5*C214 -> 150 | I214: =9*D214 -> 90 | J214: =16*E214 -> 80 | K214: =SUM(G214:J214) -> 370 | L214: =G214*Return!B214*100 -> 12.5 | M214: =H214*Return!C214*100 -> -45 | N214: =I214*Return!D214*100 -> 18 | O214: =J214*Return!E214*100 -> -11.2 | P214: =SUM(L214:O214) -> -25.7 | Q214: =SUM($P$148:P214) -> -143.5 | R214: =B214*中国_中债国债到期收益率_1年!B213/365*100 -> 30.552055 | S214: =C214*中国_中债国债到期收益率_1年!C213/365*100 -> 22.174521 | T214: =D214*中国_中债国债到期收益率_1年!D213/365*100 -> 7.8312329 | U214: =E214*中国_中债国债到期收益率_1年!E213/365*100 -> 4.4412329 | V214: =SUM(R214:U214) -> 64.999041 | W214: =SUM($V$148:V214) -> 3313.1812 | X214: =MAX(F214-50,0)*中国_中债国债到期收益率_1年!H214*100/365 -> 26.506849 | Y214: =SUM($X$148:X214) -> 1133.1036 | Z214: 40 | AB214: =Z214*Return!F218*100 -> 30.4 | AC214: =AA214*Return!G218*100 -> 0 | AD214: =SUM($AB$148:AB214)+SUM($AC$148:AC214) -> 950.3 | AE214: =Q214+W214+AD214-Y214 -> 2986.8777 | AF214: =AE214/$AI$1+1 -> 1.0059738 | AG214: =(AF214/AF213-1)-中国_中债国债到期收益率_1年!H214%/252 -> 5.6132299e-07 | AH214: =MIN((AF214-MAX($AF$151:AF214))/MAX($AF$151:AF214),0) -> -0.00038167964
...

Sheet Charts
A37: =DATE(2024,1,1) -> 45292
A38: size | B38: 50
A39: total | B39: =PnL!AE620 -> 37812.968
A40: return | B40: =B39/B38/10000*365/(PnL!A622-A37) -> 0.085195884
A41: dev | B41: =STDEV.P(PnL!AG401:PnL!AG622)*SQRT(252) -> 0.022677039 | C41: 1.8
A42: rfr | B42: =AVERAGE(中国_中债国债到期收益率_1年!H401:中国_中债国债到期收益率_1年!H622)/100 -> 0.019693937
A43: sr | B43: =(B40-B42)/B41 -> 2.88847 | C43: 3.55
A44: MDD | B44: =MIN(PnL!AH401:PnL!AH622) -> -0.0076145661 | C44: 0.82
